[
  {
    "model": "environments.executableswitch",
    "pk": "b21a852d-09b1-48a3-93f5-c8a9729f35fc",
    "fields": {
      "created": "2026-01-21T00:00:00Z",
      "modified": "2026-01-21T00:00:00Z",
      "name": "Unreal Unattended",
      "flag": "-unattended",
      "value": ""
    }
  },
  {
    "model": "environments.executableswitch",
    "pk": "9780c6a0-d422-49cb-8fac-7db2aaadcee7",
    "fields": {
      "created": "2026-01-21T00:00:00Z",
      "modified": "2026-01-21T19:48:43.200Z",
      "name": "No Pause",
      "flag": "-nopause",
      "value": ""
    }
  },
  {
    "model": "environments.executableswitch",
    "pk": "d92769b7-74bd-457a-a2bf-a8e8e0f2ea6f",
    "fields": {
      "created": "2026-01-21T00:00:00Z",
      "modified": "2026-01-21T00:00:00Z",
      "name": "Unreal Null RHI",
      "flag": "-nullrhi",
      "value": ""
    }
  },
  {
    "model": "environments.executableswitch",
    "pk": "d6a84427-86ea-4af9-a123-767af942ddce",
    "fields": {
      "created": "2026-01-21T00:00:00Z",
      "modified": "2026-01-21T00:00:00Z",
      "name": "Unreal UTF8 Output",
      "flag": "-utf8output",
      "value": ""
    }
  },
  {
    "model": "environments.executableswitch",
    "pk": "f1d2e3b6-4a05-4d80-88b3-c882c64ab5e7",
    "fields": {
      "created": "2026-01-21T00:00:00Z",
      "modified": "2026-01-21T00:00:00Z",
      "name": "Unreal StdOut",
      "flag": "-stdout",
      "value": ""
    }
  },
  {
    "model": "environments.executableswitch",
    "pk": "1e5921f7-02cd-4b44-9c5d-d27f384da45d",
    "fields": {
      "created": "2026-01-21T00:00:00Z",
      "modified": "2026-01-21T00:00:00Z",
      "name": "Unreal Full Standard Log",
      "flag": "-fullstdlog",
      "value": ""
    }
  },
  {
    "model": "environments.executableswitch",
    "pk": "6069b8ad-dccf-4a35-a2eb-28293cb8c087",
    "fields": {
      "created": "2026-01-21T00:00:00Z",
      "modified": "2026-01-21T00:00:00Z",
      "name": "Unreal Warnings as Errors",
      "flag": "-warningsaserrors",
      "value": ""
    }
  },
  {
    "model": "environments.executableswitch",
    "pk": "39edd10a-b0e0-4494-ac80-0dce7655d541",
    "fields": {
      "created": "2026-01-21T00:00:00Z",
      "modified": "2026-01-21T19:42:37.923Z",
      "name": "Build",
      "flag": "-build",
      "value": ""
    }
  },
  {
    "model": "environments.executableswitch",
    "pk": "d94c97f9-3433-45fb-95ef-0b51193e9354",
    "fields": {
      "created": "2026-01-21T00:00:00Z",
      "modified": "2026-01-21T19:42:54.880Z",
      "name": "Cook",
      "flag": "-cook",
      "value": ""
    }
  },
  {
    "model": "environments.executableswitch",
    "pk": "d75afe48-e08f-4b19-8bde-cca532f08cef",
    "fields": {
      "created": "2026-01-21T00:00:00Z",
      "modified": "2026-01-21T00:00:00Z",
      "name": "UAT Stage",
      "flag": "-stage",
      "value": ""
    }
  },
  {
    "model": "environments.executableswitch",
    "pk": "7352181d-01d8-41df-9d8b-9dba1e8238fa",
    "fields": {
      "created": "2026-01-21T00:00:00Z",
      "modified": "2026-01-21T00:00:00Z",
      "name": "UAT Package",
      "flag": "-package",
      "value": ""
    }
  },
  {
    "model": "environments.executableswitch",
    "pk": "0573b425-eb78-4ea2-be12-8f40ef9e3dfc",
    "fields": {
      "created": "2026-01-21T00:00:00Z",
      "modified": "2026-01-21T19:42:31.346Z",
      "name": "Archive",
      "flag": "-archive",
      "value": ""
    }
  },
  {
    "model": "environments.executableswitch",
    "pk": "78a3a464-ac23-456b-9af1-cb22a34850dd",
    "fields": {
      "created": "2026-01-21T00:00:00Z",
      "modified": "2026-01-21T19:42:44.635Z",
      "name": "Clean",
      "flag": "-clean",
      "value": ""
    }
  },
  {
    "model": "environments.executableswitch",
    "pk": "dafcaff9-00c0-47a7-9401-f40d043d9d16",
    "fields": {
      "created": "2026-01-21T00:00:00Z",
      "modified": "2026-01-21T19:42:49.426Z",
      "name": "Compressed",
      "flag": "-compressed",
      "value": ""
    }
  },
  {
    "model": "environments.executableswitch",
    "pk": "9e754435-193c-4c75-a25c-b3f91acfc85c",
    "fields": {
      "created": "2026-01-21T19:36:17.120Z",
      "modified": "2026-01-21T20:04:48.757Z",
      "name": "Auto Close",
      "flag": "-AutoClose",
      "value": ""
    }
  },
  {
    "model": "environments.executableswitch",
    "pk": "b38e0e40-e2b1-455a-bb44-27e64f8dcf80",
    "fields": {
      "created": "2026-01-21T19:36:27.244Z",
      "modified": "2026-01-21T19:36:27.244Z",
      "name": "Log",
      "flag": "-log",
      "value": ""
    }
  },
  {
    "model": "environments.executableswitch",
    "pk": "42324f7a-1288-4ce1-bc76-1c99006770a9",
    "fields": {
      "created": "2026-01-21T19:36:40.196Z",
      "modified": "2026-01-21T19:36:40.196Z",
      "name": "Verbose",
      "flag": "-verbose",
      "value": ""
    }
  },
  {
    "model": "environments.executableswitch",
    "pk": "4253c8fb-dc9b-4bec-bf95-a97c187eff87",
    "fields": {
      "created": "2026-01-21T19:39:34.201Z",
      "modified": "2026-01-21T19:39:34.201Z",
      "name": "Zen Store",
      "flag": "-zenstore",
      "value": ""
    }
  },
  {
    "model": "environments.executableswitch",
    "pk": "1158a84c-a5a1-4fac-b0cb-4748d1eaa004",
    "fields": {
      "created": "2026-01-21T19:40:12.434Z",
      "modified": "2026-01-21T19:40:12.434Z",
      "name": "Unversioned Content",
      "flag": "-unversionedcookedcontent",
      "value": ""
    }
  },
  {
    "model": "environments.executableswitch",
    "pk": "ac959b8a-5d31-4d4a-8afa-9e4a1a23e05f",
    "fields": {
      "created": "2026-01-21T19:44:56.489Z",
      "modified": "2026-01-21T19:44:56.489Z",
      "name": "CMD Run Shaders",
      "flag": "-run=",
      "value": "ShaderPipelineCacheTools"
    }
  },
  {
    "model": "environments.executableswitch",
    "pk": "023710de-5227-4218-a0e6-5dfb9ade5da8",
    "fields": {
      "created": "2026-01-21T19:45:39.581Z",
      "modified": "2026-01-21T19:45:39.581Z",
      "name": "Windowed",
      "flag": "-windowed",
      "value": ""
    }
  },
  {
    "model": "environments.executableswitch",
    "pk": "69fb2e6c-ca62-4358-8459-e3d49cbd2214",
    "fields": {
      "created": "2026-01-21T19:46:03.486Z",
      "modified": "2026-01-21T19:46:03.486Z",
      "name": "ResX 720p",
      "flag": "-resX=",
      "value": "1280"
    }
  },
  {
    "model": "environments.executableswitch",
    "pk": "1e09f616-5530-4a3c-b592-baabc7e55876",
    "fields": {
      "created": "2026-01-21T19:46:21.449Z",
      "modified": "2026-01-21T19:46:21.449Z",
      "name": "Res Y 720p",
      "flag": "-resY=",
      "value": "720"
    }
  },
  {
    "model": "environments.executableswitch",
    "pk": "0dbbe95e-a968-40f7-81cc-0a57d1034f91",
    "fields": {
      "created": "2026-01-21T19:47:12.352Z",
      "modified": "2026-01-23T18:07:04.395Z",
      "name": "CMD Disable LC Var",
      "flag": "-dpcvars=",
      "value": "LiveCoding.Enable=0"
    }
  },
  {
    "model": "environments.executableswitch",
    "pk": "7b42ecbf-e14a-4885-bc70-4c35ba84e711",
    "fields": {
      "created": "2026-01-21T19:47:57.645Z",
      "modified": "2026-01-21T19:47:57.645Z",
      "name": "No Live Coding",
      "flag": "-NoLiveCoding",
      "value": ""
    }
  },
  {
    "model": "environments.executableswitch",
    "pk": "7edeb62f-e855-4883-aa1d-13b006b5b52d",
    "fields": {
      "created": "2026-01-21T19:48:21.323Z",
      "modified": "2026-01-21T19:49:03.210Z",
      "name": "Auto Start",
      "flag": "-AutoStart",
      "value": ""
    }
  },
  {
    "model": "environments.executableswitch",
    "pk": "3ca6a6ba-02c1-4875-829f-70b332b40013",
    "fields": {
      "created": "2026-01-21T19:49:38.408Z",
      "modified": "2026-01-21T19:49:38.408Z",
      "name": "Compile Shaders",
      "flag": "-CompileShaders",
      "value": ""
    }
  },
  {
    "model": "environments.executableswitch",
    "pk": "cbb86ad1-bfe5-4e9b-80ac-179f6f1f82c7",
    "fields": {
      "created": "2026-01-21T19:50:08.584Z",
      "modified": "2026-01-21T19:50:08.584Z",
      "name": "Clear PSO Cache",
      "flag": "-clearPSODriverCache",
      "value": ""
    }
  },
  {
    "model": "environments.executableswitch",
    "pk": "b7c1e5bb-6ace-4b84-b856-1561fe215507",
    "fields": {
      "created": "2026-01-21T19:50:58.267Z",
      "modified": "2026-01-21T19:50:58.267Z",
      "name": "Log PSO",
      "flag": "-logPSO",
      "value": ""
    }
  },
  {
    "model": "environments.executableswitch",
    "pk": "c56a5db4-4c0b-44f4-a1ec-b7571b48acff",
    "fields": {
      "created": "2026-01-21T19:51:38.664Z",
      "modified": "2026-01-21T19:51:38.664Z",
      "name": "No Compile Editor",
      "flag": "-nocompileeditor",
      "value": ""
    }
  },
  {
    "model": "environments.executableswitch",
    "pk": "7e306bfb-a827-4e05-afec-fa5076dd2fe6",
    "fields": {
      "created": "2026-01-21T19:52:19.264Z",
      "modified": "2026-01-21T19:52:49.344Z",
      "name": "Server Config Development",
      "flag": "-serverconfig=",
      "value": "Development"
    }
  },
  {
    "model": "environments.executableswitch",
    "pk": "0f5aba46-2340-4dd9-9552-a87435ffe74e",
    "fields": {
      "created": "2026-01-21T19:52:42.932Z",
      "modified": "2026-01-21T19:52:42.932Z",
      "name": "Client Config Dev",
      "flag": "-clientconfig=",
      "value": "Development"
    }
  },
  {
    "model": "environments.executableswitch",
    "pk": "a7857246-89ee-4e33-970e-0da349e9fd6c",
    "fields": {
      "created": "2026-01-21T19:53:43.914Z",
      "modified": "2026-01-21T19:53:43.914Z",
      "name": "Pak",
      "flag": "-pak",
      "value": ""
    }
  },
  {
    "model": "environments.executableswitch",
    "pk": "b0d3093b-400d-4087-ad76-3dc59f29f026",
    "fields": {
      "created": "2026-01-21T19:54:58.926Z",
      "modified": "2026-01-26T18:27:15.436Z",
      "name": "stagingdirectory Windows Folder",
      "flag": "-stagingdirectory=",
      "value": "{{staging_root}}"
    }
  },
  {
    "model": "environments.executableswitch",
    "pk": "723a5a81-c4d3-423e-a9c3-490b8492b9f8",
    "fields": {
      "created": "2026-01-21T19:55:32.760Z",
      "modified": "2026-01-21T19:55:32.760Z",
      "name": "Platform Win64",
      "flag": "-platform=Win64",
      "value": ""
    }
  },
  {
    "model": "environments.executableswitch",
    "pk": "eaf83472-7fa6-425e-87be-e76308379d1d",
    "fields": {
      "created": "2026-01-21T19:56:42.630Z",
      "modified": "2026-01-23T18:07:04.395Z",
      "name": "Project Flag",
      "flag": "-project=",
      "value": "{{project_root}}\\{{uproject}}"
    }
  },
  {
    "model": "environments.executableswitch",
    "pk": "e0a61569-0182-4b43-ab13-2a89bb862db9",
    "fields": {
      "created": "2026-01-21T19:57:37.584Z",
      "modified": "2026-01-21T19:57:37.584Z",
      "name": "No Splash",
      "flag": "-nosplash",
      "value": ""
    }
  },
  {
    "model": "environments.executableswitch",
    "pk": "46a9d07a-1b02-43e6-b4a4-2e20a8c8b415",
    "fields": {
      "created": "2026-01-21T19:58:18.758Z",
      "modified": "2026-02-10T16:10:20.402Z",
      "name": "Exec Automation Tests",
      "flag": "-ExecCmds=",
      "value": "Automation RunTests HSH;Quit"
    }
  },
  {
    "model": "environments.executableswitch",
    "pk": "be03530c-9a71-4957-912f-6b13f00dfae7",
    "fields": {
      "created": "2026-01-21T20:25:50.209Z",
      "modified": "2026-01-26T17:35:55.478Z",
      "name": "Pre-Release: Archive Directory",
      "flag": "-archivedirectory=",
      "value": "{{prerelease_root}}"
    }
  },
  {
    "model": "environments.executableswitch",
    "pk": "3a5b6d0e-e77d-48ab-bf19-1271d746d30e",
    "fields": {
      "created": "2026-01-22T21:55:32.999Z",
      "modified": "2026-01-28T23:24:30.309Z",
      "name": "Test Report Destination",
      "flag": "-ReportExportPath=",
      "value": "{{test_root}}\\test_report"
    }
  },
  {
    "model": "environments.executableswitch",
    "pk": "a1fb29da-1340-44ba-965a-727e565e6ff6",
    "fields": {
      "created": "2026-01-22T21:57:46.046Z",
      "modified": "2026-01-22T21:57:46.046Z",
      "name": "Custom Config Staging",
      "flag": "-CustomConfig=",
      "value": "Staging"
    }
  },
  {
    "model": "environments.executableswitch",
    "pk": "1f617d7e-59c2-440d-9d64-c15c5686c63c",
    "fields": {
      "created": "2026-01-22T21:59:09.174Z",
      "modified": "2026-01-23T18:07:04.395Z",
      "name": "TestExit Automation Test Queue Empty",
      "flag": "-TestExit=",
      "value": "Automation Test Queue Empty"
    }
  },
  {
    "model": "environments.executableswitch",
    "pk": "1f3e58df-561f-4339-bc6b-cd323b30c2bc",
    "fields": {
      "created": "2026-01-27T22:36:32.050Z",
      "modified": "2026-01-27T22:36:32.050Z",
      "name": "RoboCopy Mirror",
      "flag": "/MIR",
      "value": ""
    }
  },
  {
    "model": "environments.executableswitch",
    "pk": "6ff47269-e9f4-4931-afb1-33d69293d8f9",
    "fields": {
      "created": "2026-01-27T22:37:05.486Z",
      "modified": "2026-01-27T22:37:05.486Z",
      "name": "RoboCopy Multi-thread",
      "flag": "/MT:8",
      "value": ""
    }
  },
  {
    "model": "environments.executableswitch",
    "pk": "17de6f13-3091-48f7-bf09-d49766fc2ce4",
    "fields": {
      "created": "2026-01-27T22:37:32.856Z",
      "modified": "2026-01-27T22:37:32.856Z",
      "name": "RoboCopy Retry R",
      "flag": "/R:2",
      "value": ""
    }
  },
  {
    "model": "environments.executableswitch",
    "pk": "fcdec17d-0f16-4e72-96a7-3a45ad42af20",
    "fields": {
      "created": "2026-01-27T22:37:51.661Z",
      "modified": "2026-01-27T22:37:51.662Z",
      "name": "RoboCopy Retry W",
      "flag": "/W:2",
      "value": ""
    }
  },
  {
    "model": "environments.executableswitch",
    "pk": "d9065261-ea0e-4de9-b86e-444bc96b7680",
    "fields": {
      "created": "2026-01-27T22:38:37.642Z",
      "modified": "2026-01-27T23:11:17.813Z",
      "name": "RoboCopy No File List",
      "flag": "/NFL",
      "value": ""
    }
  },
  {
    "model": "environments.executableswitch",
    "pk": "338a1f2b-88eb-40f3-b738-0020bd794545",
    "fields": {
      "created": "2026-01-27T22:38:57.955Z",
      "modified": "2026-01-27T22:38:57.955Z",
      "name": "RoboCopy Silent Logging NDL",
      "flag": "/NDL",
      "value": ""
    }
  },
  {
    "model": "environments.executableswitch",
    "pk": "97f5d146-3d64-4b07-8e7c-f66aa7af1894",
    "fields": {
      "created": "2026-01-27T22:39:16.441Z",
      "modified": "2026-01-27T22:39:16.441Z",
      "name": "RoboCopy Silent Logging NJH",
      "flag": "/NJH",
      "value": ""
    }
  },
  {
    "model": "environments.executableswitch",
    "pk": "31f85c89-b075-4292-bb73-aa98cb4bf562",
    "fields": {
      "created": "2026-01-27T22:39:38.481Z",
      "modified": "2026-01-27T22:39:38.481Z",
      "name": "RoboCopy Silent Logging NJS",
      "flag": "/NJS",
      "value": ""
    }
  },
  {
    "model": "environments.executableswitch",
    "pk": "1b1bba0c-1aa8-48d0-9580-8204cfc7c41f",
    "fields": {
      "created": "2026-01-28T16:16:56.915Z",
      "modified": "2026-01-28T16:17:57.974Z",
      "name": "SpellBook Retry 2",
      "flag": "retry=",
      "value": "2"
    }
  },
  {
    "model": "environments.executableswitch",
    "pk": "4f576ae2-494c-48eb-89a3-8f106d711f07",
    "fields": {
      "created": "2026-01-28T16:17:14.913Z",
      "modified": "2026-01-30T19:50:08.698Z",
      "name": "SpellBook Delay 1",
      "flag": "delay=",
      "value": "1"
    }
  },
  {
    "model": "environments.executableswitch",
    "pk": "513ef02a-3efa-46fe-a9f3-f1742c5a1629",
    "fields": {
      "created": "2026-01-30T19:50:27.302Z",
      "modified": "2026-01-30T19:50:27.302Z",
      "name": "SpellBook Delay 5",
      "flag": "delay=",
      "value": "5"
    }
  },
  {
    "model": "environments.executableswitch",
    "pk": "4206c5ac-2f1b-49d2-8a60-3166796c2033",
    "fields": {
      "created": "2026-01-31T15:21:46.758Z",
      "modified": "2026-01-31T15:21:46.758Z",
      "name": "Subdirectory/Tree Removal",
      "flag": "/s",
      "value": ""
    }
  },
  {
    "model": "environments.executableswitch",
    "pk": "b8e820f9-4a51-4365-aa6c-cc2b450841f8",
    "fields": {
      "created": "2026-01-31T15:22:07.489Z",
      "modified": "2026-01-31T15:22:07.489Z",
      "name": "Quiet Mode",
      "flag": "/q",
      "value": ""
    }
  },
  {
    "model": "environments.executableswitch",
    "pk": "a36eee44-c38a-4967-bcfb-05c0806772d8",
    "fields": {
      "created": "2026-02-08T22:45:40.195Z",
      "modified": "2026-02-08T22:45:40.195Z",
      "name": "Robocopy Recurse",
      "flag": "/E",
      "value": ""
    }
  },
  {
    "model": "environments.executableargument",
    "pk": "dacf5176-a4d2-4c85-8d26-b5861763e856",
    "fields": {
      "created": "2026-01-21T21:58:49.251Z",
      "modified": "2026-01-21T22:01:42.874Z",
      "name": "Get PipelineCaches SHK Files",
      "argument": "{{project_root}}\\Saved\\Cooked\\Windows\\{{project_name}}\\Metadata\\PipelineCaches\\*.shk"
    }
  },
  {
    "model": "environments.executableargument",
    "pk": "4c4e018e-84fb-418f-adef-bbc33eac003d",
    "fields": {
      "created": "2026-01-21T22:00:20.700Z",
      "modified": "2026-01-21T22:00:20.700Z",
      "name": "SPC File",
      "argument": "{{project_root}}\\Content\\PipelineCaches\\{{project_name}}_PCD3D_SM6.spc"
    }
  },
  {
    "model": "environments.executableargument",
    "pk": "920e7245-0487-471b-a617-b2d9964f8e17",
    "fields": {
      "created": "2026-01-21T22:00:46.742Z",
      "modified": "2026-01-21T22:00:46.742Z",
      "name": "Project",
      "argument": "{{project_root}}\\{{uproject}}"
    }
  },
  {
    "model": "environments.executableargument",
    "pk": "dd1cd033-2180-4458-a918-6a79daaed365",
    "fields": {
      "created": "2026-01-21T22:01:08.540Z",
      "modified": "2026-01-26T17:39:01.845Z",
      "name": "Get Collected PSO Rec Files",
      "argument": "{{staging_root}}\\Windows\\{{project_name}}\\Saved\\CollectedPSOs\\*.rec*"
    }
  },
  {
    "model": "environments.executableargument",
    "pk": "0a1b8202-a70d-46f5-ae30-fc4f370c3198",
    "fields": {
      "created": "2026-01-21T22:02:13.967Z",
      "modified": "2026-01-21T22:02:13.967Z",
      "name": "Expand",
      "argument": "expand"
    }
  },
  {
    "model": "environments.executableargument",
    "pk": "4898d0cb-16e6-4ae3-9bea-bcd1e569bbed",
    "fields": {
      "created": "2026-01-21T22:02:21.823Z",
      "modified": "2026-01-21T22:02:21.823Z",
      "name": "BuildCookRun",
      "argument": "BuildCookRun"
    }
  },
  {
    "model": "environments.executableargument",
    "pk": "c4f4bdac-4a26-4e2c-8876-02975ce56dea",
    "fields": {
      "created": "2026-01-22T14:21:52.388Z",
      "modified": "2026-01-22T20:12:52.946Z",
      "name": "AppVersion File",
      "argument": "{{project_root}}\\Content\\_Version\\AppVersion.json"
    }
  },
  {
    "model": "environments.executableargument",
    "pk": "74744801-b5b3-4e92-9a62-5cb76f7a5802",
    "fields": {
      "created": "2026-01-27T17:21:17.212Z",
      "modified": "2026-01-27T17:22:29.029Z",
      "name": "Powershell Command Arg",
      "argument": "-Command"
    }
  },
  {
    "model": "environments.executableargument",
    "pk": "4c3e5c7f-459b-482b-9d1e-0fec0cc7e3d8",
    "fields": {
      "created": "2026-01-27T17:23:00.022Z",
      "modified": "2026-01-27T17:23:00.022Z",
      "name": "Get UUID",
      "argument": "Get-CimInstance Win32_ComputerSystemProduct | Select-Object -ExpandProperty UUID"
    }
  },
  {
    "model": "environments.executableargument",
    "pk": "ceb749f6-c979-402a-b5d7-5a6fa0f5a385",
    "fields": {
      "created": "2026-01-27T22:42:52.057Z",
      "modified": "2026-01-27T22:55:43.025Z",
      "name": "Network Server Pre-Release Folder",
      "argument": "\\\\{{server}}\\{{prerelease_root}}"
    }
  },
  {
    "model": "environments.executableargument",
    "pk": "1741c851-24bc-4120-b503-3e838b3115a6",
    "fields": {
      "created": "2026-01-27T22:43:48.676Z",
      "modified": "2026-01-27T23:08:47.766Z",
      "name": "Local Pre-Release Folder",
      "argument": "{{prerelease_root}}"
    }
  },
  {
    "model": "environments.executableargument",
    "pk": "f82efc0a-b19a-476c-bcaa-8a72c9560766",
    "fields": {
      "created": "2026-01-30T16:27:56.809Z",
      "modified": "2026-01-30T16:27:56.809Z",
      "name": "Local Shader Cache",
      "argument": "{{shader_cache_root}}"
    }
  },
  {
    "model": "environments.executableargument",
    "pk": "2735d98c-3913-48b1-9378-c8726ea6947a",
    "fields": {
      "created": "2026-01-30T16:28:31.567Z",
      "modified": "2026-01-30T16:28:31.567Z",
      "name": "Poweshell Copy-Item",
      "argument": "Copy-Item -Path"
    }
  },
  {
    "model": "environments.executableargument",
    "pk": "0fd323e0-136e-4721-8807-2b0fd6f5407d",
    "fields": {
      "created": "2026-01-30T16:29:03.187Z",
      "modified": "2026-01-30T16:29:03.187Z",
      "name": "Powershell Copy Destination",
      "argument": "-Destination"
    }
  },
  {
    "model": "environments.executableargument",
    "pk": "98190213-bc55-43b8-ba0c-56350331dc43",
    "fields": {
      "created": "2026-01-30T16:29:38.051Z",
      "modified": "2026-01-30T16:29:38.051Z",
      "name": "Copy-Item Force Create Folder",
      "argument": "-Force"
    }
  },
  {
    "model": "environments.executableargument",
    "pk": "3108ce82-fead-4942-9101-a4b880d15181",
    "fields": {
      "created": "2026-01-30T16:32:41.643Z",
      "modified": "2026-01-30T16:32:41.643Z",
      "name": "Compiled Shader Cache Folder",
      "argument": "{{project_root}}\\Content\\PipelineCaches"
    }
  },
  {
    "model": "environments.executableargument",
    "pk": "1039da3b-f648-4efb-a524-19d17737bf58",
    "fields": {
      "created": "2026-01-30T16:34:15.931Z",
      "modified": "2026-01-30T16:34:15.931Z",
      "name": "Compiled SPC File",
      "argument": "HSHVacancy_PCD3D_SM6.spc"
    }
  },
  {
    "model": "environments.executableargument",
    "pk": "3014f63b-37fd-433a-8d02-573a5aa36a95",
    "fields": {
      "created": "2026-01-30T18:35:43.800Z",
      "modified": "2026-01-30T18:35:43.800Z",
      "name": "Prerelease Pipeline Caches Folder",
      "argument": "{{prerelease_root}}\\Windows\\{{project_name}}\\Content\\PipelineCaches"
    }
  },
  {
    "model": "environments.executableargument",
    "pk": "6072b897-e5a4-4bea-9e90-6eb6b0eacf9a",
    "fields": {
      "created": "2026-01-31T14:28:11.107Z",
      "modified": "2026-01-31T14:28:23.674Z",
      "name": "Cached SaveGames Folder",
      "argument": "{{environment_cache_root}}\\Saved\\SaveGames"
    }
  },
  {
    "model": "environments.executableargument",
    "pk": "c6baeb32-947d-4d7d-834b-e6bf756a1cf4",
    "fields": {
      "created": "2026-01-31T14:28:59.875Z",
      "modified": "2026-01-31T14:28:59.875Z",
      "name": "Prerelease SaveGames Folder",
      "argument": "{{prerelease_root}}\\Windows\\{{project_name}}\\Saved\\SaveGames"
    }
  },
  {
    "model": "environments.executableargument",
    "pk": "679dd31c-709a-41a8-8b69-a44c643880f7",
    "fields": {
      "created": "2026-01-31T15:23:49.006Z",
      "modified": "2026-01-31T16:12:08.563Z",
      "name": "Are-Self Root",
      "argument": "{{are_self_root}}"
    }
  },
  {
    "model": "environments.executableargument",
    "pk": "08cd6894-e96b-4845-975d-8c78818f148d",
    "fields": {
      "created": "2026-01-31T15:47:25.252Z",
      "modified": "2026-01-31T15:47:25.252Z",
      "name": "CMD Carry out",
      "argument": "/c"
    }
  },
  {
    "model": "environments.executableargument",
    "pk": "099e0bc7-1679-4635-aa09-224522d077b6",
    "fields": {
      "created": "2026-01-31T15:48:03.054Z",
      "modified": "2026-01-31T15:48:03.054Z",
      "name": "Remove Directory (cmd)",
      "argument": "rmdir"
    }
  },
  {
    "model": "environments.executableargument",
    "pk": "c4d207aa-46fd-4259-ad59-f06deada0ba8",
    "fields": {
      "created": "2026-01-31T15:51:48.415Z",
      "modified": "2026-01-31T15:51:48.415Z",
      "name": "Intermediate Folder",
      "argument": "{{project_root}}\\Intermediate"
    }
  },
  {
    "model": "environments.executableargument",
    "pk": "ff218722-1af3-44a0-9ca6-e0c03ef0e260",
    "fields": {
      "created": "2026-01-31T16:07:56.600Z",
      "modified": "2026-01-31T16:07:56.600Z",
      "name": "Django Manage.py",
      "argument": "manage.py"
    }
  },
  {
    "model": "environments.executableargument",
    "pk": "53f77432-e7ab-45d4-a2cf-8fbc4c822588",
    "fields": {
      "created": "2026-01-31T16:08:51.014Z",
      "modified": "2026-02-28T23:04:09.791Z",
      "name": "dumpscripts",
      "argument": "{{are_self_root}}\\central_nervous_system\\effectors\\dumpscripts.py"
    }
  },
  {
    "model": "environments.executableargument",
    "pk": "0878da24-abcc-4931-b139-87a0ed076038",
    "fields": {
      "created": "2026-01-31T16:10:31.725Z",
      "modified": "2026-01-31T16:10:31.725Z",
      "name": "Python  Unbuffered",
      "argument": "-u"
    }
  },
  {
    "model": "environments.executableargument",
    "pk": "3769bb0e-750e-4ddf-a6a8-7a9e38dbdb3f",
    "fields": {
      "created": "2026-01-31T20:19:32.005Z",
      "modified": "2026-01-31T20:19:32.005Z",
      "name": "Ollama Run",
      "argument": "run"
    }
  },
  {
    "model": "environments.executableargument",
    "pk": "23419b25-e42f-4648-ad49-def29d3685f7",
    "fields": {
      "created": "2026-01-31T20:19:54.140Z",
      "modified": "2026-01-31T20:19:54.140Z",
      "name": "Llama3 Model",
      "argument": "llama3"
    }
  },
  {
    "model": "environments.executableargument",
    "pk": "b772f146-52eb-4e00-8285-75a64c981599",
    "fields": {
      "created": "2026-01-31T20:24:58.474Z",
      "modified": "2026-01-31T20:24:58.474Z",
      "name": "LLM Prompt 1",
      "argument": "{{ prompt }} Context: {{ provenance.application_log }} {{ provenance.execution_log }}"
    }
  },
  {
    "model": "environments.executableargument",
    "pk": "95c8d51b-0769-4d85-a18f-891a4178b081",
    "fields": {
      "created": "2026-01-31T20:33:16.600Z",
      "modified": "2026-01-31T20:33:16.600Z",
      "name": "llama3.2:3b",
      "argument": "llama3.2:3b"
    }
  },
  {
    "model": "environments.executableargument",
    "pk": "d134ad17-d6bf-42a9-8a96-c56c6c2a70a3",
    "fields": {
      "created": "2026-01-31T20:33:39.809Z",
      "modified": "2026-01-31T20:33:39.809Z",
      "name": "gemma3:27b",
      "argument": "gemma3:27b"
    }
  },
  {
    "model": "environments.executableargument",
    "pk": "1bd3bc61-8083-4369-9bf2-1b8538b5df1e",
    "fields": {
      "created": "2026-02-08T17:46:49.433Z",
      "modified": "2026-02-08T17:46:49.433Z",
      "name": "Pre-Release Logs",
      "argument": "{{prerelease_root}}\\Windows\\{{project_name}}\\Saved\\Logs"
    }
  },
  {
    "model": "environments.executableargument",
    "pk": "42753cc5-cfe3-4ca0-9132-40e0c9f1d7a9",
    "fields": {
      "created": "2026-02-08T17:51:08.618Z",
      "modified": "2026-02-08T17:51:08.618Z",
      "name": "Pre-Release User Config",
      "argument": "{{prerelease_root}}\\Windows\\{{project_name}}\\Saved\\Config"
    }
  },
  {
    "model": "environments.executableargument",
    "pk": "7aa41c5d-5283-4a5c-a0c5-297a8138803a",
    "fields": {
      "created": "2026-02-08T17:54:50.576Z",
      "modified": "2026-02-08T17:54:50.576Z",
      "name": "Pre-Release User Config Cache",
      "argument": "{{environment_cache_root}}\\Saved\\Config"
    }
  },
  {
    "model": "environments.executableargument",
    "pk": "89714d07-c757-4648-b1f5-db7ed5b96abb",
    "fields": {
      "created": "2026-02-10T18:44:45.466Z",
      "modified": "2026-02-10T18:44:45.467Z",
      "name": "List Folder",
      "argument": "ls"
    }
  },
  {
    "model": "environments.executableargument",
    "pk": "1aa7b7cc-19ad-45f5-9add-59464086919a",
    "fields": {
      "created": "2026-02-11T16:30:44.368Z",
      "modified": "2026-02-11T16:30:44.368Z",
      "name": "Spell Test Argument",
      "argument": "This should be project_name {{project_name}}"
    }
  },
  {
    "model": "environments.executableargument",
    "pk": "ad478572-9161-4499-ac47-1c9ba9e6d412",
    "fields": {
      "created": "2026-02-12T22:07:06.628Z",
      "modified": "2026-02-12T22:07:06.628Z",
      "name": "Project Root",
      "argument": "{{project_root}}"
    }
  },
  {
    "model": "environments.executableargument",
    "pk": "ee44c8f2-db45-410c-9fe4-8c83fdd3852b",
    "fields": {
      "created": "2026-02-16T18:39:55.793Z",
      "modified": "2026-02-16T18:39:55.793Z",
      "name": "Generate Prompt Payload",
      "argument": "generate_prompt_payload"
    }
  },
  {
    "model": "environments.executableargument",
    "pk": "2a9f2ac8-71d5-4d29-a3d6-650f4e2f8b58",
    "fields": {
      "created": "2026-02-16T18:42:01.725Z",
      "modified": "2026-02-16T18:42:01.725Z",
      "name": "--head_id={{head_id}}",
      "argument": "--head_id={{head_id}}"
    }
  },
  {
    "model": "environments.executableargument",
    "pk": "d64432fb-9433-45c9-beab-b81636f73964",
    "fields": {
      "created": "2026-02-16T18:47:26.334Z",
      "modified": "2026-02-16T18:48:16.940Z",
      "name": "local_prompt_path",
      "argument": "{{local_prompt_path}}"
    }
  },
  {
    "model": "environments.executableargument",
    "pk": "2429cc22-faf4-4581-9c68-b214727cb271",
    "fields": {
      "created": "2026-02-16T18:47:50.424Z",
      "modified": "2026-02-16T18:47:50.424Z",
      "name": "Pipe from <",
      "argument": "<"
    }
  },
  {
    "model": "environments.executableargument",
    "pk": "c098b2a3-d7b8-4820-a8d4-99d85f97b280",
    "fields": {
      "created": "2026-02-16T18:59:05.758Z",
      "modified": "2026-02-16T18:59:05.758Z",
      "name": "Prompt Key",
      "argument": "--key=prompt"
    }
  },
  {
    "model": "environments.executableargument",
    "pk": "c5622207-210d-44be-949b-3ce2aaeda837",
    "fields": {
      "created": "2026-02-16T20:31:09.136Z",
      "modified": "2026-02-16T20:31:09.136Z",
      "name": "ollama",
      "argument": "ollama"
    }
  },
  {
    "model": "environments.executableargument",
    "pk": "b5547492-a5c1-476c-892f-face10571f60",
    "fields": {
      "created": "2026-02-16T21:52:59.872Z",
      "modified": "2026-02-16T21:52:59.872Z",
      "name": "Delete (CMD)",
      "argument": "del"
    }
  },
  {
    "model": "environments.executable",
    "pk": "974ed732-6f2d-47f4-9482-18d17c73086e",
    "fields": {
      "created": "2026-01-21T00:00:00Z",
      "description": "Starts a Graph.",
      "modified": "2026-01-21T00:00:00Z",
      "name": "BEGIN_PLAY",
      "internal": true,
      "working_path": "",
      "executable": "begin_play",
      "log": "",
      "switches": []
    }
  },
  {
    "model": "environments.executable",
    "pk": "558806d7-d009-4e89-8e4e-86979dcd0594",
    "fields": {
      "created": "2026-01-21T00:00:00Z",
      "description": "Standard Python Interpreter.",
      "modified": "2026-02-12T22:16:40.306Z",
      "name": "PYTHON",
      "internal": false,
      "working_path": "{{venv_root}}",
      "executable": "{{venv_root}}/Scripts/python.exe",
      "log": "",
      "switches": []
    }
  },
  {
    "model": "environments.executable",
    "pk": "11915177-a32b-4883-8c9f-e137c528c20d",
    "fields": {
      "created": "2026-01-21T00:00:00Z",
      "description": "Python Interpreter intended for manage.py commands.",
      "modified": "2026-02-12T22:17:08.081Z",
      "name": "DJANGO",
      "internal": false,
      "working_path": "{{venv_root}}",
      "executable": "{{venv_root}}/Scripts/python.exe",
      "log": "{{are_self_root}}\\logs\\django.log",
      "switches": []
    }
  },
  {
    "model": "environments.executable",
    "pk": "3ee78993-faa3-401b-8187-c771e11c4564",
    "fields": {
      "created": "2026-01-21T00:00:00Z",
      "description": "Unreal Editor Commandlet (Headless).",
      "modified": "2026-01-22T20:16:15.362Z",
      "name": "UNREAL_CMD",
      "internal": false,
      "working_path": "{{engine_root}}\\Engine\\Binaries\\Win64",
      "executable": "{{engine_root}}\\Engine\\Binaries\\Win64\\UnrealEditor-Cmd.exe",
      "log": "{{project_root}}\\Saved\\Logs\\{{project_name}}.log",
      "switches": [
        "b21a852d-09b1-48a3-93f5-c8a9729f35fc",
        "9780c6a0-d422-49cb-8fac-7db2aaadcee7",
        "d6a84427-86ea-4af9-a123-767af942ddce",
        "f1d2e3b6-4a05-4d80-88b3-c882c64ab5e7",
        "1e5921f7-02cd-4b44-9c5d-d27f384da45d"
      ]
    }
  },
  {
    "model": "environments.executable",
    "pk": "3ced43ee-5504-493a-a4b7-15040bb17100",
    "fields": {
      "created": "2026-01-21T00:00:00Z",
      "description": "RunUAT Batch File.",
      "modified": "2026-01-26T17:44:52.698Z",
      "name": "UNREAL_AUTOMATION_TOOL",
      "internal": false,
      "working_path": "{{engine_root}}\\Engine\\Build\\BatchFiles",
      "executable": "{{engine_root}}\\Engine\\Build\\BatchFiles\\RunUAT.bat",
      "log": "",
      "switches": [
        "b21a852d-09b1-48a3-93f5-c8a9729f35fc",
        "9780c6a0-d422-49cb-8fac-7db2aaadcee7",
        "d6a84427-86ea-4af9-a123-767af942ddce"
      ]
    }
  },
  {
    "model": "environments.executable",
    "pk": "efb5d7dc-9922-43ec-b108-5af5f029b71d",
    "fields": {
      "created": "2026-01-21T00:00:00Z",
      "description": "The cooked executable in the Staging Buffer.",
      "modified": "2026-01-26T17:41:13.831Z",
      "name": "UNREAL_STAGING",
      "internal": false,
      "working_path": "{{staging_root}}\\Windows",
      "executable": "{{staging_root}}\\Windows\\{{project_name}}.exe",
      "log": "{{staging_root}}\\Windows\\{{project_name}}\\Saved\\Logs\\{{project_name}}.log",
      "switches": []
    }
  },
  {
    "model": "environments.executable",
    "pk": "6e487387-9608-4481-8f5c-9b0741585633",
    "fields": {
      "created": "2026-01-21T00:00:00Z",
      "description": "The cooked executable in the pre-release folder.",
      "modified": "2026-01-26T16:47:18Z",
      "name": "UNREAL_RELEASE_TEST",
      "internal": false,
      "working_path": "{{prerelease_root}}\\Windows",
      "executable": "{{prerelease_root}}\\Windows\\{{project_name}}.exe",
      "log": "{{prerelease_root}}\\Windows\\{{project_name}}\\Saved\\Logs\\{{project_name}}.log",
      "switches": []
    }
  },
  {
    "model": "environments.executable",
    "pk": "0fb093f4-8c4a-4f40-ad1b-234e4f516f4f",
    "fields": {
      "created": "2026-01-21T00:00:00Z",
      "description": "Shader Pipeline Cache Tools.",
      "modified": "2026-01-21T00:00:00Z",
      "name": "UNREAL_SHADER_TOOL",
      "internal": false,
      "working_path": "{{engine_root}}\\Engine\\Binaries\\Win64",
      "executable": "{{engine_root}}\\Engine\\Binaries\\Win64\\ShaderPipelineCacheTools.exe",
      "log": "",
      "switches": []
    }
  },
  {
    "model": "environments.executable",
    "pk": "1d037234-c8c2-4d51-bc65-41597c0becd2",
    "fields": {
      "created": "2026-01-22T16:14:49.475Z",
      "description": "update_version_metadata",
      "modified": "2026-01-22T19:46:41.160Z",
      "name": "update_version_metadata",
      "internal": true,
      "working_path": "",
      "executable": "update_version_metadata",
      "log": "",
      "switches": []
    }
  },
  {
    "model": "environments.executable",
    "pk": "5fbd152c-23bf-4951-840f-491f4fff918a",
    "fields": {
      "created": "2026-01-22T16:20:19.871Z",
      "description": "deploy_release_test",
      "modified": "2026-01-22T19:47:23.773Z",
      "name": "deploy_release_test",
      "internal": true,
      "working_path": "",
      "executable": "deploy_release_test",
      "log": "",
      "switches": []
    }
  },
  {
    "model": "environments.executable",
    "pk": "c8cb58b0-341b-43d3-bfcf-8d31dca28375",
    "fields": {
      "created": "2026-01-27T17:17:28.671Z",
      "description": null,
      "modified": "2026-01-27T17:25:24.532Z",
      "name": "Windows Powershell Command",
      "internal": false,
      "working_path": "",
      "executable": "powershell",
      "log": "",
      "switches": []
    }
  },
  {
    "model": "environments.executable",
    "pk": "6fb7f8af-60b6-4f04-aa07-d4d36c680e38",
    "fields": {
      "created": "2026-01-27T19:15:25.963Z",
      "description": null,
      "modified": "2026-01-27T19:15:25.963Z",
      "name": "Scan for Peripheral Nervous Systems",
      "internal": true,
      "working_path": "",
      "executable": "scan_and_register",
      "log": "",
      "switches": []
    }
  },
  {
    "model": "environments.executable",
    "pk": "6fcad69c-37de-4706-ac5e-a34ad3e6be9f",
    "fields": {
      "created": "2026-01-27T22:45:40.160Z",
      "description": null,
      "modified": "2026-01-27T23:04:33.455Z",
      "name": "robocopy",
      "internal": false,
      "working_path": "",
      "executable": "robocopy",
      "log": "",
      "switches": []
    }
  },
  {
    "model": "environments.executable",
    "pk": "f7eb79eb-6754-4c5b-a5b2-bf504f451bda",
    "fields": {
      "created": "2026-01-28T16:14:59.681Z",
      "description": "Flow control: gate, retry, and delay modes via axoplasm state.",
      "modified": "2026-01-28T16:14:59.681Z",
      "name": "Pathway Logic Node",
      "internal": true,
      "working_path": "",
      "executable": "pathway_logic_neuron",
      "log": "",
      "switches": []
    }
  },
  {
    "model": "environments.executable",
    "pk": "dfe7b955-d22f-4630-a1f9-36b1ff59c591",
    "fields": {
      "created": "2026-01-31T15:17:06.378Z",
      "description": null,
      "modified": "2026-01-31T15:47:32.212Z",
      "name": "Windows Command (CMD)",
      "internal": false,
      "working_path": "",
      "executable": "cmd.exe",
      "log": "",
      "switches": []
    }
  },
  {
    "model": "environments.executable",
    "pk": "77668144-2aa6-435f-8e61-0ea547217fae",
    "fields": {
      "created": "2026-01-31T20:20:21.722Z",
      "description": null,
      "modified": "2026-01-31T20:34:25.958Z",
      "name": "Ollama Run",
      "internal": false,
      "working_path": "",
      "executable": "ollama",
      "log": "",
      "switches": []
    }
  },
  {
    "model": "environments.executable",
    "pk": "24e213d0-92c1-4b77-8a35-f6998075efc0",
    "fields": {
      "created": "2026-02-17T18:22:31.543Z",
      "description": "",
      "modified": "2026-03-05T13:31:35.304Z",
      "name": "Engage Frontal Lobe",
      "internal": true,
      "working_path": "",
      "executable": "run_frontal_lobe",
      "log": "",
      "switches": []
    }
  },
  {
    "model": "environments.executable",
    "pk": "ef611428-bac0-4ce9-a872-70864e91b600",
    "fields": {
      "created": "2026-03-05T13:34:11.882Z",
      "description": "",
      "modified": "2026-03-05T13:35:24.891Z",
      "name": "Engage Temporal Lobe",
      "internal": true,
      "working_path": "",
      "executable": "run_temporal_lobe",
      "log": "",
      "switches": []
    }
  },
  {
    "model": "environments.executable",
    "pk": "6c43e8c9-3bbd-4fdc-88a7-23f5ca6b0108",
    "fields": {
      "created": "2026-04-04T00:00:00.000Z",
      "description": "Logs axoplasm state and neuron context to the worker log. For pathway debugging.",
      "modified": "2026-04-04T00:00:00.000Z",
      "name": "Debug Node",
      "internal": true,
      "working_path": "",
      "executable": "debug_node",
      "log": "",
      "switches": []
    }
  },
  {
    "model": "environments.executableargumentassignment",
    "pk": "ef5b4740-b00d-4f37-b1c7-1fd223e12bd2",
    "fields": {
      "executable": "1d037234-c8c2-4d51-bc65-41597c0becd2",
      "order": 10,
      "argument": "c4f4bdac-4a26-4e2c-8876-02975ce56dea"
    }
  },
  {
    "model": "environments.executableargumentassignment",
    "pk": "8a9fdc11-8395-4231-bae7-00d2e0c5e0f0",
    "fields": {
      "executable": "c8cb58b0-341b-43d3-bfcf-8d31dca28375",
      "order": 10,
      "argument": "74744801-b5b3-4e92-9a62-5cb76f7a5802"
    }
  },
  {
    "model": "environments.executableargumentassignment",
    "pk": "599ffdda-2568-4428-95ed-6176c4d0547e",
    "fields": {
      "executable": "dfe7b955-d22f-4630-a1f9-36b1ff59c591",
      "order": 10,
      "argument": "08cd6894-e96b-4845-975d-8c78818f148d"
    }
  },
  {
    "model": "environments.executableargumentassignment",
    "pk": "a5a9cb32-008e-47d8-ba4a-8865d9a7bcaa",
    "fields": {
      "executable": "11915177-a32b-4883-8c9f-e137c528c20d",
      "order": 10,
      "argument": "ff218722-1af3-44a0-9ca6-e0c03ef0e260"
    }
  },
  {
    "model": "environments.executableargumentassignment",
    "pk": "8d43c089-60d3-4313-80a0-1a05b6cd4c6f",
    "fields": {
      "executable": "558806d7-d009-4e89-8e4e-86979dcd0594",
      "order": 1,
      "argument": "0878da24-abcc-4931-b139-87a0ed076038"
    }
  },
  {
    "model": "environments.executableargumentassignment",
    "pk": "56fb68d3-83eb-4420-9f58-13b851c4e088",
    "fields": {
      "executable": "77668144-2aa6-435f-8e61-0ea547217fae",
      "order": 1,
      "argument": "3769bb0e-750e-4ddf-a6a8-7a9e38dbdb3f"
    }
  },
  {
    "model": "environments.executableargumentassignment",
    "pk": "003ccf38-da19-4146-a6cd-6c239aef32b4",
    "fields": {
      "executable": "77668144-2aa6-435f-8e61-0ea547217fae",
      "order": 2,
      "argument": "95c8d51b-0769-4d85-a18f-891a4178b081"
    }
  },
  {
    "model": "environments.projectenvironmentcontextkey",
    "pk": "662f350c-1595-5d5d-ba23-04259ca765be",
    "fields": {
      "name": "project_name"
    }
  },
  {
    "model": "environments.projectenvironmentcontextkey",
    "pk": "f88bfedf-6e56-5cad-83a8-82eebe5f2a81",
    "fields": {
      "name": "project_root"
    }
  },
  {
    "model": "environments.projectenvironmentcontextkey",
    "pk": "0bde5681-79ff-5e60-91ec-de58c576caad",
    "fields": {
      "name": "engine_root"
    }
  },
  {
    "model": "environments.projectenvironmentcontextkey",
    "pk": "911ee78c-4251-5681-a235-18a2028a0474",
    "fields": {
      "name": "test_root"
    }
  },
  {
    "model": "environments.projectenvironmentcontextkey",
    "pk": "fa470a08-db2a-5058-8da3-5b58895ea1b4",
    "fields": {
      "name": "are_self_root"
    }
  },
  {
    "model": "environments.projectenvironmentcontextkey",
    "pk": "3ed50a36-7cec-564c-b234-9db5adce58f6",
    "fields": {
      "name": "staging_root"
    }
  },
  {
    "model": "environments.projectenvironmentcontextkey",
    "pk": "ea4eed7a-7b0e-5566-9a9e-3c27ff7efd66",
    "fields": {
      "name": "shader_cache_root"
    }
  },
  {
    "model": "environments.projectenvironmentcontextkey",
    "pk": "e76b574b-08a0-5ded-992c-787de0f24c51",
    "fields": {
      "name": "environment_cache_root"
    }
  },
  {
    "model": "environments.projectenvironmentcontextkey",
    "pk": "e24f0d30-670d-55fa-8db7-7c0e91e2fc89",
    "fields": {
      "name": "prerelease_root"
    }
  },
  {
    "model": "environments.projectenvironmentcontextkey",
    "pk": "cadef741-8ebe-5e69-b0f2-a3a3c732a16a",
    "fields": {
      "name": "production_root"
    }
  },
  {
    "model": "environments.projectenvironmentcontextkey",
    "pk": "d6cbba9c-d8f8-57e4-98c5-be3072f227ba",
    "fields": {
      "name": "uproject"
    }
  },
  {
    "model": "environments.projectenvironmentcontextkey",
    "pk": "d0af4b3d-a6cb-5d15-bc49-b8e9948fbb50",
    "fields": {
      "name": "venv_root"
    }
  },
  {
    "model": "environments.projectenvironmentcontextkey",
    "pk": "3baa118f-dd49-5aa6-8ab7-a3f75d809484",
    "fields": {
      "name": "network_prerelease_root"
    }
  },
  {
    "model": "environments.projectenvironmentstatus",
    "pk": "e1bb67a5-1b86-5636-9464-be50af5c7863",
    "fields": {
      "name": "Online"
    }
  },
  {
    "model": "environments.projectenvironmenttype",
    "pk": "8a5e6540-92bf-5e73-a26a-4ff3e6185bd9",
    "fields": {
      "name": "Unreal 5.6.1"
    }
  },
  {
    "model": "environments.projectenvironmenttype",
    "pk": "04701d65-e722-5c7c-8f06-10bc53413a36",
    "fields": {
      "name": "ReactJS"
    }
  },
  {
    "model": "environments.projectenvironment",
    "pk": "b7e4c2a1-3f8d-4a9e-9c1f-2d5a8b6f4e21",
    "fields": {
      "created": "2026-04-15T00:00:00Z",
      "description": "Simple default environment (zygote)",
      "modified": "2026-04-15T00:00:00Z",
      "name": "Default Environment",
      "type": "8a5e6540-92bf-5e73-a26a-4ff3e6185bd9",
      "status": "e1bb67a5-1b86-5636-9464-be50af5c7863",
      "available": true,
      "selected": true,
      "default_iteration_definition": null
    }
  },
  {
    "model": "environments.projectenvironment",
    "pk": "44b23b94-6aae-4205-ae67-2f8c021c67aa",
    "fields": {
      "created": "2026-02-11T15:33:50.687Z",
      "description": "Default UE Environment",
      "modified": "2026-04-02T19:32:59.129Z",
      "name": "Default UE Environment",
      "type": "8a5e6540-92bf-5e73-a26a-4ff3e6185bd9",
      "status": "e1bb67a5-1b86-5636-9464-be50af5c7863",
      "available": true,
      "selected": false,
      "default_iteration_definition": "9dfa8918-1dc9-4a52-b708-347883fc25bf"
    }
  },
  {
    "model": "environments.projectenvironment",
    "pk": "4d82fab0-c62d-4204-a316-476476c10a55",
    "fields": {
      "created": "2026-02-11T20:15:38.794Z",
      "description": null,
      "modified": "2026-02-13T15:28:35.948Z",
      "name": "HSH Python",
      "type": "8a5e6540-92bf-5e73-a26a-4ff3e6185bd9",
      "status": "e1bb67a5-1b86-5636-9464-be50af5c7863",
      "available": true,
      "selected": false,
      "default_iteration_definition": null
    }
  },
  {
    "model": "environments.projectenvironment",
    "pk": "c1b7a124-a50b-4710-aa85-154736a839bc",
    "fields": {
      "created": "2026-03-04T13:31:03.894Z",
      "description": "",
      "modified": "2026-04-02T19:32:56.782Z",
      "name": "Are-Self-UI",
      "type": "04701d65-e722-5c7c-8f06-10bc53413a36",
      "status": "e1bb67a5-1b86-5636-9464-be50af5c7863",
      "available": true,
      "selected": false,
      "default_iteration_definition": "9dfa8918-1dc9-4a52-b708-347883fc25bf"
    }
  },
  {
    "model": "environments.contextvariable",
    "pk": "57eddeed-967b-4b20-825d-eae921d25e4e",
    "fields": {
      "environment": "44b23b94-6aae-4205-ae67-2f8c021c67aa",
      "key": "662f350c-1595-5d5d-ba23-04259ca765be",
      "value": "HSHVacancy"
    }
  },
  {
    "model": "environments.contextvariable",
    "pk": "33e49e1c-d94a-49c6-bc94-e378baf99402",
    "fields": {
      "environment": "44b23b94-6aae-4205-ae67-2f8c021c67aa",
      "key": "f88bfedf-6e56-5cad-83a8-82eebe5f2a81",
      "value": "C:\\Users\\micha\\Documents\\Unreal Projects\\HSHVacancy"
    }
  },
  {
    "model": "environments.contextvariable",
    "pk": "909dab2c-985b-4b41-b261-5745c1fc48e0",
    "fields": {
      "environment": "44b23b94-6aae-4205-ae67-2f8c021c67aa",
      "key": "0bde5681-79ff-5e60-91ec-de58c576caad",
      "value": "C:\\Program Files\\Epic Games\\UE_5.6"
    }
  },
  {
    "model": "environments.contextvariable",
    "pk": "9952c457-2343-4b35-a8e3-c227a32d50df",
    "fields": {
      "environment": "44b23b94-6aae-4205-ae67-2f8c021c67aa",
      "key": "fa470a08-db2a-5058-8da3-5b58895ea1b4",
      "value": "{{BASE_DIR}}"
    }
  },
  {
    "model": "environments.contextvariable",
    "pk": "b5f3c601-2868-47ed-b7b2-9dfa4770a590",
    "fields": {
      "environment": "44b23b94-6aae-4205-ae67-2f8c021c67aa",
      "key": "911ee78c-4251-5681-a235-18a2028a0474",
      "value": "C:\\are-self-bin\\0_test"
    }
  },
  {
    "model": "environments.contextvariable",
    "pk": "5b3d780a-78a5-4192-b2d7-e5a49eb33f04",
    "fields": {
      "environment": "44b23b94-6aae-4205-ae67-2f8c021c67aa",
      "key": "3ed50a36-7cec-564c-b234-9db5adce58f6",
      "value": "C:\\are-self-bin\\1_staging"
    }
  },
  {
    "model": "environments.contextvariable",
    "pk": "fa66caf6-f591-4212-97be-46c088df48a3",
    "fields": {
      "environment": "44b23b94-6aae-4205-ae67-2f8c021c67aa",
      "key": "ea4eed7a-7b0e-5566-9a9e-3c27ff7efd66",
      "value": "C:\\are-self-bin\\2_shader_cache"
    }
  },
  {
    "model": "environments.contextvariable",
    "pk": "35e3c0a5-a55d-4a8d-b0a3-67f57937e82e",
    "fields": {
      "environment": "44b23b94-6aae-4205-ae67-2f8c021c67aa",
      "key": "e76b574b-08a0-5ded-992c-787de0f24c51",
      "value": "C:\\are-self-bin\\3_environment_cache"
    }
  },
  {
    "model": "environments.contextvariable",
    "pk": "dca36e60-09ea-4eeb-bc1b-3061e8bf83b4",
    "fields": {
      "environment": "44b23b94-6aae-4205-ae67-2f8c021c67aa",
      "key": "e24f0d30-670d-55fa-8db7-7c0e91e2fc89",
      "value": "C:\\are-self-bin\\4_prerelease"
    }
  },
  {
    "model": "environments.contextvariable",
    "pk": "bd52f95c-c661-4689-90b3-e4e77ea6d6cb",
    "fields": {
      "environment": "44b23b94-6aae-4205-ae67-2f8c021c67aa",
      "key": "cadef741-8ebe-5e69-b0f2-a3a3c732a16a",
      "value": "C:\\are-self-bin\\5_main"
    }
  },
  {
    "model": "environments.contextvariable",
    "pk": "0f1c79ee-52f0-4e90-ab5f-82ba11a399f7",
    "fields": {
      "environment": "44b23b94-6aae-4205-ae67-2f8c021c67aa",
      "key": "d6cbba9c-d8f8-57e4-98c5-be3072f227ba",
      "value": "HSHVacancy.uproject"
    }
  },
  {
    "model": "environments.contextvariable",
    "pk": "0c52be0c-160f-4bb3-97b7-37990a1c2868",
    "fields": {
      "environment": "4d82fab0-c62d-4204-a316-476476c10a55",
      "key": "f88bfedf-6e56-5cad-83a8-82eebe5f2a81",
      "value": "C:\\hsh_python"
    }
  },
  {
    "model": "environments.contextvariable",
    "pk": "994a5f0b-799f-48ff-910c-5b4d5d307c7b",
    "fields": {
      "environment": "44b23b94-6aae-4205-ae67-2f8c021c67aa",
      "key": "d0af4b3d-a6cb-5d15-bc49-b8e9948fbb50",
      "value": "{{BASE_DIR}}\\venv"
    }
  },
  {
    "model": "environments.contextvariable",
    "pk": "a1f2c3d4-5e6b-47a8-9c01-1122334455aa",
    "fields": {
      "environment": "b7e4c2a1-3f8d-4a9e-9c1f-2d5a8b6f4e21",
      "key": "fa470a08-db2a-5058-8da3-5b58895ea1b4",
      "value": "{{BASE_DIR}}"
    }
  },
  {
    "model": "environments.contextvariable",
    "pk": "a1f2c3d4-5e6b-47a8-9c01-1122334455bb",
    "fields": {
      "environment": "b7e4c2a1-3f8d-4a9e-9c1f-2d5a8b6f4e21",
      "key": "d0af4b3d-a6cb-5d15-bc49-b8e9948fbb50",
      "value": "{{BASE_DIR}}\\venv"
    }
  },
  {
    "model": "environments.contextvariable",
    "pk": "5b74927d-713d-43ab-a35c-5cbafdb2e403",
    "fields": {
      "environment": "4d82fab0-c62d-4204-a316-476476c10a55",
      "key": "d0af4b3d-a6cb-5d15-bc49-b8e9948fbb50",
      "value": "{{BASE_DIR}}/venv"
    }
  },
  {
    "model": "environments.contextvariable",
    "pk": "cac3a37f-c52d-44be-96de-bffaad51f2e8",
    "fields": {
      "environment": "4d82fab0-c62d-4204-a316-476476c10a55",
      "key": "fa470a08-db2a-5058-8da3-5b58895ea1b4",
      "value": "{{BASE_DIR}}"
    }
  },
  {
    "model": "environments.contextvariable",
    "pk": "b412f51a-a3ab-40db-8613-d86b5517ac55",
    "fields": {
      "environment": "44b23b94-6aae-4205-ae67-2f8c021c67aa",
      "key": "3baa118f-dd49-5aa6-8ab7-a3f75d809484",
      "value": "are-self-bin\\4_prerelease"
    }
  },
  {
    "model": "environments.contextvariable",
    "pk": "0d2ff4a3-adb2-4f34-9756-3dd5640ab7eb",
    "fields": {
      "environment": "c1b7a124-a50b-4710-aa85-154736a839bc",
      "key": "662f350c-1595-5d5d-ba23-04259ca765be",
      "value": "Are-Self-UI"
    }
  },
  {
    "model": "environments.contextvariable",
    "pk": "bb1576aa-3896-4903-8e34-e2cd13634cd6",
    "fields": {
      "environment": "c1b7a124-a50b-4710-aa85-154736a839bc",
      "key": "f88bfedf-6e56-5cad-83a8-82eebe5f2a81",
      "value": "C:\\are-self-ui\\src"
    }
  },
  {
    "model": "environments.contextvariable",
    "pk": "2a6c404a-dca3-45a7-b62e-36e731a67afa",
    "fields": {
      "environment": "c1b7a124-a50b-4710-aa85-154736a839bc",
      "key": "fa470a08-db2a-5058-8da3-5b58895ea1b4",
      "value": "{{BASE_DIR}}"
    }
  },
  {
    "model": "environments.contextvariable",
    "pk": "ed679fff-96fa-4128-9eb3-fa61b7dc8f59",
    "fields": {
      "environment": "c1b7a124-a50b-4710-aa85-154736a839bc",
      "key": "d0af4b3d-a6cb-5d15-bc49-b8e9948fbb50",
      "value": "{{BASE_DIR}}/venv/"
    }
  }
]
