[
  {
    "model": "central_nervous_system.axon",
    "pk": "0454487e-b464-4339-815e-65215e45b206",
    "fields": {
      "modified": "2026-02-04T22:04:48.170Z",
      "type": 1,
      "pathway": "4e52e554-f7b3-4adc-96f2-f80da0329774",
      "source": "a4256b95-e48a-4d8a-9aa0-182d19ee5372",
      "target": "3c5218b8-7a7f-45a2-8bd9-f2ce4c416f9d"
    }
  },
  {
    "model": "central_nervous_system.axon",
    "pk": "090fafd4-c733-40ce-9d60-8678a5d94984",
    "fields": {
      "modified": "2026-03-05T13:35:51.252Z",
      "type": 1,
      "pathway": "c3dd041a-20eb-4414-b571-2a5fdbeb9b86",
      "source": "93b30b29-336c-46d4-9965-e1fd254b6476",
      "target": "fb8a5071-96a5-4384-9e4c-855be2f32a64"
    }
  },
  {
    "model": "central_nervous_system.axon",
    "pk": "0943b4c8-c77c-422c-8c35-7f5669e43cfb",
    "fields": {
      "modified": "2026-02-02T15:58:31.820Z",
      "type": 1,
      "pathway": "9dcbedd4-ff8b-45be-9f9a-1734276f9d1b",
      "source": "c82cf180-1af3-4cae-93a2-8a26554d58a7",
      "target": "eb282a0a-1aa1-49c4-becf-9dbd273ac27d"
    }
  },
  {
    "model": "central_nervous_system.axon",
    "pk": "09e9ca5e-cfa7-418f-a296-74f7363a5587",
    "fields": {
      "modified": "2026-02-02T02:18:56.725Z",
      "type": 3,
      "pathway": "9dcbedd4-ff8b-45be-9f9a-1734276f9d1b",
      "source": "814f7fef-c3b1-4468-8485-35108b729780",
      "target": "3d883eeb-a7af-43b9-9447-1fe3af846bb4"
    }
  },
  {
    "model": "central_nervous_system.axon",
    "pk": "126c3f89-d544-4af4-87ba-f0add87748e6",
    "fields": {
      "modified": "2026-02-04T16:20:53.226Z",
      "type": 2,
      "pathway": "4bb635e9-8c6c-41e4-8ca5-70744837b7a2",
      "source": "11f8a150-145c-4f29-9280-ad5ba469c749",
      "target": "8662b013-59cb-4829-aada-9455f70730a6"
    }
  },
  {
    "model": "central_nervous_system.axon",
    "pk": "158bcb5c-92f8-4a1f-a9ce-de57f0c58d07",
    "fields": {
      "modified": "2026-02-03T16:02:26.746Z",
      "type": 2,
      "pathway": "559cecbd-2128-478a-be50-436ba30b7396",
      "source": "6896d68a-87a2-4e40-b4d6-c0becf0abf8d",
      "target": "32e1f94f-e8b9-489a-a604-96e6c72fe784"
    }
  },
  {
    "model": "central_nervous_system.axon",
    "pk": "16db5c3b-df5d-4e66-93d4-15b44c2f3c0f",
    "fields": {
      "modified": "2026-02-04T16:20:47.805Z",
      "type": 2,
      "pathway": "4bb635e9-8c6c-41e4-8ca5-70744837b7a2",
      "source": "63be4aeb-e78b-470c-ac02-8141cd4ce476",
      "target": "11f8a150-145c-4f29-9280-ad5ba469c749"
    }
  },
  {
    "model": "central_nervous_system.axon",
    "pk": "16fbb48b-fdd6-40ff-bcad-aaa05b4e0728",
    "fields": {
      "modified": "2026-02-12T22:39:06.961Z",
      "type": 1,
      "pathway": "5aedec3f-df9d-4149-b62b-6bd17c8ca8a3",
      "source": "2ad7e284-7eb3-4cfc-9e1e-f8d50b6638ba",
      "target": "0be65477-0855-46f0-ba69-73af964abebd"
    }
  },
  {
    "model": "central_nervous_system.axon",
    "pk": "1b82bd8f-f621-4b51-b70e-c8091e598be9",
    "fields": {
      "modified": "2026-02-08T16:51:52.152Z",
      "type": 1,
      "pathway": "2a2a2425-08ff-46d2-b652-adb4153554bf",
      "source": "53d10865-968f-4f4e-991f-ca5f5be62377",
      "target": "d3a74ed7-a607-41b5-9c9b-ad8fdf74becb"
    }
  },
  {
    "model": "central_nervous_system.axon",
    "pk": "2ec19b83-2763-4a65-ac6d-a15bbbdd51e8",
    "fields": {
      "modified": "2026-02-14T13:36:05.076Z",
      "type": 1,
      "pathway": "4e52e554-f7b3-4adc-96f2-f80da0329774",
      "source": "a4256b95-e48a-4d8a-9aa0-182d19ee5372",
      "target": "426a1915-171a-424d-9798-26909f21b402"
    }
  },
  {
    "model": "central_nervous_system.axon",
    "pk": "30574650-c2ad-4ce7-b49c-ac3998cb24b9",
    "fields": {
      "modified": "2026-03-17T20:55:09.403Z",
      "type": 1,
      "pathway": "04c3997f-d5f3-402f-952a-519bbd7e4dee",
      "source": "76178652-cc96-4045-9e70-5797bcb9d361",
      "target": "fa968150-d84a-481d-a3b5-ec6ed710c165"
    }
  },
  {
    "model": "central_nervous_system.axon",
    "pk": "432f7368-6326-4a36-aa72-d025d63a84df",
    "fields": {
      "modified": "2026-02-08T20:23:33.968Z",
      "type": 1,
      "pathway": "2a2a2425-08ff-46d2-b652-adb4153554bf",
      "source": "4428bdb1-2e7e-49ed-b888-d3690b72d06a",
      "target": "6681edd1-d977-446e-a46d-6113bfb6ecb8"
    }
  },
  {
    "model": "central_nervous_system.axon",
    "pk": "4776707d-9419-45bd-9c4e-4cf26543c9fe",
    "fields": {
      "modified": "2026-02-04T16:20:27.635Z",
      "type": 1,
      "pathway": "4bb635e9-8c6c-41e4-8ca5-70744837b7a2",
      "source": "bdf1b105-1c9b-439f-9b2b-3006fcf1a5a3",
      "target": "f5d66c60-a500-4258-be2a-453ad9d6339e"
    }
  },
  {
    "model": "central_nervous_system.axon",
    "pk": "4a5d11d8-5e95-41b9-a188-f7d483a6862d",
    "fields": {
      "modified": "2026-02-08T20:23:55.848Z",
      "type": 1,
      "pathway": "2a2a2425-08ff-46d2-b652-adb4153554bf",
      "source": "35007fab-d063-43d5-8eb1-5cef0e2d2b72",
      "target": "3e25dd26-3d2c-4cc3-9215-8c51ef8eafea"
    }
  },
  {
    "model": "central_nervous_system.axon",
    "pk": "4c425b8a-b788-4d78-9626-c546371ddd2a",
    "fields": {
      "modified": "2026-02-04T16:20:39.813Z",
      "type": 2,
      "pathway": "4bb635e9-8c6c-41e4-8ca5-70744837b7a2",
      "source": "f5d66c60-a500-4258-be2a-453ad9d6339e",
      "target": "ea4a3152-fd9e-481c-a04c-42091c20c60e"
    }
  },
  {
    "model": "central_nervous_system.axon",
    "pk": "4e77944e-e563-44f8-af0a-3d0af010f5d6",
    "fields": {
      "modified": "2026-02-08T20:22:58.396Z",
      "type": 1,
      "pathway": "2a2a2425-08ff-46d2-b652-adb4153554bf",
      "source": "74a18c32-f98c-47d0-aacb-74188363717f",
      "target": "698c33dd-a399-4a80-89cd-16ab450bc3c3"
    }
  },
  {
    "model": "central_nervous_system.axon",
    "pk": "4f4e56a5-c6dc-445c-a7f4-a1e77805a995",
    "fields": {
      "modified": "2026-02-02T14:16:14.679Z",
      "type": 1,
      "pathway": "8686149a-8b56-4a47-b5df-7d8cf7635dbc",
      "source": "6aaa2b9d-63ee-4530-9451-8c6f9e740329",
      "target": "c340f72f-a940-4599-8504-a366c21d5081"
    }
  },
  {
    "model": "central_nervous_system.axon",
    "pk": "502a321f-b9ec-4945-a8dc-98f25c611fbb",
    "fields": {
      "modified": "2026-02-08T20:32:22.140Z",
      "type": 1,
      "pathway": "2a2a2425-08ff-46d2-b652-adb4153554bf",
      "source": "3e25dd26-3d2c-4cc3-9215-8c51ef8eafea",
      "target": "100361ef-fd02-4aa5-9d77-0f734e72d89f"
    }
  },
  {
    "model": "central_nervous_system.axon",
    "pk": "5420f71a-6292-4ec0-ac9b-032c2bf6308d",
    "fields": {
      "modified": "2026-02-19T15:45:57.373Z",
      "type": 1,
      "pathway": "2a2a2425-08ff-46d2-b652-adb4153554bf",
      "source": "ea7aa383-e2e3-42b3-af30-5a7008be143a",
      "target": "d3a74ed7-a607-41b5-9c9b-ad8fdf74becb"
    }
  },
  {
    "model": "central_nervous_system.axon",
    "pk": "5a8becb0-20df-4ab6-bee0-489f313d3e98",
    "fields": {
      "modified": "2026-02-08T20:22:56.485Z",
      "type": 1,
      "pathway": "2a2a2425-08ff-46d2-b652-adb4153554bf",
      "source": "c02ba00d-1e50-42c6-b095-7092ffedb05f",
      "target": "74a18c32-f98c-47d0-aacb-74188363717f"
    }
  },
  {
    "model": "central_nervous_system.axon",
    "pk": "62648bc3-7365-4bc5-969a-0677ea4b793f",
    "fields": {
      "modified": "2026-02-08T20:23:39.902Z",
      "type": 1,
      "pathway": "2a2a2425-08ff-46d2-b652-adb4153554bf",
      "source": "6681edd1-d977-446e-a46d-6113bfb6ecb8",
      "target": "f08e2b80-9b8a-4213-b5b3-a285da56039d"
    }
  },
  {
    "model": "central_nervous_system.axon",
    "pk": "64597e5b-0bf7-4266-9e00-9f0f1603ffd7",
    "fields": {
      "modified": "2026-02-14T13:43:33.234Z",
      "type": 1,
      "pathway": "4e52e554-f7b3-4adc-96f2-f80da0329774",
      "source": "3c5218b8-7a7f-45a2-8bd9-f2ce4c416f9d",
      "target": "7f0d3bf3-ba05-48c7-a9c1-0f5c231177ca"
    }
  },
  {
    "model": "central_nervous_system.axon",
    "pk": "65027920-d917-4486-82b0-da38d1d8eb77",
    "fields": {
      "modified": "2026-02-08T19:37:00.755Z",
      "type": 2,
      "pathway": "2a2a2425-08ff-46d2-b652-adb4153554bf",
      "source": "a30d8af1-e1dd-402b-a10b-fbe22690e79c",
      "target": "4428bdb1-2e7e-49ed-b888-d3690b72d06a"
    }
  },
  {
    "model": "central_nervous_system.axon",
    "pk": "6d08f212-8551-45dc-b876-25467f69a76c",
    "fields": {
      "modified": "2026-02-04T22:04:45.242Z",
      "type": 1,
      "pathway": "4e52e554-f7b3-4adc-96f2-f80da0329774",
      "source": "a4256b95-e48a-4d8a-9aa0-182d19ee5372",
      "target": "f690293c-131f-418b-8af0-967709a1451a"
    }
  },
  {
    "model": "central_nervous_system.axon",
    "pk": "6fd97301-5e26-4daa-833c-b49b80e0f8ad",
    "fields": {
      "modified": "2026-02-08T20:22:54.581Z",
      "type": 1,
      "pathway": "2a2a2425-08ff-46d2-b652-adb4153554bf",
      "source": "d3e42983-f679-48c4-8e37-ede6383d39a9",
      "target": "c02ba00d-1e50-42c6-b095-7092ffedb05f"
    }
  },
  {
    "model": "central_nervous_system.axon",
    "pk": "75735b53-e2ac-41c5-8153-a2328309b4ae",
    "fields": {
      "modified": "2026-02-04T16:20:42.423Z",
      "type": 2,
      "pathway": "4bb635e9-8c6c-41e4-8ca5-70744837b7a2",
      "source": "f5d66c60-a500-4258-be2a-453ad9d6339e",
      "target": "63be4aeb-e78b-470c-ac02-8141cd4ce476"
    }
  },
  {
    "model": "central_nervous_system.axon",
    "pk": "779b9093-dd34-427c-bcf1-c452c115c212",
    "fields": {
      "modified": "2026-01-31T14:40:38.352Z",
      "type": 1,
      "pathway": "52b62ed2-7752-4d16-ba29-4810a54815d0",
      "source": "fc874069-87db-4d94-a3ba-57e980bd32ef",
      "target": "acccb712-3923-4fc1-bf03-21328ff3e935"
    }
  },
  {
    "model": "central_nervous_system.axon",
    "pk": "7dd3674f-f434-4163-a361-63c1d0849caf",
    "fields": {
      "modified": "2026-01-31T20:26:04.533Z",
      "type": 1,
      "pathway": "e94a9c50-5baa-4cae-808e-b17367c11fc6",
      "source": "accb9a5c-3ca6-48ae-bfe1-fc531c7d0ad7",
      "target": "7418d9cc-20a9-4d05-9ed2-23d36a624916"
    }
  },
  {
    "model": "central_nervous_system.axon",
    "pk": "7e180894-2d25-4383-a2d4-65b95604a477",
    "fields": {
      "modified": "2026-02-02T02:18:00.651Z",
      "type": 3,
      "pathway": "9dcbedd4-ff8b-45be-9f9a-1734276f9d1b",
      "source": "814f7fef-c3b1-4468-8485-35108b729780",
      "target": "e7609d3e-b90b-41b5-8297-aba56f693d16"
    }
  },
  {
    "model": "central_nervous_system.axon",
    "pk": "84ecae13-cee5-4e1b-bb3a-89d98de4d9c5",
    "fields": {
      "modified": "2026-02-14T13:43:26.881Z",
      "type": 1,
      "pathway": "4e52e554-f7b3-4adc-96f2-f80da0329774",
      "source": "3c5218b8-7a7f-45a2-8bd9-f2ce4c416f9d",
      "target": "624e2d95-ea8c-4df1-8f26-9968bd324e4f"
    }
  },
  {
    "model": "central_nervous_system.axon",
    "pk": "94e166f0-31f8-49c9-be6e-8a9c96b97b6b",
    "fields": {
      "modified": "2026-02-01T18:15:36.464Z",
      "type": 1,
      "pathway": "9dcbedd4-ff8b-45be-9f9a-1734276f9d1b",
      "source": "43653b65-c4bd-49f5-aca9-2ae0daf925ca",
      "target": "814f7fef-c3b1-4468-8485-35108b729780"
    }
  },
  {
    "model": "central_nervous_system.axon",
    "pk": "97face50-8b09-45e0-bc5c-4e9d567d5808",
    "fields": {
      "modified": "2026-02-10T18:47:03.088Z",
      "type": 1,
      "pathway": "123bc9f0-5c8f-4410-a6e5-a49725fbb375",
      "source": "3298d2c2-60aa-4631-bf51-c2f9725851a2",
      "target": "729d56b5-aa48-4884-b145-d3bb3c9b09d7"
    }
  },
  {
    "model": "central_nervous_system.axon",
    "pk": "9a198d48-5563-4b7a-a9e2-dd08724d2498",
    "fields": {
      "modified": "2026-02-03T16:25:05.489Z",
      "type": 1,
      "pathway": "007d8e9f-1b2c-4d3e-5f6a-7b8c9d0e1f2a",
      "source": "82aac720-3e6b-4c5a-b311-974b2581d63c",
      "target": "24b70184-2759-4081-ba09-a34e1693bb6b"
    }
  },
  {
    "model": "central_nervous_system.axon",
    "pk": "a287cebc-e3f3-4042-a818-45bb14c5fe4a",
    "fields": {
      "modified": "2026-02-08T20:23:00.837Z",
      "type": 1,
      "pathway": "2a2a2425-08ff-46d2-b652-adb4153554bf",
      "source": "698c33dd-a399-4a80-89cd-16ab450bc3c3",
      "target": "a30d8af1-e1dd-402b-a10b-fbe22690e79c"
    }
  },
  {
    "model": "central_nervous_system.axon",
    "pk": "a4399963-a636-42e6-82e8-88767f351f5b",
    "fields": {
      "modified": "2026-02-16T18:52:31.213Z",
      "type": 1,
      "pathway": "925c871c-618e-4de8-a9d2-6978aed216e8",
      "source": "a477b343-a99c-4039-aef2-f89463796187",
      "target": "cf570a86-2145-44d1-b47d-bbb32959e298"
    }
  },
  {
    "model": "central_nervous_system.axon",
    "pk": "ab42ae1a-7f5c-4bcd-8826-66db9135f075",
    "fields": {
      "modified": "2026-02-08T20:22:51.649Z",
      "type": 1,
      "pathway": "2a2a2425-08ff-46d2-b652-adb4153554bf",
      "source": "d3a74ed7-a607-41b5-9c9b-ad8fdf74becb",
      "target": "d3e42983-f679-48c4-8e37-ede6383d39a9"
    }
  },
  {
    "model": "central_nervous_system.axon",
    "pk": "af33cd11-9509-4f0d-be88-0e3e95869999",
    "fields": {
      "modified": "2026-02-02T15:58:34.533Z",
      "type": 1,
      "pathway": "9dcbedd4-ff8b-45be-9f9a-1734276f9d1b",
      "source": "705713a2-939e-448b-84dd-899b94e9ccb8",
      "target": "c82cf180-1af3-4cae-93a2-8a26554d58a7"
    }
  },
  {
    "model": "central_nervous_system.axon",
    "pk": "bcfe35ef-5d24-4943-aa6f-5f058680af85",
    "fields": {
      "modified": "2026-02-16T21:54:32.244Z",
      "type": 1,
      "pathway": "925c871c-618e-4de8-a9d2-6978aed216e8",
      "source": "cf570a86-2145-44d1-b47d-bbb32959e298",
      "target": "4dff2f60-4665-4153-91b0-752c148322d8"
    }
  },
  {
    "model": "central_nervous_system.axon",
    "pk": "c5359cdc-8fce-4d62-a031-90e95bca8516",
    "fields": {
      "modified": "2026-02-19T15:45:50.142Z",
      "type": 1,
      "pathway": "2a2a2425-08ff-46d2-b652-adb4153554bf",
      "source": "53d10865-968f-4f4e-991f-ca5f5be62377",
      "target": "ea7aa383-e2e3-42b3-af30-5a7008be143a"
    }
  },
  {
    "model": "central_nervous_system.axon",
    "pk": "cd453d6d-ef68-42d3-a5ca-4db86db9a9d4",
    "fields": {
      "modified": "2026-02-03T16:26:11.380Z",
      "type": 2,
      "pathway": "007d8e9f-1b2c-4d3e-5f6a-7b8c9d0e1f2a",
      "source": "24b70184-2759-4081-ba09-a34e1693bb6b",
      "target": "28dcc240-9b3b-4c10-98a4-7d3e086a6305"
    }
  },
  {
    "model": "central_nervous_system.axon",
    "pk": "cf0de4ab-551c-4549-8cd6-b6ee282a8dd9",
    "fields": {
      "modified": "2026-02-02T02:17:56.315Z",
      "type": 1,
      "pathway": "9dcbedd4-ff8b-45be-9f9a-1734276f9d1b",
      "source": "e7609d3e-b90b-41b5-8297-aba56f693d16",
      "target": "814f7fef-c3b1-4468-8485-35108b729780"
    }
  },
  {
    "model": "central_nervous_system.axon",
    "pk": "cfdb21ad-557e-4818-9897-4e76b3ed512d",
    "fields": {
      "modified": "2026-02-08T16:59:06.071Z",
      "type": 1,
      "pathway": "f0f0f0f0-f0f0-f0f0-f0f0-f0f0f0f0f0f0",
      "source": "4787941a-a227-40c4-8d45-53c62ef96e16",
      "target": "53cd31bd-c4c2-4004-b978-60f70e0d75c5"
    }
  },
  {
    "model": "central_nervous_system.axon",
    "pk": "d803d7b0-23e8-4b14-91b6-4d2d115bee19",
    "fields": {
      "modified": "2026-03-07T23:49:03.534Z",
      "type": 1,
      "pathway": "925c871c-618e-4de8-a9d2-6978aed216e8",
      "source": "305fac88-d3a8-4639-a0c6-7845896c33dd",
      "target": "3fcf4d83-308a-47a1-a50c-7829d8779ca0"
    }
  },
  {
    "model": "central_nervous_system.axon",
    "pk": "e6b9abfd-29b7-4a42-8562-28d8cc74856e",
    "fields": {
      "modified": "2026-02-08T20:32:41.980Z",
      "type": 1,
      "pathway": "2a2a2425-08ff-46d2-b652-adb4153554bf",
      "source": "100361ef-fd02-4aa5-9d77-0f734e72d89f",
      "target": "3b8a1e5d-dd76-4297-bb24-fef0149b5981"
    }
  },
  {
    "model": "central_nervous_system.axon",
    "pk": "eaf519bc-afff-4b15-9edf-470a0b03a647",
    "fields": {
      "modified": "2026-02-12T22:40:25.021Z",
      "type": 1,
      "pathway": "94a67ded-0d4b-4060-b79a-6f895b2373a3",
      "source": "9731f665-7636-4964-8939-986a9f9dfc47",
      "target": "5c669db7-f89b-4278-8579-30e5ad4f08bc"
    }
  },
  {
    "model": "central_nervous_system.axon",
    "pk": "f0c54f94-65ab-41ca-839a-e71caaba34b0",
    "fields": {
      "modified": "2026-02-08T20:23:51.248Z",
      "type": 1,
      "pathway": "2a2a2425-08ff-46d2-b652-adb4153554bf",
      "source": "f08e2b80-9b8a-4213-b5b3-a285da56039d",
      "target": "35007fab-d063-43d5-8eb1-5cef0e2d2b72"
    }
  },
  {
    "model": "central_nervous_system.axon",
    "pk": "f34aaff0-ebba-44f2-ab2a-0f7a7ab3853f",
    "fields": {
      "modified": "2026-02-01T18:53:40.638Z",
      "type": 1,
      "pathway": "9dcbedd4-ff8b-45be-9f9a-1734276f9d1b",
      "source": "814f7fef-c3b1-4468-8485-35108b729780",
      "target": "da8ae4dd-e7bb-4fae-afc5-5f94c66baa84"
    }
  },
  {
    "model": "central_nervous_system.axon",
    "pk": "f4ac4ca7-d2be-41bb-bc6a-213b1531d1ba",
    "fields": {
      "modified": "2026-02-19T15:46:52.464Z",
      "type": 1,
      "pathway": "4bb635e9-8c6c-41e4-8ca5-70744837b7a2",
      "source": "bdf1b105-1c9b-439f-9b2b-3006fcf1a5a3",
      "target": "63be4aeb-e78b-470c-ac02-8141cd4ce476"
    }
  },
  {
    "model": "central_nervous_system.axon",
    "pk": "f765eca1-c467-4d58-bd95-0a75a56caaf6",
    "fields": {
      "modified": "2026-02-02T15:58:38.712Z",
      "type": 1,
      "pathway": "9dcbedd4-ff8b-45be-9f9a-1734276f9d1b",
      "source": "eb282a0a-1aa1-49c4-becf-9dbd273ac27d",
      "target": "43653b65-c4bd-49f5-aca9-2ae0daf925ca"
    }
  },
  {
    "model": "central_nervous_system.axon",
    "pk": "fd781f2a-f86a-4f20-b539-1f29b29f7e14",
    "fields": {
      "modified": "2026-02-10T18:47:06.150Z",
      "type": 1,
      "pathway": "123bc9f0-5c8f-4410-a6e5-a49725fbb375",
      "source": "729d56b5-aa48-4884-b145-d3bb3c9b09d7",
      "target": "dfbe5486-14c7-4e94-9497-7414801f282a"
    }
  },
  {
    "model": "central_nervous_system.axon",
    "pk": "fe73687b-e5bd-4d55-a69e-636692293470",
    "fields": {
      "modified": "2026-03-01T16:29:30.878Z",
      "type": 1,
      "pathway": "559cecbd-2128-478a-be50-436ba30b7396",
      "source": "ac2e64b0-c04c-4502-ab9e-2d130b4c928c",
      "target": "6896d68a-87a2-4e40-b4d6-c0becf0abf8d"
    }
  },
  {
    "model": "central_nervous_system.effector",
    "pk": "05b10a19-ab1f-4d1a-8528-9b735afdeb64",
    "fields": {
      "created": "2026-01-31T16:09:07.810Z",
      "description": null,
      "modified": "2026-02-12T22:05:47.939Z",
      "name": "Dump Scripts",
      "is_favorite": false,
      "executable": "558806d7-d009-4e89-8e4e-86979dcd0594",
      "distribution_mode": 1,
      "tags": [],
      "switches": []
    }
  },
  {
    "model": "central_nervous_system.effector",
    "pk": "350d9c6d-494a-456c-8761-2bd4b45308dd",
    "fields": {
      "created": "2026-02-16T18:40:09.814Z",
      "description": null,
      "modified": "2026-02-16T18:59:11.608Z",
      "name": "Generate Prompt Payload",
      "is_favorite": false,
      "executable": "11915177-a32b-4883-8c9f-e137c528c20d",
      "distribution_mode": 1,
      "tags": [],
      "switches": []
    }
  },
  {
    "model": "central_nervous_system.effector",
    "pk": "398bff83-6207-4365-ac48-e65d33ce7055",
    "fields": {
      "created": "2026-03-05T13:35:37.844Z",
      "description": null,
      "modified": "2026-03-05T13:35:37.844Z",
      "name": "Temporal Lobe Effector",
      "is_favorite": false,
      "executable": "ef611428-bac0-4ce9-a872-70864e91b600",
      "distribution_mode": 1,
      "tags": [],
      "switches": []
    }
  },
  {
    "model": "central_nervous_system.effector",
    "pk": "3a58ff56-c03c-48e7-aad7-631cd8958c94",
    "fields": {
      "created": "2026-02-16T21:53:52.610Z",
      "description": null,
      "modified": "2026-02-16T21:53:52.610Z",
      "name": "Delete Prompt Temp File",
      "is_favorite": false,
      "executable": "dfe7b955-d22f-4630-a1f9-36b1ff59c591",
      "distribution_mode": 1,
      "tags": [],
      "switches": []
    }
  },
  {
    "model": "central_nervous_system.effector",
    "pk": "3eb5fabe-1cee-4ec7-9383-e6d3f5758f06",
    "fields": {
      "created": "2026-02-08T17:56:39.786Z",
      "description": null,
      "modified": "2026-02-08T17:56:39.786Z",
      "name": "Restore UserConfig (Cache -> Prerelease)",
      "is_favorite": false,
      "executable": "6fcad69c-37de-4706-ac5e-a34ad3e6be9f",
      "distribution_mode": 1,
      "tags": [],
      "switches": [
        "1f3e58df-561f-4339-bc6b-cd323b30c2bc",
        "17de6f13-3091-48f7-bf09-d49766fc2ce4",
        "fcdec17d-0f16-4e72-96a7-3a45ad42af20",
        "d9065261-ea0e-4de9-b86e-444bc96b7680",
        "338a1f2b-88eb-40f3-b738-0020bd794545",
        "97f5d146-3d64-4b07-8e7c-f66aa7af1894",
        "31f85c89-b075-4292-bb73-aa98cb4bf562"
      ]
    }
  },
  {
    "model": "central_nervous_system.effector",
    "pk": "431d5dfc-148f-4685-8df7-02b6b9c40402",
    "fields": {
      "created": "2026-02-12T22:07:16.774Z",
      "description": null,
      "modified": "2026-02-12T22:07:16.774Z",
      "name": "Dump Project Scripts",
      "is_favorite": false,
      "executable": "558806d7-d009-4e89-8e4e-86979dcd0594",
      "distribution_mode": 1,
      "tags": [],
      "switches": []
    }
  },
  {
    "model": "central_nervous_system.effector",
    "pk": "4be86b6d-7283-4be7-9c6a-9fdf78a5ab2c",
    "fields": {
      "created": "2026-01-31T15:51:56.896Z",
      "description": null,
      "modified": "2026-01-31T15:51:56.896Z",
      "name": "Remove Intermediate",
      "is_favorite": false,
      "executable": "dfe7b955-d22f-4630-a1f9-36b1ff59c591",
      "distribution_mode": 1,
      "tags": [],
      "switches": []
    }
  },
  {
    "model": "central_nervous_system.effector",
    "pk": "5a303583-5ad2-4c66-b7df-ca01c673fd20",
    "fields": {
      "created": "2026-02-17T18:23:16.500Z",
      "description": "DEPRECATED — moved to PK 8",
      "modified": "2026-02-17T18:26:37.884Z",
      "name": "Frontal Lobe Node (Deprecated)",
      "is_favorite": false,
      "executable": "24e213d0-92c1-4b77-8a35-f6998075efc0",
      "distribution_mode": 1,
      "tags": [],
      "switches": []
    }
  },
  {
    "model": "central_nervous_system.effector",
    "pk": "5c605857-e50e-47b7-a262-74d0551690a7",
    "fields": {
      "created": "2026-02-08T17:51:13.962Z",
      "description": null,
      "modified": "2026-02-08T17:51:31.870Z",
      "name": "Remove Pre-Release User Config",
      "is_favorite": false,
      "executable": "dfe7b955-d22f-4630-a1f9-36b1ff59c591",
      "distribution_mode": 1,
      "tags": [],
      "switches": [
        "4206c5ac-2f1b-49d2-8a60-3166796c2033",
        "b8e820f9-4a51-4365-aa6c-cc2b450841f8"
      ]
    }
  },
  {
    "model": "central_nervous_system.effector",
    "pk": "5f77b921-1b31-40ce-a200-fa35543e420c",
    "fields": {
      "created": "2026-01-31T20:25:05.728Z",
      "description": null,
      "modified": "2026-02-16T20:35:29.308Z",
      "name": "Ollama Query llama3.2:3b from Path",
      "is_favorite": false,
      "executable": "dfe7b955-d22f-4630-a1f9-36b1ff59c591",
      "distribution_mode": 1,
      "tags": [],
      "switches": []
    }
  },
  {
    "model": "central_nervous_system.effector",
    "pk": "64c0995a-cbd2-47d3-a452-e36ea4d46154",
    "fields": {
      "created": "2026-02-17T18:23:16.500Z",
      "description": null,
      "modified": "2026-02-17T18:26:37.884Z",
      "name": "Frontal Lobe Node",
      "is_favorite": false,
      "executable": "24e213d0-92c1-4b77-8a35-f6998075efc0",
      "distribution_mode": 1,
      "tags": [],
      "switches": []
    }
  },
  {
    "model": "central_nervous_system.effector",
    "pk": "75d966b7-73b1-4c05-87b6-7fab719b0b27",
    "fields": {
      "created": "2026-02-08T17:47:11.756Z",
      "description": null,
      "modified": "2026-02-08T17:47:11.756Z",
      "name": "Remove Pre-Release Logs",
      "is_favorite": false,
      "executable": "dfe7b955-d22f-4630-a1f9-36b1ff59c591",
      "distribution_mode": 1,
      "tags": [],
      "switches": [
        "4206c5ac-2f1b-49d2-8a60-3166796c2033",
        "b8e820f9-4a51-4365-aa6c-cc2b450841f8"
      ]
    }
  },
  {
    "model": "central_nervous_system.effector",
    "pk": "801bb39e-394c-4c5d-b527-e54a51d359fc",
    "fields": {
      "created": "2026-01-30T16:34:23.839Z",
      "description": null,
      "modified": "2026-01-30T16:34:23.839Z",
      "name": "Cache Shader Cache",
      "is_favorite": false,
      "executable": "6fcad69c-37de-4706-ac5e-a34ad3e6be9f",
      "distribution_mode": 1,
      "tags": [],
      "switches": []
    }
  },
  {
    "model": "central_nervous_system.effector",
    "pk": "831d5e40-b421-4247-abd5-03cc9718ffda",
    "fields": {
      "created": "2026-01-30T18:37:12.059Z",
      "description": null,
      "modified": "2026-01-30T18:39:01.226Z",
      "name": "Add Shaders to Prerelease",
      "is_favorite": false,
      "executable": "6fcad69c-37de-4706-ac5e-a34ad3e6be9f",
      "distribution_mode": 1,
      "tags": [],
      "switches": []
    }
  },
  {
    "model": "central_nervous_system.effector",
    "pk": "84c1de07-491b-42a2-8d4b-f43d21c1e66e",
    "fields": {
      "created": "2026-02-10T18:44:05.324Z",
      "description": null,
      "modified": "2026-02-10T18:44:57.240Z",
      "name": "List Location",
      "is_favorite": false,
      "executable": "c8cb58b0-341b-43d3-bfcf-8d31dca28375",
      "distribution_mode": 1,
      "tags": [],
      "switches": []
    }
  },
  {
    "model": "central_nervous_system.effector",
    "pk": "8a91f387-7adc-4fa2-ba11-08e05f750d10",
    "fields": {
      "created": "2026-01-17T02:00:50.152Z",
      "description": null,
      "modified": "2026-01-20T16:14:01.054Z",
      "name": "MP Remotes",
      "is_favorite": false,
      "executable": "974ed732-6f2d-47f4-9482-18d17c73086e",
      "distribution_mode": 1,
      "tags": [],
      "switches": []
    }
  },
  {
    "model": "central_nervous_system.effector",
    "pk": "8b7e9d2a-7a91-4f3f-ba70-875c61b64cce",
    "fields": {
      "created": "2026-01-27T17:25:34.483Z",
      "description": null,
      "modified": "2026-01-27T17:26:18.581Z",
      "name": "Get Agent UUID",
      "is_favorite": false,
      "executable": "c8cb58b0-341b-43d3-bfcf-8d31dca28375",
      "distribution_mode": 4,
      "tags": [],
      "switches": []
    }
  },
  {
    "model": "central_nervous_system.effector",
    "pk": "90824791-343a-49c3-9d76-2c38dee14639",
    "fields": {
      "created": "2026-01-08T18:00:00Z",
      "description": null,
      "modified": "2026-01-27T23:11:29.978Z",
      "name": "Deploy",
      "is_favorite": false,
      "executable": "6fcad69c-37de-4706-ac5e-a34ad3e6be9f",
      "distribution_mode": 2,
      "tags": [],
      "switches": [
        "1f3e58df-561f-4339-bc6b-cd323b30c2bc",
        "6ff47269-e9f4-4931-afb1-33d69293d8f9",
        "17de6f13-3091-48f7-bf09-d49766fc2ce4",
        "fcdec17d-0f16-4e72-96a7-3a45ad42af20",
        "338a1f2b-88eb-40f3-b738-0020bd794545",
        "97f5d146-3d64-4b07-8e7c-f66aa7af1894",
        "31f85c89-b075-4292-bb73-aa98cb4bf562"
      ]
    }
  },
  {
    "model": "central_nervous_system.effector",
    "pk": "9c957268-7903-4640-b66d-a7ac186666c4",
    "fields": {
      "created": "2026-02-08T19:00:18.699Z",
      "description": null,
      "modified": "2026-02-08T22:49:22.505Z",
      "name": "Remote Pre-Release Save to Cache",
      "is_favorite": false,
      "executable": "6fcad69c-37de-4706-ac5e-a34ad3e6be9f",
      "distribution_mode": 2,
      "tags": [],
      "switches": [
        "17de6f13-3091-48f7-bf09-d49766fc2ce4",
        "fcdec17d-0f16-4e72-96a7-3a45ad42af20",
        "d9065261-ea0e-4de9-b86e-444bc96b7680",
        "338a1f2b-88eb-40f3-b738-0020bd794545",
        "97f5d146-3d64-4b07-8e7c-f66aa7af1894",
        "31f85c89-b075-4292-bb73-aa98cb4bf562",
        "a36eee44-c38a-4967-bcfb-05c0806772d8"
      ]
    }
  },
  {
    "model": "central_nervous_system.effector",
    "pk": "a5ab1496-e437-40a0-8587-76df6f95ea4f",
    "fields": {
      "created": "2026-02-08T17:55:00.040Z",
      "description": null,
      "modified": "2026-02-08T22:49:57.630Z",
      "name": "Backup UserConfig (Prerelease -> Cache)",
      "is_favorite": false,
      "executable": "6fcad69c-37de-4706-ac5e-a34ad3e6be9f",
      "distribution_mode": 1,
      "tags": [],
      "switches": [
        "17de6f13-3091-48f7-bf09-d49766fc2ce4",
        "fcdec17d-0f16-4e72-96a7-3a45ad42af20",
        "d9065261-ea0e-4de9-b86e-444bc96b7680",
        "338a1f2b-88eb-40f3-b738-0020bd794545",
        "97f5d146-3d64-4b07-8e7c-f66aa7af1894",
        "31f85c89-b075-4292-bb73-aa98cb4bf562",
        "a36eee44-c38a-4967-bcfb-05c0806772d8"
      ]
    }
  },
  {
    "model": "central_nervous_system.effector",
    "pk": "a8bf402f-38d3-4031-bfd5-099d9b075d1e",
    "fields": {
      "created": "2026-02-08T19:33:00.839Z",
      "description": null,
      "modified": "2026-02-08T22:48:48.160Z",
      "name": "Remote Pre-Release Cache UserConfig",
      "is_favorite": false,
      "executable": "6fcad69c-37de-4706-ac5e-a34ad3e6be9f",
      "distribution_mode": 2,
      "tags": [],
      "switches": [
        "17de6f13-3091-48f7-bf09-d49766fc2ce4",
        "fcdec17d-0f16-4e72-96a7-3a45ad42af20",
        "d9065261-ea0e-4de9-b86e-444bc96b7680",
        "338a1f2b-88eb-40f3-b738-0020bd794545",
        "97f5d146-3d64-4b07-8e7c-f66aa7af1894",
        "31f85c89-b075-4292-bb73-aa98cb4bf562",
        "a36eee44-c38a-4967-bcfb-05c0806772d8"
      ]
    }
  },
  {
    "model": "central_nervous_system.effector",
    "pk": "aac083e3-4c05-47d0-b0e2-953138fd98b1",
    "fields": {
      "created": "2026-01-31T15:17:41.419Z",
      "description": null,
      "modified": "2026-02-08T18:03:51.164Z",
      "name": "Remove Pre-Release SaveGames",
      "is_favorite": false,
      "executable": "dfe7b955-d22f-4630-a1f9-36b1ff59c591",
      "distribution_mode": 1,
      "tags": [],
      "switches": [
        "4206c5ac-2f1b-49d2-8a60-3166796c2033",
        "b8e820f9-4a51-4365-aa6c-cc2b450841f8"
      ]
    }
  },
  {
    "model": "central_nervous_system.effector",
    "pk": "ba9df75e-d096-456f-9800-1e0f01a72dc0",
    "fields": {
      "created": "2026-02-08T19:34:47.032Z",
      "description": null,
      "modified": "2026-02-08T19:34:47.032Z",
      "name": "Remote Restore User Config",
      "is_favorite": false,
      "executable": "6fcad69c-37de-4706-ac5e-a34ad3e6be9f",
      "distribution_mode": 2,
      "tags": [],
      "switches": [
        "1f3e58df-561f-4339-bc6b-cd323b30c2bc",
        "17de6f13-3091-48f7-bf09-d49766fc2ce4",
        "fcdec17d-0f16-4e72-96a7-3a45ad42af20",
        "d9065261-ea0e-4de9-b86e-444bc96b7680",
        "338a1f2b-88eb-40f3-b738-0020bd794545",
        "97f5d146-3d64-4b07-8e7c-f66aa7af1894",
        "31f85c89-b075-4292-bb73-aa98cb4bf562"
      ]
    }
  },
  {
    "model": "central_nervous_system.effector",
    "pk": "ddd12cdf-3785-4f02-9b38-0589c568b918",
    "fields": {
      "created": "2026-01-31T14:37:51.784Z",
      "description": null,
      "modified": "2026-02-08T22:50:30.100Z",
      "name": "Backup SaveGames (Prerelease -> Cache)",
      "is_favorite": false,
      "executable": "6fcad69c-37de-4706-ac5e-a34ad3e6be9f",
      "distribution_mode": 1,
      "tags": [],
      "switches": [
        "17de6f13-3091-48f7-bf09-d49766fc2ce4",
        "fcdec17d-0f16-4e72-96a7-3a45ad42af20",
        "d9065261-ea0e-4de9-b86e-444bc96b7680",
        "338a1f2b-88eb-40f3-b738-0020bd794545",
        "97f5d146-3d64-4b07-8e7c-f66aa7af1894",
        "31f85c89-b075-4292-bb73-aa98cb4bf562",
        "a36eee44-c38a-4967-bcfb-05c0806772d8"
      ]
    }
  },
  {
    "model": "central_nervous_system.effector",
    "pk": "e1ae3de5-d328-459c-94f0-34df086d0d81",
    "fields": {
      "created": "2026-01-27T19:19:00.155Z",
      "description": null,
      "modified": "2026-01-27T19:19:00.155Z",
      "name": "Scan for Agents",
      "is_favorite": false,
      "executable": "6fb7f8af-60b6-4f04-aa07-d4d36c680e38",
      "distribution_mode": 1,
      "tags": [],
      "switches": []
    }
  },
  {
    "model": "central_nervous_system.effector",
    "pk": "eea620e6-9185-424c-bc47-e87d1558353c",
    "fields": {
      "created": "2026-02-11T16:30:50.618Z",
      "description": null,
      "modified": "2026-02-11T23:14:10.176Z",
      "name": "Switch Resolution Test",
      "is_favorite": false,
      "executable": "c8cb58b0-341b-43d3-bfcf-8d31dca28375",
      "distribution_mode": 1,
      "tags": [],
      "switches": []
    }
  },
  {
    "model": "central_nervous_system.effector",
    "pk": "f26e93b1-1b5e-439b-8879-3eaacf937f43",
    "fields": {
      "created": "2026-02-08T19:02:16.111Z",
      "description": null,
      "modified": "2026-02-08T19:29:25.342Z",
      "name": "Remote Pre-Release Restore Save",
      "is_favorite": false,
      "executable": "6fcad69c-37de-4706-ac5e-a34ad3e6be9f",
      "distribution_mode": 2,
      "tags": [],
      "switches": [
        "1f3e58df-561f-4339-bc6b-cd323b30c2bc",
        "17de6f13-3091-48f7-bf09-d49766fc2ce4",
        "fcdec17d-0f16-4e72-96a7-3a45ad42af20",
        "d9065261-ea0e-4de9-b86e-444bc96b7680",
        "338a1f2b-88eb-40f3-b738-0020bd794545",
        "97f5d146-3d64-4b07-8e7c-f66aa7af1894",
        "31f85c89-b075-4292-bb73-aa98cb4bf562"
      ]
    }
  },
  {
    "model": "central_nervous_system.effector",
    "pk": "f470784c-7b1e-4dc4-b524-e287b4d8dd8a",
    "fields": {
      "created": "2026-01-31T14:39:35.355Z",
      "description": null,
      "modified": "2026-02-08T22:47:28.893Z",
      "name": "Restore SaveGames (Cache -> Prerelease)",
      "is_favorite": false,
      "executable": "6fcad69c-37de-4706-ac5e-a34ad3e6be9f",
      "distribution_mode": 1,
      "tags": [],
      "switches": [
        "1f3e58df-561f-4339-bc6b-cd323b30c2bc",
        "17de6f13-3091-48f7-bf09-d49766fc2ce4",
        "fcdec17d-0f16-4e72-96a7-3a45ad42af20",
        "d9065261-ea0e-4de9-b86e-444bc96b7680",
        "338a1f2b-88eb-40f3-b738-0020bd794545",
        "97f5d146-3d64-4b07-8e7c-f66aa7af1894",
        "31f85c89-b075-4292-bb73-aa98cb4bf562"
      ]
    }
  },
  {
    "model": "central_nervous_system.effector",
    "pk": "f6fa6b2f-65b6-479a-816f-563c26920c19",
    "fields": {
      "created": "2026-01-08T12:00:00Z",
      "description": null,
      "modified": "2026-01-20T16:24:06.085Z",
      "name": "UAT Run (Legacy)",
      "is_favorite": false,
      "executable": "974ed732-6f2d-47f4-9482-18d17c73086e",
      "distribution_mode": 1,
      "tags": [],
      "switches": []
    }
  },
  {
    "model": "central_nervous_system.effectorargumentassignment",
    "pk": "089c7e69-f4b8-40dc-9db3-99cb89db7769",
    "fields": {
      "effector": "f26e93b1-1b5e-439b-8879-3eaacf937f43",
      "order": 10,
      "argument": "6072b897-e5a4-4bea-9e90-6eb6b0eacf9a"
    }
  },
  {
    "model": "central_nervous_system.effectorargumentassignment",
    "pk": "0b1acff2-8981-4f3a-83c8-5e2c11aedc0e",
    "fields": {
      "effector": "831d5e40-b421-4247-abd5-03cc9718ffda",
      "order": 10,
      "argument": "1039da3b-f648-4efb-a524-19d17737bf58"
    }
  },
  {
    "model": "central_nervous_system.effectorargumentassignment",
    "pk": "0f0d9bc5-4558-4b68-81ce-b72220bb8c5c",
    "fields": {
      "effector": "05b10a19-ab1f-4d1a-8528-9b735afdeb64",
      "order": 10,
      "argument": "679dd31c-709a-41a8-8b69-a44c643880f7"
    }
  },
  {
    "model": "central_nervous_system.effectorargumentassignment",
    "pk": "124148c7-93c0-43f7-914d-12910fc9d426",
    "fields": {
      "effector": "5f77b921-1b31-40ce-a200-fa35543e420c",
      "order": 2,
      "argument": "95c8d51b-0769-4d85-a18f-891a4178b081"
    }
  },
  {
    "model": "central_nervous_system.effectorargumentassignment",
    "pk": "1632de28-9cd2-4c64-861b-5cd21beb324e",
    "fields": {
      "effector": "84c1de07-491b-42a2-8d4b-f43d21c1e66e",
      "order": 10,
      "argument": "89714d07-c757-4648-b1f5-db7ed5b96abb"
    }
  },
  {
    "model": "central_nervous_system.effectorargumentassignment",
    "pk": "1763a876-a8e8-4f25-8874-f0ec6c85895c",
    "fields": {
      "effector": "5c605857-e50e-47b7-a262-74d0551690a7",
      "order": 10,
      "argument": "099e0bc7-1679-4635-aa09-224522d077b6"
    }
  },
  {
    "model": "central_nervous_system.effectorargumentassignment",
    "pk": "1b68e7e5-9d32-429b-abe8-f0e25e52ff1d",
    "fields": {
      "effector": "90824791-343a-49c3-9d76-2c38dee14639",
      "order": 2,
      "argument": "1741c851-24bc-4120-b503-3e838b3115a6"
    }
  },
  {
    "model": "central_nervous_system.effectorargumentassignment",
    "pk": "1ea13261-bc32-4b2c-8a05-b50639b47228",
    "fields": {
      "effector": "5f77b921-1b31-40ce-a200-fa35543e420c",
      "order": 0,
      "argument": "c5622207-210d-44be-949b-3ce2aaeda837"
    }
  },
  {
    "model": "central_nervous_system.effectorargumentassignment",
    "pk": "25cd876c-53b2-4bef-a353-8e6e3767ec6f",
    "fields": {
      "effector": "9c957268-7903-4640-b66d-a7ac186666c4",
      "order": 10,
      "argument": "6072b897-e5a4-4bea-9e90-6eb6b0eacf9a"
    }
  },
  {
    "model": "central_nervous_system.effectorargumentassignment",
    "pk": "2c3f322f-0a89-428d-b06e-30ec3da669d3",
    "fields": {
      "effector": "a8bf402f-38d3-4031-bfd5-099d9b075d1e",
      "order": 10,
      "argument": "7aa41c5d-5283-4a5c-a0c5-297a8138803a"
    }
  },
  {
    "model": "central_nervous_system.effectorargumentassignment",
    "pk": "2dc5ba63-6e00-4db8-be39-6ebd795ee312",
    "fields": {
      "effector": "75d966b7-73b1-4c05-87b6-7fab719b0b27",
      "order": 10,
      "argument": "099e0bc7-1679-4635-aa09-224522d077b6"
    }
  },
  {
    "model": "central_nervous_system.effectorargumentassignment",
    "pk": "3085f5c1-a724-4419-8a1c-8d8c17654f9b",
    "fields": {
      "effector": "831d5e40-b421-4247-abd5-03cc9718ffda",
      "order": 2,
      "argument": "3014f63b-37fd-433a-8d02-573a5aa36a95"
    }
  },
  {
    "model": "central_nervous_system.effectorargumentassignment",
    "pk": "327bb0c8-2c41-4f7a-842d-8332c7124d11",
    "fields": {
      "effector": "ba9df75e-d096-456f-9800-1e0f01a72dc0",
      "order": 10,
      "argument": "42753cc5-cfe3-4ca0-9132-40e0c9f1d7a9"
    }
  },
  {
    "model": "central_nervous_system.effectorargumentassignment",
    "pk": "35c47dc3-8eda-449c-86e5-bd7846e6160c",
    "fields": {
      "effector": "a5ab1496-e437-40a0-8587-76df6f95ea4f",
      "order": 10,
      "argument": "42753cc5-cfe3-4ca0-9132-40e0c9f1d7a9"
    }
  },
  {
    "model": "central_nervous_system.effectorargumentassignment",
    "pk": "3a24f0ee-5881-4000-a24a-b1a5756e2852",
    "fields": {
      "effector": "05b10a19-ab1f-4d1a-8528-9b735afdeb64",
      "order": 10,
      "argument": "53f77432-e7ab-45d4-a2cf-8fbc4c822588"
    }
  },
  {
    "model": "central_nervous_system.effectorargumentassignment",
    "pk": "3b579804-8445-447c-b52b-cc2b634697e9",
    "fields": {
      "effector": "3a58ff56-c03c-48e7-aad7-631cd8958c94",
      "order": 10,
      "argument": "d64432fb-9433-45c9-beab-b81636f73964"
    }
  },
  {
    "model": "central_nervous_system.effectorargumentassignment",
    "pk": "3c4ad6b6-5982-4993-bb30-69b0826c8e8b",
    "fields": {
      "effector": "a5ab1496-e437-40a0-8587-76df6f95ea4f",
      "order": 10,
      "argument": "7aa41c5d-5283-4a5c-a0c5-297a8138803a"
    }
  },
  {
    "model": "central_nervous_system.effectorargumentassignment",
    "pk": "411c3055-887b-422b-a6f8-700a3b32ec75",
    "fields": {
      "effector": "9c957268-7903-4640-b66d-a7ac186666c4",
      "order": 10,
      "argument": "c6baeb32-947d-4d7d-834b-e6bf756a1cf4"
    }
  },
  {
    "model": "central_nervous_system.effectorargumentassignment",
    "pk": "4acd424b-9c9a-42ef-b3c3-d3844e30be9f",
    "fields": {
      "effector": "5c605857-e50e-47b7-a262-74d0551690a7",
      "order": 10,
      "argument": "42753cc5-cfe3-4ca0-9132-40e0c9f1d7a9"
    }
  },
  {
    "model": "central_nervous_system.effectorargumentassignment",
    "pk": "4c1f0f9a-83e8-4178-a72c-d7ba7f351ba0",
    "fields": {
      "effector": "431d5dfc-148f-4685-8df7-02b6b9c40402",
      "order": 10,
      "argument": "ad478572-9161-4499-ac47-1c9ba9e6d412"
    }
  },
  {
    "model": "central_nervous_system.effectorargumentassignment",
    "pk": "51392510-b5cc-48cc-9852-f5d0054fb9e3",
    "fields": {
      "effector": "90824791-343a-49c3-9d76-2c38dee14639",
      "order": 1,
      "argument": "ceb749f6-c979-402a-b5d7-5a6fa0f5a385"
    }
  },
  {
    "model": "central_nervous_system.effectorargumentassignment",
    "pk": "5250a2f2-61f3-4f7d-a129-c4201584dd87",
    "fields": {
      "effector": "3eb5fabe-1cee-4ec7-9383-e6d3f5758f06",
      "order": 10,
      "argument": "7aa41c5d-5283-4a5c-a0c5-297a8138803a"
    }
  },
  {
    "model": "central_nervous_system.effectorargumentassignment",
    "pk": "57e3e572-efee-486b-b6d8-5e544d796fc4",
    "fields": {
      "effector": "ba9df75e-d096-456f-9800-1e0f01a72dc0",
      "order": 10,
      "argument": "7aa41c5d-5283-4a5c-a0c5-297a8138803a"
    }
  },
  {
    "model": "central_nervous_system.effectorargumentassignment",
    "pk": "59743079-a735-4816-a86d-ad8771dbbf71",
    "fields": {
      "effector": "f26e93b1-1b5e-439b-8879-3eaacf937f43",
      "order": 10,
      "argument": "c6baeb32-947d-4d7d-834b-e6bf756a1cf4"
    }
  },
  {
    "model": "central_nervous_system.effectorargumentassignment",
    "pk": "62166e50-d9e8-4506-9c44-53d754ac494d",
    "fields": {
      "effector": "5f77b921-1b31-40ce-a200-fa35543e420c",
      "order": 4,
      "argument": "d64432fb-9433-45c9-beab-b81636f73964"
    }
  },
  {
    "model": "central_nervous_system.effectorargumentassignment",
    "pk": "6d1568d5-5420-471b-afaf-302f3386fac7",
    "fields": {
      "effector": "4be86b6d-7283-4be7-9c6a-9fdf78a5ab2c",
      "order": 10,
      "argument": "099e0bc7-1679-4635-aa09-224522d077b6"
    }
  },
  {
    "model": "central_nervous_system.effectorargumentassignment",
    "pk": "6f5a3aa2-d288-46e9-a15f-0c9649b34647",
    "fields": {
      "effector": "3eb5fabe-1cee-4ec7-9383-e6d3f5758f06",
      "order": 10,
      "argument": "42753cc5-cfe3-4ca0-9132-40e0c9f1d7a9"
    }
  },
  {
    "model": "central_nervous_system.effectorargumentassignment",
    "pk": "7840ea27-6d3a-431e-b3bf-b025529d345b",
    "fields": {
      "effector": "801bb39e-394c-4c5d-b527-e54a51d359fc",
      "order": 10,
      "argument": "f82efc0a-b19a-476c-bcaa-8a72c9560766"
    }
  },
  {
    "model": "central_nervous_system.effectorargumentassignment",
    "pk": "7fdda175-2582-428e-8760-e6844ea02116",
    "fields": {
      "effector": "3a58ff56-c03c-48e7-aad7-631cd8958c94",
      "order": 10,
      "argument": "b5547492-a5c1-476c-892f-face10571f60"
    }
  },
  {
    "model": "central_nervous_system.effectorargumentassignment",
    "pk": "83d28498-53d5-45f8-aa4d-9fb8fc8c2a8a",
    "fields": {
      "effector": "831d5e40-b421-4247-abd5-03cc9718ffda",
      "order": 1,
      "argument": "f82efc0a-b19a-476c-bcaa-8a72c9560766"
    }
  },
  {
    "model": "central_nervous_system.effectorargumentassignment",
    "pk": "8b04afee-b165-4c26-b170-7ae7471b7376",
    "fields": {
      "effector": "801bb39e-394c-4c5d-b527-e54a51d359fc",
      "order": 10,
      "argument": "1039da3b-f648-4efb-a524-19d17737bf58"
    }
  },
  {
    "model": "central_nervous_system.effectorargumentassignment",
    "pk": "9af7ae01-e6e3-45a6-9779-b55927c716ee",
    "fields": {
      "effector": "350d9c6d-494a-456c-8761-2bd4b45308dd",
      "order": 10,
      "argument": "c098b2a3-d7b8-4820-a8d4-99d85f97b280"
    }
  },
  {
    "model": "central_nervous_system.effectorargumentassignment",
    "pk": "a304a39e-e29a-4ae9-bc04-7afb14374ed1",
    "fields": {
      "effector": "f470784c-7b1e-4dc4-b524-e287b4d8dd8a",
      "order": 10,
      "argument": "6072b897-e5a4-4bea-9e90-6eb6b0eacf9a"
    }
  },
  {
    "model": "central_nervous_system.effectorargumentassignment",
    "pk": "a44bc950-d629-4c3b-b584-16b833a1c744",
    "fields": {
      "effector": "5f77b921-1b31-40ce-a200-fa35543e420c",
      "order": 3,
      "argument": "2429cc22-faf4-4581-9c68-b214727cb271"
    }
  },
  {
    "model": "central_nervous_system.effectorargumentassignment",
    "pk": "b60d1403-3851-4c6f-bbc7-47538457d006",
    "fields": {
      "effector": "350d9c6d-494a-456c-8761-2bd4b45308dd",
      "order": 10,
      "argument": "ee44c8f2-db45-410c-9fe4-8c83fdd3852b"
    }
  },
  {
    "model": "central_nervous_system.effectorargumentassignment",
    "pk": "b88a314e-e126-42e8-8fa3-e1dfa9ae9dae",
    "fields": {
      "effector": "ddd12cdf-3785-4f02-9b38-0589c568b918",
      "order": 10,
      "argument": "c6baeb32-947d-4d7d-834b-e6bf756a1cf4"
    }
  },
  {
    "model": "central_nervous_system.effectorargumentassignment",
    "pk": "bd2a5108-7fb4-42f3-9b21-1fbfbf7a8824",
    "fields": {
      "effector": "5f77b921-1b31-40ce-a200-fa35543e420c",
      "order": 1,
      "argument": "3769bb0e-750e-4ddf-a6a8-7a9e38dbdb3f"
    }
  },
  {
    "model": "central_nervous_system.effectorargumentassignment",
    "pk": "bd7cf34e-f23d-4f9d-93f8-d81e716e227c",
    "fields": {
      "effector": "75d966b7-73b1-4c05-87b6-7fab719b0b27",
      "order": 10,
      "argument": "1bd3bc61-8083-4369-9bf2-1b8538b5df1e"
    }
  },
  {
    "model": "central_nervous_system.effectorargumentassignment",
    "pk": "bf3027d8-61fe-4724-857e-c736feb277f3",
    "fields": {
      "effector": "350d9c6d-494a-456c-8761-2bd4b45308dd",
      "order": 10,
      "argument": "2a9f2ac8-71d5-4d29-a3d6-650f4e2f8b58"
    }
  },
  {
    "model": "central_nervous_system.effectorargumentassignment",
    "pk": "c0a0c7e4-08cb-4b25-a939-e2e9a5e6b6b8",
    "fields": {
      "effector": "aac083e3-4c05-47d0-b0e2-953138fd98b1",
      "order": 2,
      "argument": "c6baeb32-947d-4d7d-834b-e6bf756a1cf4"
    }
  },
  {
    "model": "central_nervous_system.effectorargumentassignment",
    "pk": "c51c6a9b-94b0-4977-8136-05e6827d330a",
    "fields": {
      "effector": "431d5dfc-148f-4685-8df7-02b6b9c40402",
      "order": 10,
      "argument": "53f77432-e7ab-45d4-a2cf-8fbc4c822588"
    }
  },
  {
    "model": "central_nervous_system.effectorargumentassignment",
    "pk": "c8890024-1e4d-4be1-b991-3c4690ae6a1b",
    "fields": {
      "effector": "8b7e9d2a-7a91-4f3f-ba70-875c61b64cce",
      "order": 10,
      "argument": "4c3e5c7f-459b-482b-9d1e-0fec0cc7e3d8"
    }
  },
  {
    "model": "central_nervous_system.effectorargumentassignment",
    "pk": "cd561f23-46b2-4325-b500-99ed7c6ddcae",
    "fields": {
      "effector": "a8bf402f-38d3-4031-bfd5-099d9b075d1e",
      "order": 10,
      "argument": "42753cc5-cfe3-4ca0-9132-40e0c9f1d7a9"
    }
  },
  {
    "model": "central_nervous_system.effectorargumentassignment",
    "pk": "d4ca7806-1a45-451c-ade0-406e7b1bea1e",
    "fields": {
      "effector": "801bb39e-394c-4c5d-b527-e54a51d359fc",
      "order": 10,
      "argument": "3108ce82-fead-4942-9101-a4b880d15181"
    }
  },
  {
    "model": "central_nervous_system.effectorargumentassignment",
    "pk": "e82fbabb-3e3f-44c2-9549-b1b274ec97d2",
    "fields": {
      "effector": "eea620e6-9185-424c-bc47-e87d1558353c",
      "order": 10,
      "argument": "1aa7b7cc-19ad-45f5-9add-59464086919a"
    }
  },
  {
    "model": "central_nervous_system.effectorargumentassignment",
    "pk": "e9e7e2c8-f812-4771-af55-99b8c01297a4",
    "fields": {
      "effector": "ddd12cdf-3785-4f02-9b38-0589c568b918",
      "order": 10,
      "argument": "6072b897-e5a4-4bea-9e90-6eb6b0eacf9a"
    }
  },
  {
    "model": "central_nervous_system.effectorargumentassignment",
    "pk": "f417ae8e-7f76-420c-add4-3f3e2dcbf7df",
    "fields": {
      "effector": "aac083e3-4c05-47d0-b0e2-953138fd98b1",
      "order": 1,
      "argument": "099e0bc7-1679-4635-aa09-224522d077b6"
    }
  },
  {
    "model": "central_nervous_system.effectorargumentassignment",
    "pk": "f7207160-aef9-4c15-b1ce-8e7c907df879",
    "fields": {
      "effector": "f470784c-7b1e-4dc4-b524-e287b4d8dd8a",
      "order": 10,
      "argument": "c6baeb32-947d-4d7d-834b-e6bf756a1cf4"
    }
  },
  {
    "model": "central_nervous_system.effectorargumentassignment",
    "pk": "fcfd0785-1bef-4ddc-99ce-11abe860958a",
    "fields": {
      "effector": "4be86b6d-7283-4be7-9c6a-9fdf78a5ab2c",
      "order": 10,
      "argument": "c4d207aa-46fd-4259-ad59-f06deada0ba8"
    }
  },
  {
    "model": "central_nervous_system.effectorcontext",
    "pk": "4d1c7591-6e1b-4594-bf0f-ba976442d1c7",
    "fields": {
      "effector": "350d9c6d-494a-456c-8761-2bd4b45308dd",
      "key": "prompt",
      "value": "Yo AI dude, do you see this or what? {{provenance.execution_log}}"
    }
  },
  {
    "model": "central_nervous_system.effectorcontext",
    "pk": "de4f3293-a1a5-483a-b15e-3c54c02087a3",
    "fields": {
      "effector": "64c0995a-cbd2-47d3-a452-e36ea4d46154",
      "key": "prompt",
      "value": "You are part of the Frontal Lobe"
    }
  },
  {
    "model": "central_nervous_system.neuralpathway",
    "pk": "007d8e9f-1b2c-4d3e-5f6a-7b8c9d0e1f2a",
    "fields": {
      "created": "2026-01-08T16:10:00Z",
      "description": "Full Chain: Test -> UAT",
      "modified": "2026-01-20T16:19:19.230Z",
      "name": "Full",
      "environment": null,
      "is_favorite": false,
      "ui_json": "{}",
      "tags": []
    }
  },
  {
    "model": "central_nervous_system.neuralpathway",
    "pk": "0245b699-5b9a-43ec-9391-b788b578d25f",
    "fields": {
      "created": "2026-01-09T20:16:00.695Z",
      "description": "Create and place Version Metadata.",
      "modified": "2026-01-20T16:15:44.857Z",
      "name": "Version Meta",
      "environment": null,
      "is_favorite": false,
      "ui_json": "{}",
      "tags": []
    }
  },
  {
    "model": "central_nervous_system.neuralpathway",
    "pk": "04c3997f-d5f3-402f-952a-519bbd7e4dee",
    "fields": {
      "created": "2026-03-17T20:50:47.832Z",
      "description": "",
      "modified": "2026-03-17T20:50:47.832Z",
      "name": "Corpus Callosum",
      "environment": "44b23b94-6aae-4205-ae67-2f8c021c67aa",
      "is_favorite": false,
      "ui_json": "{}",
      "tags": [
        3
      ]
    }
  },
  {
    "model": "central_nervous_system.neuralpathway",
    "pk": "123bc9f0-5c8f-4410-a6e5-a49725fbb375",
    "fields": {
      "created": "2026-02-10T18:43:05.690Z",
      "description": null,
      "modified": "2026-02-10T18:43:05.690Z",
      "name": "List Location R",
      "environment": null,
      "is_favorite": false,
      "ui_json": "{}",
      "tags": []
    }
  },
  {
    "model": "central_nervous_system.neuralpathway",
    "pk": "22334455-6677-8899-0011-aabbccddeeff",
    "fields": {
      "created": "2026-01-08T16:40:00Z",
      "description": "Compile Shaders",
      "modified": "2026-01-20T16:16:24.355Z",
      "name": "Compile Shaders",
      "environment": null,
      "is_favorite": false,
      "ui_json": "{}",
      "tags": []
    }
  },
  {
    "model": "central_nervous_system.neuralpathway",
    "pk": "2a2a2425-08ff-46d2-b652-adb4153554bf",
    "fields": {
      "created": "2026-01-08T21:58:00.568Z",
      "description": "Distribute to Agents",
      "modified": "2026-01-27T23:05:17.105Z",
      "name": "Deploy",
      "environment": null,
      "is_favorite": false,
      "ui_json": "{}",
      "tags": []
    }
  },
  {
    "model": "central_nervous_system.neuralpathway",
    "pk": "4bb635e9-8c6c-41e4-8ca5-70744837b7a2",
    "fields": {
      "created": "2026-01-27T19:19:26.787Z",
      "description": null,
      "modified": "2026-02-04T20:43:22.223Z",
      "name": "Scan For Agents",
      "environment": null,
      "is_favorite": false,
      "ui_json": "{}",
      "tags": [
        1
      ]
    }
  },
  {
    "model": "central_nervous_system.neuralpathway",
    "pk": "4e52e554-f7b3-4adc-96f2-f80da0329774",
    "fields": {
      "created": "2026-02-04T22:04:12.822Z",
      "description": null,
      "modified": "2026-02-04T22:04:12.822Z",
      "name": "Process Test 2",
      "environment": null,
      "is_favorite": false,
      "ui_json": "{}",
      "tags": []
    }
  },
  {
    "model": "central_nervous_system.neuralpathway",
    "pk": "52b62ed2-7752-4d16-ba29-4810a54815d0",
    "fields": {
      "created": "2026-01-31T14:40:15.233Z",
      "description": null,
      "modified": "2026-02-05T15:33:05.105Z",
      "name": "Restore Save",
      "environment": null,
      "is_favorite": false,
      "ui_json": "{}",
      "tags": [
        2
      ]
    }
  },
  {
    "model": "central_nervous_system.neuralpathway",
    "pk": "559cecbd-2128-478a-be50-436ba30b7396",
    "fields": {
      "created": "2026-01-20T00:54:46.432Z",
      "description": "Local Game Launcher",
      "modified": "2026-02-05T15:32:32.421Z",
      "name": "Pre-Release Run",
      "environment": null,
      "is_favorite": false,
      "ui_json": "{}",
      "tags": [
        2
      ]
    }
  },
  {
    "model": "central_nervous_system.neuralpathway",
    "pk": "596804db-1566-4388-a7e7-dafa7ab2f4fb",
    "fields": {
      "created": "2026-02-06T17:31:36.055Z",
      "description": null,
      "modified": "2026-02-06T17:31:36.055Z",
      "name": "Debug Protocol",
      "environment": null,
      "is_favorite": false,
      "ui_json": "{}",
      "tags": []
    }
  },
  {
    "model": "central_nervous_system.neuralpathway",
    "pk": "5aedec3f-df9d-4149-b62b-6bd17c8ca8a3",
    "fields": {
      "created": "2026-01-31T16:07:02.726Z",
      "description": null,
      "modified": "2026-01-31T16:13:18.776Z",
      "name": "Dump Scripts",
      "environment": null,
      "is_favorite": true,
      "ui_json": "{}",
      "tags": []
    }
  },
  {
    "model": "central_nervous_system.neuralpathway",
    "pk": "5b5bebe0-be34-4614-b40f-b78bd3a1c269",
    "fields": {
      "created": "2026-01-31T15:50:39.700Z",
      "description": null,
      "modified": "2026-01-31T15:50:39.700Z",
      "name": "Remove Intermediate",
      "environment": null,
      "is_favorite": false,
      "ui_json": "{}",
      "tags": []
    }
  },
  {
    "model": "central_nervous_system.neuralpathway",
    "pk": "8686149a-8b56-4a47-b5df-7d8cf7635dbc",
    "fields": {
      "created": "2026-01-27T23:23:20.836Z",
      "description": null,
      "modified": "2026-01-27T23:23:20.836Z",
      "name": "All Remotes",
      "environment": null,
      "is_favorite": false,
      "ui_json": "{}",
      "tags": []
    }
  },
  {
    "model": "central_nervous_system.neuralpathway",
    "pk": "925c871c-618e-4de8-a9d2-6978aed216e8",
    "fields": {
      "created": "2026-02-04T20:51:27.826Z",
      "description": null,
      "modified": "2026-02-04T20:51:27.826Z",
      "name": "Process Test",
      "environment": null,
      "is_favorite": false,
      "ui_json": "{}",
      "tags": []
    }
  },
  {
    "model": "central_nervous_system.neuralpathway",
    "pk": "94a67ded-0d4b-4060-b79a-6f895b2373a3",
    "fields": {
      "created": "2026-02-12T22:39:57.776Z",
      "description": null,
      "modified": "2026-02-12T22:39:57.776Z",
      "name": "Dump Project Scripts",
      "environment": null,
      "is_favorite": false,
      "ui_json": "{}",
      "tags": []
    }
  },
  {
    "model": "central_nervous_system.neuralpathway",
    "pk": "9dcbedd4-ff8b-45be-9f9a-1734276f9d1b",
    "fields": {
      "created": "2026-02-01T16:37:12.246Z",
      "description": null,
      "modified": "2026-02-01T16:37:12.246Z",
      "name": "Scan2ax",
      "environment": null,
      "is_favorite": false,
      "ui_json": "{}",
      "tags": []
    }
  },
  {
    "model": "central_nervous_system.neuralpathway",
    "pk": "a7d8e9f0-1b2c-4d3e-5f6a-7b8c9d0e1f2a",
    "fields": {
      "created": "2026-01-01T00:00:00Z",
      "description": null,
      "modified": "2026-01-23T20:00:48.967Z",
      "name": "Stage",
      "environment": null,
      "is_favorite": false,
      "ui_json": "{}",
      "tags": []
    }
  },
  {
    "model": "central_nervous_system.neuralpathway",
    "pk": "b7b1017e-0e5f-4e3d-b91a-13270b41b4b3",
    "fields": {
      "created": "2026-01-23T22:01:37.231Z",
      "description": "RecordPSOs",
      "modified": "2026-01-23T22:01:37.231Z",
      "name": "RecordPSOs",
      "environment": null,
      "is_favorite": false,
      "ui_json": "{}",
      "tags": []
    }
  },
  {
    "model": "central_nervous_system.neuralpathway",
    "pk": "b8e9f0a1-2c3d-4e5f-6a7b-8c9d0e1f2b3c",
    "fields": {
      "created": "2026-01-01T00:00:00Z",
      "description": "Headless Test Only",
      "modified": "2026-01-09T15:05:55.848Z",
      "name": "CPPTests",
      "environment": null,
      "is_favorite": false,
      "ui_json": "{}",
      "tags": []
    }
  },
  {
    "model": "central_nervous_system.neuralpathway",
    "pk": "c3dd041a-20eb-4414-b571-2a5fdbeb9b86",
    "fields": {
      "created": "2026-03-05T13:33:15.232Z",
      "description": "",
      "modified": "2026-03-05T13:33:15.232Z",
      "name": "Engage Temporal Lobe",
      "environment": null,
      "is_favorite": false,
      "ui_json": "{}",
      "tags": []
    }
  },
  {
    "model": "central_nervous_system.neuralpathway",
    "pk": "d0e1f2a3-4b5c-6d7e-8f9a-0b1c2d3e4f5a",
    "fields": {
      "created": "2026-01-01T00:00:00Z",
      "description": "Run Staging Game (Smoke Test)",
      "modified": "2026-01-01T00:00:00Z",
      "name": "Staging Run Only",
      "environment": null,
      "is_favorite": false,
      "ui_json": "{}",
      "tags": []
    }
  },
  {
    "model": "central_nervous_system.neuralpathway",
    "pk": "e94a9c50-5baa-4cae-808e-b17367c11fc6",
    "fields": {
      "created": "2026-01-31T20:25:45.813Z",
      "description": null,
      "modified": "2026-01-31T20:25:45.813Z",
      "name": "Ollama Query",
      "environment": null,
      "is_favorite": false,
      "ui_json": "{}",
      "tags": []
    }
  },
  {
    "model": "central_nervous_system.neuralpathway",
    "pk": "f0f0f0f0-f0f0-f0f0-f0f0-f0f0f0f0f0f0",
    "fields": {
      "created": "2026-01-17T02:00:50.162Z",
      "description": "Side-by-side Live Debugging (Remote Server + Local Client)",
      "modified": "2026-02-05T15:33:25.493Z",
      "name": "Multiplayer (C&S)",
      "environment": null,
      "is_favorite": true,
      "ui_json": "{}",
      "tags": [
        2
      ]
    }
  },
  {
    "model": "central_nervous_system.neuralpathway",
    "pk": "f2a3b4c5-6d7e-8f9a-0b1c-2d3e4f5a6b7c",
    "fields": {
      "created": "2026-01-08T16:00:00Z",
      "description": "Step 4 Standalone: UAT BuildCookRun with Archive.",
      "modified": "2026-02-05T15:33:35.343Z",
      "name": "Pre-Release",
      "environment": null,
      "is_favorite": true,
      "ui_json": "{}",
      "tags": [
        2
      ]
    }
  },
  {
    "model": "central_nervous_system.neuron",
    "pk": "0be65477-0855-46f0-ba69-73af964abebd",
    "fields": {
      "environment": null,
      "is_root": false,
      "pathway": "5aedec3f-df9d-4149-b62b-6bd17c8ca8a3",
      "effector": "05b10a19-ab1f-4d1a-8528-9b735afdeb64",
      "ui_json": "{\"x\": 589, \"y\": 234}",
      "invoked_pathway": null,
      "distribution_mode": null
    }
  },
  {
    "model": "central_nervous_system.neuron",
    "pk": "100361ef-fd02-4aa5-9d77-0f734e72d89f",
    "fields": {
      "environment": null,
      "is_root": false,
      "pathway": "2a2a2425-08ff-46d2-b652-adb4153554bf",
      "effector": "f470784c-7b1e-4dc4-b524-e287b4d8dd8a",
      "ui_json": "{\"x\": 2059, \"y\": 962}",
      "invoked_pathway": null,
      "distribution_mode": null
    }
  },
  {
    "model": "central_nervous_system.neuron",
    "pk": "11f8a150-145c-4f29-9280-ad5ba469c749",
    "fields": {
      "environment": null,
      "is_root": false,
      "pathway": "4bb635e9-8c6c-41e4-8ca5-70744837b7a2",
      "effector": "644c234f-c810-494b-8339-7829a143e099",
      "ui_json": "{\"x\": 797, \"y\": 43}",
      "invoked_pathway": null,
      "distribution_mode": null
    }
  },
  {
    "model": "central_nervous_system.neuron",
    "pk": "14c097c1-e050-4acc-bb3b-a64807926261",
    "fields": {
      "environment": null,
      "is_root": true,
      "pathway": "0245b699-5b9a-43ec-9391-b788b578d25f",
      "effector": "a74a9b1a-7326-4dff-9013-d640433b3bf7",
      "ui_json": "{\"x\": 100, \"y\": 100}",
      "invoked_pathway": null,
      "distribution_mode": null
    }
  },
  {
    "model": "central_nervous_system.neuron",
    "pk": "1ddd560a-bc18-42f4-b207-efab4a20c8e6",
    "fields": {
      "environment": null,
      "is_root": true,
      "pathway": "b7b1017e-0e5f-4e3d-b91a-13270b41b4b3",
      "effector": "a74a9b1a-7326-4dff-9013-d640433b3bf7",
      "ui_json": "{\"x\": 100, \"y\": 100}",
      "invoked_pathway": null,
      "distribution_mode": null
    }
  },
  {
    "model": "central_nervous_system.neuron",
    "pk": "24b70184-2759-4081-ba09-a34e1693bb6b",
    "fields": {
      "environment": null,
      "is_root": false,
      "pathway": "007d8e9f-1b2c-4d3e-5f6a-7b8c9d0e1f2a",
      "effector": "a74a9b1a-7326-4dff-9013-d640433b3bf7",
      "ui_json": "{\"x\": 398, \"y\": 76}",
      "invoked_pathway": "a7d8e9f0-1b2c-4d3e-5f6a-7b8c9d0e1f2a",
      "distribution_mode": null
    }
  },
  {
    "model": "central_nervous_system.neuron",
    "pk": "28dcc240-9b3b-4c10-98a4-7d3e086a6305",
    "fields": {
      "environment": null,
      "is_root": false,
      "pathway": "007d8e9f-1b2c-4d3e-5f6a-7b8c9d0e1f2a",
      "effector": "a74a9b1a-7326-4dff-9013-d640433b3bf7",
      "ui_json": "{\"x\": 695, \"y\": 137}",
      "invoked_pathway": "f2a3b4c5-6d7e-8f9a-0b1c-2d3e4f5a6b7c",
      "distribution_mode": null
    }
  },
  {
    "model": "central_nervous_system.neuron",
    "pk": "2ad7e284-7eb3-4cfc-9e1e-f8d50b6638ba",
    "fields": {
      "environment": null,
      "is_root": true,
      "pathway": "5aedec3f-df9d-4149-b62b-6bd17c8ca8a3",
      "effector": "a74a9b1a-7326-4dff-9013-d640433b3bf7",
      "ui_json": "{\"x\": 100, \"y\": 100}",
      "invoked_pathway": null,
      "distribution_mode": null
    }
  },
  {
    "model": "central_nervous_system.neuron",
    "pk": "305fac88-d3a8-4639-a0c6-7845896c33dd",
    "fields": {
      "environment": null,
      "is_root": true,
      "pathway": "925c871c-618e-4de8-a9d2-6978aed216e8",
      "effector": "a74a9b1a-7326-4dff-9013-d640433b3bf7",
      "ui_json": "{\"x\":151.96227231444107,\"y\":82.07605970077542}",
      "invoked_pathway": null,
      "distribution_mode": null
    }
  },
  {
    "model": "central_nervous_system.neuron",
    "pk": "3298d2c2-60aa-4631-bf51-c2f9725851a2",
    "fields": {
      "environment": null,
      "is_root": true,
      "pathway": "123bc9f0-5c8f-4410-a6e5-a49725fbb375",
      "effector": "a74a9b1a-7326-4dff-9013-d640433b3bf7",
      "ui_json": "{\"x\": 100, \"y\": 100}",
      "invoked_pathway": null,
      "distribution_mode": null
    }
  },
  {
    "model": "central_nervous_system.neuron",
    "pk": "32e1f94f-e8b9-489a-a604-96e6c72fe784",
    "fields": {
      "environment": null,
      "is_root": false,
      "pathway": "559cecbd-2128-478a-be50-436ba30b7396",
      "effector": "831d5e40-b421-4247-abd5-03cc9718ffda",
      "ui_json": "{\"x\": 717, \"y\": 232}",
      "invoked_pathway": null,
      "distribution_mode": null
    }
  },
  {
    "model": "central_nervous_system.neuron",
    "pk": "35007fab-d063-43d5-8eb1-5cef0e2d2b72",
    "fields": {
      "environment": null,
      "is_root": false,
      "pathway": "2a2a2425-08ff-46d2-b652-adb4153554bf",
      "effector": "f26e93b1-1b5e-439b-8879-3eaacf937f43",
      "ui_json": "{\"x\": 1767, \"y\": 769}",
      "invoked_pathway": null,
      "distribution_mode": null
    }
  },
  {
    "model": "central_nervous_system.neuron",
    "pk": "3b8a1e5d-dd76-4297-bb24-fef0149b5981",
    "fields": {
      "environment": null,
      "is_root": false,
      "pathway": "2a2a2425-08ff-46d2-b652-adb4153554bf",
      "effector": "3eb5fabe-1cee-4ec7-9383-e6d3f5758f06",
      "ui_json": "{\"x\": 2347, \"y\": 933}",
      "invoked_pathway": null,
      "distribution_mode": null
    }
  },
  {
    "model": "central_nervous_system.neuron",
    "pk": "3c5218b8-7a7f-45a2-8bd9-f2ce4c416f9d",
    "fields": {
      "environment": null,
      "is_root": false,
      "pathway": "4e52e554-f7b3-4adc-96f2-f80da0329774",
      "effector": "a74a9b1a-7326-4dff-9013-d640433b3bf7",
      "ui_json": "{\"x\": 398, \"y\": 345}",
      "invoked_pathway": "925c871c-618e-4de8-a9d2-6978aed216e8",
      "distribution_mode": null
    }
  },
  {
    "model": "central_nervous_system.neuron",
    "pk": "3d883eeb-a7af-43b9-9447-1fe3af846bb4",
    "fields": {
      "environment": null,
      "is_root": false,
      "pathway": "9dcbedd4-ff8b-45be-9f9a-1734276f9d1b",
      "effector": "5f77b921-1b31-40ce-a200-fa35543e420c",
      "ui_json": "{\"x\": 930, \"y\": 439}",
      "invoked_pathway": null,
      "distribution_mode": null
    }
  },
  {
    "model": "central_nervous_system.neuron",
    "pk": "3e25dd26-3d2c-4cc3-9215-8c51ef8eafea",
    "fields": {
      "environment": null,
      "is_root": false,
      "pathway": "2a2a2425-08ff-46d2-b652-adb4153554bf",
      "effector": "ba9df75e-d096-456f-9800-1e0f01a72dc0",
      "ui_json": "{\"x\": 1643, \"y\": 986}",
      "invoked_pathway": null,
      "distribution_mode": null
    }
  },
  {
    "model": "central_nervous_system.neuron",
    "pk": "3fcf4d83-308a-47a1-a50c-7829d8779ca0",
    "fields": {
      "environment": null,
      "is_root": false,
      "pathway": "925c871c-618e-4de8-a9d2-6978aed216e8",
      "effector": "84c1de07-491b-42a2-8d4b-f43d21c1e66e",
      "ui_json": "{\"x\":662.6721544094712,\"y\":198.18400850954632}",
      "invoked_pathway": null,
      "distribution_mode": null
    }
  },
  {
    "model": "central_nervous_system.neuron",
    "pk": "426a1915-171a-424d-9798-26909f21b402",
    "fields": {
      "environment": null,
      "is_root": false,
      "pathway": "4e52e554-f7b3-4adc-96f2-f80da0329774",
      "effector": "a74a9b1a-7326-4dff-9013-d640433b3bf7",
      "ui_json": "{\"x\": 392, \"y\": 561}",
      "invoked_pathway": "925c871c-618e-4de8-a9d2-6978aed216e8",
      "distribution_mode": null
    }
  },
  {
    "model": "central_nervous_system.neuron",
    "pk": "43653b65-c4bd-49f5-aca9-2ae0daf925ca",
    "fields": {
      "environment": null,
      "is_root": false,
      "pathway": "9dcbedd4-ff8b-45be-9f9a-1734276f9d1b",
      "effector": "e1ae3de5-d328-459c-94f0-34df086d0d81",
      "ui_json": "{\"x\": 240, \"y\": 319}",
      "invoked_pathway": null,
      "distribution_mode": null
    }
  },
  {
    "model": "central_nervous_system.neuron",
    "pk": "4428bdb1-2e7e-49ed-b888-d3690b72d06a",
    "fields": {
      "environment": null,
      "is_root": false,
      "pathway": "2a2a2425-08ff-46d2-b652-adb4153554bf",
      "effector": "9c957268-7903-4640-b66d-a7ac186666c4",
      "ui_json": "{\"x\": 1101, \"y\": 582}",
      "invoked_pathway": null,
      "distribution_mode": null
    }
  },
  {
    "model": "central_nervous_system.neuron",
    "pk": "4787941a-a227-40c4-8d45-53c62ef96e16",
    "fields": {
      "environment": null,
      "is_root": true,
      "pathway": "f0f0f0f0-f0f0-f0f0-f0f0-f0f0f0f0f0f0",
      "effector": "a74a9b1a-7326-4dff-9013-d640433b3bf7",
      "ui_json": "{\"x\": 100, \"y\": 100}",
      "invoked_pathway": null,
      "distribution_mode": null
    }
  },
  {
    "model": "central_nervous_system.neuron",
    "pk": "4dff2f60-4665-4153-91b0-752c148322d8",
    "fields": {
      "environment": null,
      "is_root": false,
      "pathway": "925c871c-618e-4de8-a9d2-6978aed216e8",
      "effector": "3a58ff56-c03c-48e7-aad7-631cd8958c94",
      "ui_json": "{\"x\":1225,\"y\":131}",
      "invoked_pathway": null,
      "distribution_mode": null
    }
  },
  {
    "model": "central_nervous_system.neuron",
    "pk": "53cd31bd-c4c2-4004-b978-60f70e0d75c5",
    "fields": {
      "environment": null,
      "is_root": false,
      "pathway": "f0f0f0f0-f0f0-f0f0-f0f0-f0f0f0f0f0f0",
      "effector": "a74a9b1a-7326-4dff-9013-d640433b3bf7",
      "ui_json": "{\"x\": 484, \"y\": 262}",
      "invoked_pathway": "2a2a2425-08ff-46d2-b652-adb4153554bf",
      "distribution_mode": null
    }
  },
  {
    "model": "central_nervous_system.neuron",
    "pk": "53d10865-968f-4f4e-991f-ca5f5be62377",
    "fields": {
      "environment": null,
      "is_root": true,
      "pathway": "2a2a2425-08ff-46d2-b652-adb4153554bf",
      "effector": "a74a9b1a-7326-4dff-9013-d640433b3bf7",
      "ui_json": "{\"x\":-156.00674795840493,\"y\":-62.8468245995866}",
      "invoked_pathway": null,
      "distribution_mode": null
    }
  },
  {
    "model": "central_nervous_system.neuron",
    "pk": "5679011b-9e4b-4975-94a0-7437743f2ba1",
    "fields": {
      "environment": null,
      "is_root": false,
      "pathway": "a7d8e9f0-1b2c-4d3e-5f6a-7b8c9d0e1f2a",
      "effector": "801bb39e-394c-4c5d-b527-e54a51d359fc",
      "ui_json": "{\"x\": 1392, \"y\": 117}",
      "invoked_pathway": null,
      "distribution_mode": null
    }
  },
  {
    "model": "central_nervous_system.neuron",
    "pk": "5c669db7-f89b-4278-8579-30e5ad4f08bc",
    "fields": {
      "environment": null,
      "is_root": false,
      "pathway": "94a67ded-0d4b-4060-b79a-6f895b2373a3",
      "effector": "431d5dfc-148f-4685-8df7-02b6b9c40402",
      "ui_json": "{\"x\":493.74194909366236,\"y\":46.58326452216804}",
      "invoked_pathway": null,
      "distribution_mode": null
    }
  },
  {
    "model": "central_nervous_system.neuron",
    "pk": "624e2d95-ea8c-4df1-8f26-9968bd324e4f",
    "fields": {
      "environment": null,
      "is_root": false,
      "pathway": "4e52e554-f7b3-4adc-96f2-f80da0329774",
      "effector": "a74a9b1a-7326-4dff-9013-d640433b3bf7",
      "ui_json": "{\"x\": 783, \"y\": 324}",
      "invoked_pathway": "925c871c-618e-4de8-a9d2-6978aed216e8",
      "distribution_mode": null
    }
  },
  {
    "model": "central_nervous_system.neuron",
    "pk": "63be4aeb-e78b-470c-ac02-8141cd4ce476",
    "fields": {
      "environment": null,
      "is_root": false,
      "pathway": "4bb635e9-8c6c-41e4-8ca5-70744837b7a2",
      "effector": "e1ae3de5-d328-459c-94f0-34df086d0d81",
      "ui_json": "{\"x\": 468, \"y\": 115}",
      "invoked_pathway": null,
      "distribution_mode": null
    }
  },
  {
    "model": "central_nervous_system.neuron",
    "pk": "6681edd1-d977-446e-a46d-6113bfb6ecb8",
    "fields": {
      "environment": null,
      "is_root": false,
      "pathway": "2a2a2425-08ff-46d2-b652-adb4153554bf",
      "effector": "a8bf402f-38d3-4031-bfd5-099d9b075d1e",
      "ui_json": "{\"x\": 1085, \"y\": 768}",
      "invoked_pathway": null,
      "distribution_mode": null
    }
  },
  {
    "model": "central_nervous_system.neuron",
    "pk": "6896d68a-87a2-4e40-b4d6-c0becf0abf8d",
    "fields": {
      "environment": null,
      "is_root": false,
      "pathway": "559cecbd-2128-478a-be50-436ba30b7396",
      "effector": "f470784c-7b1e-4dc4-b524-e287b4d8dd8a",
      "ui_json": "{\"x\": 428, \"y\": 72}",
      "invoked_pathway": null,
      "distribution_mode": null
    }
  },
  {
    "model": "central_nervous_system.neuron",
    "pk": "698c33dd-a399-4a80-89cd-16ab450bc3c3",
    "fields": {
      "environment": null,
      "is_root": false,
      "pathway": "2a2a2425-08ff-46d2-b652-adb4153554bf",
      "effector": "75d966b7-73b1-4c05-87b6-7fab719b0b27",
      "ui_json": "{\"x\":1057.7842048477403,\"y\":249.5953736257606}",
      "invoked_pathway": null,
      "distribution_mode": null
    }
  },
  {
    "model": "central_nervous_system.neuron",
    "pk": "6aaa2b9d-63ee-4530-9451-8c6f9e740329",
    "fields": {
      "environment": null,
      "is_root": true,
      "pathway": "8686149a-8b56-4a47-b5df-7d8cf7635dbc",
      "effector": "a74a9b1a-7326-4dff-9013-d640433b3bf7",
      "ui_json": "{\"x\": 100, \"y\": 100}",
      "invoked_pathway": null,
      "distribution_mode": null
    }
  },
  {
    "model": "central_nervous_system.neuron",
    "pk": "705713a2-939e-448b-84dd-899b94e9ccb8",
    "fields": {
      "environment": null,
      "is_root": true,
      "pathway": "9dcbedd4-ff8b-45be-9f9a-1734276f9d1b",
      "effector": "a74a9b1a-7326-4dff-9013-d640433b3bf7",
      "ui_json": "{\"x\": 100, \"y\": 100}",
      "invoked_pathway": null,
      "distribution_mode": null
    }
  },
  {
    "model": "central_nervous_system.neuron",
    "pk": "729d56b5-aa48-4884-b145-d3bb3c9b09d7",
    "fields": {
      "environment": null,
      "is_root": false,
      "pathway": "123bc9f0-5c8f-4410-a6e5-a49725fbb375",
      "effector": "e1ae3de5-d328-459c-94f0-34df086d0d81",
      "ui_json": "{\"x\": 475, \"y\": 109}",
      "invoked_pathway": null,
      "distribution_mode": null
    }
  },
  {
    "model": "central_nervous_system.neuron",
    "pk": "7418d9cc-20a9-4d05-9ed2-23d36a624916",
    "fields": {
      "environment": null,
      "is_root": false,
      "pathway": "e94a9c50-5baa-4cae-808e-b17367c11fc6",
      "effector": "5f77b921-1b31-40ce-a200-fa35543e420c",
      "ui_json": "{\"x\":434,\"y\":102}",
      "invoked_pathway": null,
      "distribution_mode": null
    }
  },
  {
    "model": "central_nervous_system.neuron",
    "pk": "74a18c32-f98c-47d0-aacb-74188363717f",
    "fields": {
      "environment": null,
      "is_root": false,
      "pathway": "2a2a2425-08ff-46d2-b652-adb4153554bf",
      "effector": "5c605857-e50e-47b7-a262-74d0551690a7",
      "ui_json": "{\"x\": 614, \"y\": 347}",
      "invoked_pathway": null,
      "distribution_mode": null
    }
  },
  {
    "model": "central_nervous_system.neuron",
    "pk": "76178652-cc96-4045-9e70-5797bcb9d361",
    "fields": {
      "environment": null,
      "is_root": true,
      "pathway": "04c3997f-d5f3-402f-952a-519bbd7e4dee",
      "effector": "a74a9b1a-7326-4dff-9013-d640433b3bf7",
      "ui_json": "{\"x\": 100, \"y\": 100}",
      "invoked_pathway": null,
      "distribution_mode": null
    }
  },
  {
    "model": "central_nervous_system.neuron",
    "pk": "7a15a84a-87bb-46b2-952b-6dd87a071032",
    "fields": {
      "environment": null,
      "is_root": true,
      "pathway": "a7d8e9f0-1b2c-4d3e-5f6a-7b8c9d0e1f2a",
      "effector": "a74a9b1a-7326-4dff-9013-d640433b3bf7",
      "ui_json": "{\"x\": 100, \"y\": 100}",
      "invoked_pathway": null,
      "distribution_mode": null
    }
  },
  {
    "model": "central_nervous_system.neuron",
    "pk": "7f0d3bf3-ba05-48c7-a9c1-0f5c231177ca",
    "fields": {
      "environment": null,
      "is_root": false,
      "pathway": "4e52e554-f7b3-4adc-96f2-f80da0329774",
      "effector": "a74a9b1a-7326-4dff-9013-d640433b3bf7",
      "ui_json": "{\"x\": 776, \"y\": 554}",
      "invoked_pathway": "925c871c-618e-4de8-a9d2-6978aed216e8",
      "distribution_mode": null
    }
  },
  {
    "model": "central_nervous_system.neuron",
    "pk": "814f7fef-c3b1-4468-8485-35108b729780",
    "fields": {
      "environment": null,
      "is_root": false,
      "pathway": "9dcbedd4-ff8b-45be-9f9a-1734276f9d1b",
      "effector": "a74a9b1a-7326-4dff-9013-d640433b3bf7",
      "ui_json": "{\"x\": 605, \"y\": 206}",
      "invoked_pathway": "4bb635e9-8c6c-41e4-8ca5-70744837b7a2",
      "distribution_mode": null
    }
  },
  {
    "model": "central_nervous_system.neuron",
    "pk": "829f966a-c9ee-45de-a9ef-796c103cae17",
    "fields": {
      "environment": null,
      "is_root": false,
      "pathway": "f2a3b4c5-6d7e-8f9a-0b1c-2d3e4f5a6b7c",
      "effector": "a74a9b1a-7326-4dff-9013-d640433b3bf7",
      "ui_json": "{\"x\": 1236, \"y\": 93}",
      "invoked_pathway": "559cecbd-2128-478a-be50-436ba30b7396",
      "distribution_mode": null
    }
  },
  {
    "model": "central_nervous_system.neuron",
    "pk": "82aac720-3e6b-4c5a-b311-974b2581d63c",
    "fields": {
      "environment": null,
      "is_root": true,
      "pathway": "007d8e9f-1b2c-4d3e-5f6a-7b8c9d0e1f2a",
      "effector": "a74a9b1a-7326-4dff-9013-d640433b3bf7",
      "ui_json": "{\"x\": 100, \"y\": 100}",
      "invoked_pathway": null,
      "distribution_mode": null
    }
  },
  {
    "model": "central_nervous_system.neuron",
    "pk": "8662b013-59cb-4829-aada-9455f70730a6",
    "fields": {
      "environment": null,
      "is_root": false,
      "pathway": "4bb635e9-8c6c-41e4-8ca5-70744837b7a2",
      "effector": "e1ae3de5-d328-459c-94f0-34df086d0d81",
      "ui_json": "{\"x\": 1150, \"y\": 100}",
      "invoked_pathway": null,
      "distribution_mode": null
    }
  },
  {
    "model": "central_nervous_system.neuron",
    "pk": "93b30b29-336c-46d4-9965-e1fd254b6476",
    "fields": {
      "environment": null,
      "is_root": true,
      "pathway": "c3dd041a-20eb-4414-b571-2a5fdbeb9b86",
      "effector": "a74a9b1a-7326-4dff-9013-d640433b3bf7",
      "ui_json": "{\"x\": 100, \"y\": 100}",
      "invoked_pathway": null,
      "distribution_mode": null
    }
  },
  {
    "model": "central_nervous_system.neuron",
    "pk": "9639fe2a-2ed0-4c7e-b386-16ce665e9b33",
    "fields": {
      "environment": null,
      "is_root": false,
      "pathway": "5aedec3f-df9d-4149-b62b-6bd17c8ca8a3",
      "effector": "431d5dfc-148f-4685-8df7-02b6b9c40402",
      "ui_json": "{\"x\": 349, \"y\": 404}",
      "invoked_pathway": null,
      "distribution_mode": null
    }
  },
  {
    "model": "central_nervous_system.neuron",
    "pk": "9731f665-7636-4964-8939-986a9f9dfc47",
    "fields": {
      "environment": null,
      "is_root": true,
      "pathway": "94a67ded-0d4b-4060-b79a-6f895b2373a3",
      "effector": "a74a9b1a-7326-4dff-9013-d640433b3bf7",
      "ui_json": "{\"x\": 100, \"y\": 100}",
      "invoked_pathway": null,
      "distribution_mode": null
    }
  },
  {
    "model": "central_nervous_system.neuron",
    "pk": "a30d8af1-e1dd-402b-a10b-fbe22690e79c",
    "fields": {
      "environment": null,
      "is_root": false,
      "pathway": "2a2a2425-08ff-46d2-b652-adb4153554bf",
      "effector": "831d5e40-b421-4247-abd5-03cc9718ffda",
      "ui_json": "{\"x\":1714.8574325204145,\"y\":34.55780177465279}",
      "invoked_pathway": null,
      "distribution_mode": null
    }
  },
  {
    "model": "central_nervous_system.neuron",
    "pk": "a4256b95-e48a-4d8a-9aa0-182d19ee5372",
    "fields": {
      "environment": null,
      "is_root": true,
      "pathway": "4e52e554-f7b3-4adc-96f2-f80da0329774",
      "effector": "a74a9b1a-7326-4dff-9013-d640433b3bf7",
      "ui_json": "{\"x\":-176,\"y\":122}",
      "invoked_pathway": null,
      "distribution_mode": null
    }
  },
  {
    "model": "central_nervous_system.neuron",
    "pk": "a477b343-a99c-4039-aef2-f89463796187",
    "fields": {
      "environment": null,
      "is_root": false,
      "pathway": "925c871c-618e-4de8-a9d2-6978aed216e8",
      "effector": "350d9c6d-494a-456c-8761-2bd4b45308dd",
      "ui_json": "{\"x\":376.91187521579616,\"y\":-212.89778601703435}",
      "invoked_pathway": null,
      "distribution_mode": 1
    }
  },
  {
    "model": "central_nervous_system.neuron",
    "pk": "ac2e64b0-c04c-4502-ab9e-2d130b4c928c",
    "fields": {
      "environment": null,
      "is_root": true,
      "pathway": "559cecbd-2128-478a-be50-436ba30b7396",
      "effector": "a74a9b1a-7326-4dff-9013-d640433b3bf7",
      "ui_json": "{\"x\": 100, \"y\": 100}",
      "invoked_pathway": null,
      "distribution_mode": null
    }
  },
  {
    "model": "central_nervous_system.neuron",
    "pk": "ac9dd9b3-ab25-42c9-a543-5cd08a63be35",
    "fields": {
      "environment": null,
      "is_root": false,
      "pathway": "22334455-6677-8899-0011-aabbccddeeff",
      "effector": "801bb39e-394c-4c5d-b527-e54a51d359fc",
      "ui_json": "{\"x\": 758, \"y\": 148}",
      "invoked_pathway": null,
      "distribution_mode": null
    }
  },
  {
    "model": "central_nervous_system.neuron",
    "pk": "accb9a5c-3ca6-48ae-bfe1-fc531c7d0ad7",
    "fields": {
      "environment": null,
      "is_root": true,
      "pathway": "e94a9c50-5baa-4cae-808e-b17367c11fc6",
      "effector": "a74a9b1a-7326-4dff-9013-d640433b3bf7",
      "ui_json": "{\"x\": 100, \"y\": 100}",
      "invoked_pathway": null,
      "distribution_mode": null
    }
  },
  {
    "model": "central_nervous_system.neuron",
    "pk": "acccb712-3923-4fc1-bf03-21328ff3e935",
    "fields": {
      "environment": null,
      "is_root": false,
      "pathway": "52b62ed2-7752-4d16-ba29-4810a54815d0",
      "effector": "f470784c-7b1e-4dc4-b524-e287b4d8dd8a",
      "ui_json": "{\"x\": 459, \"y\": 233}",
      "invoked_pathway": null,
      "distribution_mode": null
    }
  },
  {
    "model": "central_nervous_system.neuron",
    "pk": "b01e8b47-cf69-43c1-a1c8-4d4c1c252320",
    "fields": {
      "environment": null,
      "is_root": false,
      "pathway": "f2a3b4c5-6d7e-8f9a-0b1c-2d3e4f5a6b7c",
      "effector": "ddd12cdf-3785-4f02-9b38-0589c568b918",
      "ui_json": "{\"x\": 630, \"y\": 128}",
      "invoked_pathway": null,
      "distribution_mode": null
    }
  },
  {
    "model": "central_nervous_system.neuron",
    "pk": "b3f45398-e8f8-4f83-8b9a-2d4d16f08200",
    "fields": {
      "environment": null,
      "is_root": true,
      "pathway": "b8e9f0a1-2c3d-4e5f-6a7b-8c9d0e1f2b3c",
      "effector": "a74a9b1a-7326-4dff-9013-d640433b3bf7",
      "ui_json": "{\"x\": 100, \"y\": 100}",
      "invoked_pathway": null,
      "distribution_mode": null
    }
  },
  {
    "model": "central_nervous_system.neuron",
    "pk": "bdf1b105-1c9b-439f-9b2b-3006fcf1a5a3",
    "fields": {
      "environment": null,
      "is_root": true,
      "pathway": "4bb635e9-8c6c-41e4-8ca5-70744837b7a2",
      "effector": "a74a9b1a-7326-4dff-9013-d640433b3bf7",
      "ui_json": "{\"x\": 100, \"y\": 100}",
      "invoked_pathway": null,
      "distribution_mode": null
    }
  },
  {
    "model": "central_nervous_system.neuron",
    "pk": "c02ba00d-1e50-42c6-b095-7092ffedb05f",
    "fields": {
      "environment": null,
      "is_root": false,
      "pathway": "2a2a2425-08ff-46d2-b652-adb4153554bf",
      "effector": "aac083e3-4c05-47d0-b0e2-953138fd98b1",
      "ui_json": "{\"x\": 358, \"y\": 350}",
      "invoked_pathway": null,
      "distribution_mode": null
    }
  },
  {
    "model": "central_nervous_system.neuron",
    "pk": "c340f72f-a940-4599-8504-a366c21d5081",
    "fields": {
      "environment": null,
      "is_root": false,
      "pathway": "8686149a-8b56-4a47-b5df-7d8cf7635dbc",
      "effector": "e1ae3de5-d328-459c-94f0-34df086d0d81",
      "ui_json": "{\"x\": 461, \"y\": 93}",
      "invoked_pathway": null,
      "distribution_mode": null
    }
  },
  {
    "model": "central_nervous_system.neuron",
    "pk": "c82cf180-1af3-4cae-93a2-8a26554d58a7",
    "fields": {
      "environment": null,
      "is_root": false,
      "pathway": "9dcbedd4-ff8b-45be-9f9a-1734276f9d1b",
      "effector": "644c234f-c810-494b-8339-7829a143e099",
      "ui_json": "{\"x\": 430, \"y\": 3}",
      "invoked_pathway": null,
      "distribution_mode": null
    }
  },
  {
    "model": "central_nervous_system.neuron",
    "pk": "cc879bc8-8a3b-4e9a-b9ba-d3bd84da186c",
    "fields": {
      "environment": null,
      "is_root": false,
      "pathway": "559cecbd-2128-478a-be50-436ba30b7396",
      "effector": "64c0995a-cbd2-47d3-a452-e36ea4d46154",
      "ui_json": "{\"x\":1434.8246333820168,\"y\":-8.631975299264411}",
      "invoked_pathway": null,
      "distribution_mode": null
    }
  },
  {
    "model": "central_nervous_system.neuron",
    "pk": "cf570a86-2145-44d1-b47d-bbb32959e298",
    "fields": {
      "environment": null,
      "is_root": false,
      "pathway": "925c871c-618e-4de8-a9d2-6978aed216e8",
      "effector": "5f77b921-1b31-40ce-a200-fa35543e420c",
      "ui_json": "{\"x\":853.1668914870171,\"y\":-177.1872927255}",
      "invoked_pathway": null,
      "distribution_mode": 1
    }
  },
  {
    "model": "central_nervous_system.neuron",
    "pk": "d3a74ed7-a607-41b5-9c9b-ad8fdf74becb",
    "fields": {
      "environment": null,
      "is_root": false,
      "pathway": "2a2a2425-08ff-46d2-b652-adb4153554bf",
      "effector": "ddd12cdf-3785-4f02-9b38-0589c568b918",
      "ui_json": "{\"x\":698.8034767565144,\"y\":-166.31407072567237}",
      "invoked_pathway": null,
      "distribution_mode": null
    }
  },
  {
    "model": "central_nervous_system.neuron",
    "pk": "d3e42983-f679-48c4-8e37-ede6383d39a9",
    "fields": {
      "environment": null,
      "is_root": false,
      "pathway": "2a2a2425-08ff-46d2-b652-adb4153554bf",
      "effector": "a5ab1496-e437-40a0-8587-76df6f95ea4f",
      "ui_json": "{\"x\":0.32273471361884276,\"y\":288.2601149617725}",
      "invoked_pathway": null,
      "distribution_mode": null
    }
  },
  {
    "model": "central_nervous_system.neuron",
    "pk": "da8ae4dd-e7bb-4fae-afc5-5f94c66baa84",
    "fields": {
      "environment": null,
      "is_root": false,
      "pathway": "9dcbedd4-ff8b-45be-9f9a-1734276f9d1b",
      "effector": "e1ae3de5-d328-459c-94f0-34df086d0d81",
      "ui_json": "{\"x\": 1127, \"y\": 258}",
      "invoked_pathway": null,
      "distribution_mode": null
    }
  },
  {
    "model": "central_nervous_system.neuron",
    "pk": "dfbe5486-14c7-4e94-9497-7414801f282a",
    "fields": {
      "environment": null,
      "is_root": false,
      "pathway": "123bc9f0-5c8f-4410-a6e5-a49725fbb375",
      "effector": "84c1de07-491b-42a2-8d4b-f43d21c1e66e",
      "ui_json": "{\"x\": 808, \"y\": 112}",
      "invoked_pathway": null,
      "distribution_mode": 2
    }
  },
  {
    "model": "central_nervous_system.neuron",
    "pk": "e7609d3e-b90b-41b5-8297-aba56f693d16",
    "fields": {
      "environment": null,
      "is_root": false,
      "pathway": "9dcbedd4-ff8b-45be-9f9a-1734276f9d1b",
      "effector": "644c234f-c810-494b-8339-7829a143e099",
      "ui_json": "{\"x\": 560, \"y\": 583}",
      "invoked_pathway": null,
      "distribution_mode": null
    }
  },
  {
    "model": "central_nervous_system.neuron",
    "pk": "ea123846-fdcb-4c6c-92f9-eddac2ee3f01",
    "fields": {
      "environment": null,
      "is_root": true,
      "pathway": "22334455-6677-8899-0011-aabbccddeeff",
      "effector": "a74a9b1a-7326-4dff-9013-d640433b3bf7",
      "ui_json": "{\"x\": 100, \"y\": 100}",
      "invoked_pathway": null,
      "distribution_mode": null
    }
  },
  {
    "model": "central_nervous_system.neuron",
    "pk": "ea4a3152-fd9e-481c-a04c-42091c20c60e",
    "fields": {
      "environment": null,
      "is_root": false,
      "pathway": "4bb635e9-8c6c-41e4-8ca5-70744837b7a2",
      "effector": "e1ae3de5-d328-459c-94f0-34df086d0d81",
      "ui_json": "{\"x\": 464, \"y\": 366}",
      "invoked_pathway": null,
      "distribution_mode": null
    }
  },
  {
    "model": "central_nervous_system.neuron",
    "pk": "ea7aa383-e2e3-42b3-af30-5a7008be143a",
    "fields": {
      "environment": null,
      "is_root": false,
      "pathway": "2a2a2425-08ff-46d2-b652-adb4153554bf",
      "effector": "e1ae3de5-d328-459c-94f0-34df086d0d81",
      "ui_json": "{\"x\":335.19749520992616,\"y\":80.02504790073853}",
      "invoked_pathway": null,
      "distribution_mode": null
    }
  },
  {
    "model": "central_nervous_system.neuron",
    "pk": "eb282a0a-1aa1-49c4-becf-9dbd273ac27d",
    "fields": {
      "environment": null,
      "is_root": false,
      "pathway": "9dcbedd4-ff8b-45be-9f9a-1734276f9d1b",
      "effector": "644c234f-c810-494b-8339-7829a143e099",
      "ui_json": "{\"x\": 742, \"y\": 9}",
      "invoked_pathway": null,
      "distribution_mode": null
    }
  },
  {
    "model": "central_nervous_system.neuron",
    "pk": "efd9052a-cedc-4100-a031-893a54b658d6",
    "fields": {
      "environment": null,
      "is_root": true,
      "pathway": "f2a3b4c5-6d7e-8f9a-0b1c-2d3e4f5a6b7c",
      "effector": "a74a9b1a-7326-4dff-9013-d640433b3bf7",
      "ui_json": "{\"x\": 100, \"y\": 100}",
      "invoked_pathway": null,
      "distribution_mode": null
    }
  },
  {
    "model": "central_nervous_system.neuron",
    "pk": "f08e2b80-9b8a-4213-b5b3-a285da56039d",
    "fields": {
      "environment": null,
      "is_root": false,
      "pathway": "2a2a2425-08ff-46d2-b652-adb4153554bf",
      "effector": "90824791-343a-49c3-9d76-2c38dee14639",
      "ui_json": "{\"x\": 1412, \"y\": 824}",
      "invoked_pathway": null,
      "distribution_mode": null
    }
  },
  {
    "model": "central_nervous_system.neuron",
    "pk": "f5d66c60-a500-4258-be2a-453ad9d6339e",
    "fields": {
      "environment": null,
      "is_root": false,
      "pathway": "4bb635e9-8c6c-41e4-8ca5-70744837b7a2",
      "effector": "644c234f-c810-494b-8339-7829a143e099",
      "ui_json": "{\"x\": 157, \"y\": 394}",
      "invoked_pathway": null,
      "distribution_mode": null
    }
  },
  {
    "model": "central_nervous_system.neuron",
    "pk": "f690293c-131f-418b-8af0-967709a1451a",
    "fields": {
      "environment": null,
      "is_root": false,
      "pathway": "4e52e554-f7b3-4adc-96f2-f80da0329774",
      "effector": "a74a9b1a-7326-4dff-9013-d640433b3bf7",
      "ui_json": "{\"x\":482.51332720588243,\"y\":91.39954044117647}",
      "invoked_pathway": "925c871c-618e-4de8-a9d2-6978aed216e8",
      "distribution_mode": null
    }
  },
  {
    "model": "central_nervous_system.neuron",
    "pk": "fa968150-d84a-481d-a3b5-ec6ed710c165",
    "fields": {
      "environment": null,
      "is_root": false,
      "pathway": "04c3997f-d5f3-402f-952a-519bbd7e4dee",
      "effector": "64c0995a-cbd2-47d3-a452-e36ea4d46154",
      "ui_json": "{\"x\": 506, \"y\": 151}",
      "invoked_pathway": null,
      "distribution_mode": null
    }
  },
  {
    "model": "central_nervous_system.neuron",
    "pk": "fb8a5071-96a5-4384-9e4c-855be2f32a64",
    "fields": {
      "environment": null,
      "is_root": false,
      "pathway": "c3dd041a-20eb-4414-b571-2a5fdbeb9b86",
      "effector": "398bff83-6207-4365-ac48-e65d33ce7055",
      "ui_json": "{\"x\":380,\"y\":80}",
      "invoked_pathway": null,
      "distribution_mode": null
    }
  },
  {
    "model": "central_nervous_system.neuron",
    "pk": "fc874069-87db-4d94-a3ba-57e980bd32ef",
    "fields": {
      "environment": null,
      "is_root": true,
      "pathway": "52b62ed2-7752-4d16-ba29-4810a54815d0",
      "effector": "a74a9b1a-7326-4dff-9013-d640433b3bf7",
      "ui_json": "{\"x\": 100, \"y\": 100}",
      "invoked_pathway": null,
      "distribution_mode": null
    }
  },
  {
    "model": "central_nervous_system.neuroncontext",
    "pk": "217c4c62-3eae-493b-98bd-d40d6ef3c5d9",
    "fields": {
      "neuron": "a477b343-a99c-4039-aef2-f89463796187",
      "key": "prompt",
      "value": "Please attempt to count the number of files in this list {{provenance.application_log}}"
    }
  },
  {
    "model": "central_nervous_system.neuroncontext",
    "pk": "864f4f67-793a-4b47-9fc6-14eb2eaf3ce8",
    "fields": {
      "neuron": "a477b343-a99c-4039-aef2-f89463796187",
      "key": "prompt",
      "value": "Please attempt to count the number of files in this list {{provenance.application_log}}\ntest"
    }
  },
  {
    "model": "central_nervous_system.neuroncontext",
    "pk": "8a1a36a8-9e6a-4159-9a9f-598a67e51a1a",
    "fields": {
      "neuron": "cc879bc8-8a3b-4e9a-b9ba-d3bd84da186c",
      "key": "prompt",
      "value": "ONLY OBJECTIVE: Find and Report issues with this Unreal 5.6.1 application run.\r\nuse the unreal parsing tool ONCE: mcp_run_unreal_diagnostic_parser with spike id {{spike.provenance.id}}\r\nafter doing that you may also inspect the record.\r\nmcp_inspect_record Spike {{spike.provenance.id}}\r\nFound issues should be checked against your engrams.\r\nYou should enhance relative Engrams and may create Engrams for new issues.\r\nYou may not stray from the objective.\r\nTry to finish quickly.\r\nOnce you think you have tagged all issues, use mcp_done to file a report and end."
    }
  },
  {
    "model": "central_nervous_system.neuroncontext",
    "pk": "a3b3e913-1cec-41c8-b957-2e4ab3c5762b",
    "fields": {
      "neuron": "cc879bc8-8a3b-4e9a-b9ba-d3bd84da186c",
      "key": "prompt",
      "value": "ONLY OBJECTIVE: Find and Report issues with this Unreal 5.6.1 application run.\nThe unreal parsing tool is helpful: mcp_run_unreal_diagnostic_parser with spike id {{spike.provenance.id}}\nafter doing that you may consider inspecting the record.\nmcp_inspect_record Spike {{spike.provenance.id}}\nFound issues should be checked against your engrams.\nYou should enhance relative Engrams and may create Engrams for new issues.\nYou may not stray from the objective.\nTry to finish quickly.\nOnce you think you have tagged all issues, use mcp_done to file a report and end."
    }
  },
  {
    "model": "central_nervous_system.neuroncontext",
    "pk": "cf5b8301-2179-4214-8d35-086f62119f12",
    "fields": {
      "neuron": "a477b343-a99c-4039-aef2-f89463796187",
      "key": "prompt",
      "value": "Please attempt to count the number of files in this list {{provenance.application_log}}"
    }
  },
  {
    "model": "central_nervous_system.neuroncontext",
    "pk": "e970b8e9-18ba-4d23-ab22-776b1660ee0e",
    "fields": {
      "neuron": "cc879bc8-8a3b-4e9a-b9ba-d3bd84da186c",
      "key": "identity_disc",
      "value": "108f68c7-88f3-43cd-a94e-33d1c866fccc"
    }
  }
]
