[
  {
    "model": "central_nervous_system.axon",
    "pk": "09f06ce7-edc2-4978-a53e-83071886bdd8",
    "fields": {
      "modified": "2026-02-03T16:24:31.489Z",
      "type": 2,
      "pathway": "a7d8e9f0-1b2c-4d3e-5f6a-7b8c9d0e1f2a",
      "source": "2b09f039-e3e7-4adc-97aa-af3b5f58b715",
      "target": "92568528-b6b7-46e2-98e1-2e241e256212"
    }
  },
  {
    "model": "central_nervous_system.axon",
    "pk": "1395c40e-b526-4a39-b5f2-662ef54a985d",
    "fields": {
      "modified": "2026-02-03T16:02:32.752Z",
      "type": 2,
      "pathway": "559cecbd-2128-478a-be50-436ba30b7396",
      "source": "32e1f94f-e8b9-489a-a604-96e6c72fe784",
      "target": "b5964054-dfaa-4470-a2b1-6558e5e86aa3"
    }
  },
  {
    "model": "central_nervous_system.axon",
    "pk": "1523800f-c33e-4bab-878a-3ee6591c4ed4",
    "fields": {
      "modified": "2026-02-08T20:10:57.977Z",
      "type": 1,
      "pathway": "f0f0f0f0-f0f0-f0f0-f0f0-f0f0f0f0f0f0",
      "source": "53cd31bd-c4c2-4004-b978-60f70e0d75c5",
      "target": "c22cb505-a161-439f-aad1-43fad4639a7b"
    }
  },
  {
    "model": "central_nervous_system.axon",
    "pk": "1a80336c-e554-4f85-8951-deebbf81b749",
    "fields": {
      "modified": "2026-02-03T16:45:13.985Z",
      "type": 1,
      "pathway": "f2a3b4c5-6d7e-8f9a-0b1c-2d3e4f5a6b7c",
      "source": "efd9052a-cedc-4100-a031-893a54b658d6",
      "target": "d9fde1cb-fa68-4c87-85c2-5ebc89fb46fa"
    }
  },
  {
    "model": "central_nervous_system.axon",
    "pk": "1adad4f2-689a-4d17-a81e-ca79b2578e2d",
    "fields": {
      "modified": "2026-02-03T16:45:17.281Z",
      "type": 2,
      "pathway": "f2a3b4c5-6d7e-8f9a-0b1c-2d3e4f5a6b7c",
      "source": "d9fde1cb-fa68-4c87-85c2-5ebc89fb46fa",
      "target": "b01e8b47-cf69-43c1-a1c8-4d4c1c252320"
    }
  },
  {
    "model": "central_nervous_system.axon",
    "pk": "21b97297-2ceb-4c2f-bdbc-330270180ab2",
    "fields": {
      "modified": "2026-01-30T16:39:09.204Z",
      "type": 2,
      "pathway": "22334455-6677-8899-0011-aabbccddeeff",
      "source": "d9408de9-6fe2-4980-80d5-adb535aca17f",
      "target": "ac9dd9b3-ab25-42c9-a543-5cd08a63be35"
    }
  },
  {
    "model": "central_nervous_system.axon",
    "pk": "4c07c931-9cdc-460f-b19c-fa36269de723",
    "fields": {
      "modified": "2026-02-03T15:50:24.531Z",
      "type": 2,
      "pathway": "a7d8e9f0-1b2c-4d3e-5f6a-7b8c9d0e1f2a",
      "source": "6c0a0f80-1955-4723-a993-69cb9b0b67ee",
      "target": "2b09f039-e3e7-4adc-97aa-af3b5f58b715"
    }
  },
  {
    "model": "central_nervous_system.axon",
    "pk": "54da21e4-c98c-411c-ab78-6ad671c0f935",
    "fields": {
      "modified": "2026-02-03T16:24:37.058Z",
      "type": 2,
      "pathway": "a7d8e9f0-1b2c-4d3e-5f6a-7b8c9d0e1f2a",
      "source": "92568528-b6b7-46e2-98e1-2e241e256212",
      "target": "5679011b-9e4b-4975-94a0-7437743f2ba1"
    }
  },
  {
    "model": "central_nervous_system.axon",
    "pk": "5b1c4393-26dd-4caf-8995-816f64266860",
    "fields": {
      "modified": "2026-02-08T20:10:54.643Z",
      "type": 1,
      "pathway": "f0f0f0f0-f0f0-f0f0-f0f0-f0f0f0f0f0f0",
      "source": "53cd31bd-c4c2-4004-b978-60f70e0d75c5",
      "target": "65034142-edac-4e3a-9a97-ebda65c4f0f4"
    }
  },
  {
    "model": "central_nervous_system.axon",
    "pk": "738166ce-ebcf-486a-81b1-eb129ea022c1",
    "fields": {
      "modified": "2026-01-30T16:38:50.108Z",
      "type": 1,
      "pathway": "22334455-6677-8899-0011-aabbccddeeff",
      "source": "ea123846-fdcb-4c6c-92f9-eddac2ee3f01",
      "target": "d9408de9-6fe2-4980-80d5-adb535aca17f"
    }
  },
  {
    "model": "central_nervous_system.axon",
    "pk": "af1e4af2-aca2-4970-8897-26ca0c0c1147",
    "fields": {
      "modified": "2026-02-03T16:03:20.650Z",
      "type": 2,
      "pathway": "f2a3b4c5-6d7e-8f9a-0b1c-2d3e4f5a6b7c",
      "source": "04191690-f6c0-4519-8375-54ffac8a1b4f",
      "target": "829f966a-c9ee-45de-a9ef-796c103cae17"
    }
  },
  {
    "model": "central_nervous_system.axon",
    "pk": "c73117d8-3bcb-4dbc-a828-462f94a98e99",
    "fields": {
      "modified": "2026-01-28T23:21:26.029Z",
      "type": 1,
      "pathway": "b8e9f0a1-2c3d-4e5f-6a7b-8c9d0e1f2b3c",
      "source": "b3f45398-e8f8-4f83-8b9a-2d4d16f08200",
      "target": "c44280fb-4af5-4d2e-94be-2fb1e479d67f"
    }
  },
  {
    "model": "central_nervous_system.axon",
    "pk": "d2750112-1552-414f-a97c-0e8422dff616",
    "fields": {
      "modified": "2026-02-18T15:16:41.739Z",
      "type": 1,
      "pathway": "559cecbd-2128-478a-be50-436ba30b7396",
      "source": "b5964054-dfaa-4470-a2b1-6558e5e86aa3",
      "target": "cc879bc8-8a3b-4e9a-b9ba-d3bd84da186c"
    }
  },
  {
    "model": "central_nervous_system.axon",
    "pk": "d63f567a-9060-41a2-b59c-65d6f9ca385c",
    "fields": {
      "modified": "2026-02-03T15:54:33.608Z",
      "type": 2,
      "pathway": "f2a3b4c5-6d7e-8f9a-0b1c-2d3e4f5a6b7c",
      "source": "b01e8b47-cf69-43c1-a1c8-4d4c1c252320",
      "target": "04191690-f6c0-4519-8375-54ffac8a1b4f"
    }
  },
  {
    "model": "central_nervous_system.axon",
    "pk": "dc4ab6d1-5251-4c04-917c-81cab9bc222d",
    "fields": {
      "modified": "2026-01-30T16:06:52.977Z",
      "type": 1,
      "pathway": "0245b699-5b9a-43ec-9391-b788b578d25f",
      "source": "14c097c1-e050-4acc-bb3b-a64807926261",
      "target": "873e7e13-1c8f-4b64-9683-3ad0f0ef46cc"
    }
  },
  {
    "model": "central_nervous_system.axon",
    "pk": "ee0fc541-1107-4133-b710-daabdb48a151",
    "fields": {
      "modified": "2026-01-30T15:30:57.936Z",
      "type": 1,
      "pathway": "a7d8e9f0-1b2c-4d3e-5f6a-7b8c9d0e1f2a",
      "source": "7a15a84a-87bb-46b2-952b-6dd87a071032",
      "target": "6c0a0f80-1955-4723-a993-69cb9b0b67ee"
    }
  },
  {
    "model": "central_nervous_system.axon",
    "pk": "f45c8624-00eb-4322-8563-4049cfbcc327",
    "fields": {
      "modified": "2026-02-02T14:16:17.684Z",
      "type": 1,
      "pathway": "8686149a-8b56-4a47-b5df-7d8cf7635dbc",
      "source": "c340f72f-a940-4599-8504-a366c21d5081",
      "target": "4a2ee69a-6edc-46f5-8b75-64d1b36ca14c"
    }
  },
  {
    "model": "central_nervous_system.effector",
    "pk": "03d285d0-13e4-457f-839c-32be70fdce28",
    "fields": {
      "created": "2026-01-01T00:00:00Z",
      "description": null,
      "modified": "2026-01-21T22:07:32.891Z",
      "name": "Staging: Build Game",
      "is_favorite": false,
      "executable": "3ced43ee-5504-493a-a4b7-15040bb17100",
      "distribution_mode": 1,
      "tags": [],
      "switches": [
        "39edd10a-b0e0-4494-ac80-0dce7655d541",
        "d94c97f9-3433-45fb-95ef-0b51193e9354",
        "d75afe48-e08f-4b19-8bde-cca532f08cef",
        "a7857246-89ee-4e33-970e-0da349e9fd6c",
        "b0d3093b-400d-4087-ad76-3dc59f29f026",
        "723a5a81-c4d3-423e-a9c3-490b8492b9f8",
        "eaf83472-7fa6-425e-87be-e76308379d1d"
      ]
    }
  },
  {
    "model": "central_nervous_system.effector",
    "pk": "09795a73-5f05-4a56-806c-3cd35d2ca2ad",
    "fields": {
      "created": "2026-01-01T00:00:00Z",
      "description": null,
      "modified": "2026-01-23T20:29:01.872Z",
      "name": "Staging Run Once",
      "is_favorite": false,
      "executable": "efb5d7dc-9922-43ec-b108-5af5f029b71d",
      "distribution_mode": 1,
      "tags": [],
      "switches": [
        "9e754435-193c-4c75-a25c-b3f91acfc85c",
        "023710de-5227-4218-a0e6-5dfb9ade5da8",
        "69fb2e6c-ca62-4358-8459-e3d49cbd2214",
        "1e09f616-5530-4a3c-b592-baabc7e55876",
        "e0a61569-0182-4b43-ab13-2a89bb862db9"
      ]
    }
  },
  {
    "model": "central_nervous_system.effector",
    "pk": "1a6a8022-0c5d-44ee-a24b-c265eba732ee",
    "fields": {
      "created": "2026-02-02T14:43:47.917Z",
      "description": null,
      "modified": "2026-02-03T18:39:52.179Z",
      "name": "Launch #2 Server",
      "is_favorite": false,
      "executable": "6e487387-9608-4481-8f5c-9b0741585633",
      "distribution_mode": 4,
      "tags": [],
      "switches": [
        "023710de-5227-4218-a0e6-5dfb9ade5da8",
        "69fb2e6c-ca62-4358-8459-e3d49cbd2214",
        "1e09f616-5530-4a3c-b592-baabc7e55876",
        "7edeb62f-e855-4883-aa1d-13b006b5b52d"
      ]
    }
  },
  {
    "model": "central_nervous_system.effector",
    "pk": "354c0e37-2b8c-4313-9402-c1bc672c5315",
    "fields": {
      "created": "2026-01-09T12:00:00Z",
      "description": null,
      "modified": "2026-01-22T16:15:08.374Z",
      "name": "Version Metadata",
      "is_favorite": false,
      "executable": "1d037234-c8c2-4d51-bc65-41597c0becd2",
      "distribution_mode": 1,
      "tags": [],
      "switches": []
    }
  },
  {
    "model": "central_nervous_system.effector",
    "pk": "557817b0-2bfe-4584-a9e8-73bd1a98d376",
    "fields": {
      "created": "2026-01-01T00:00:00Z",
      "description": null,
      "modified": "2026-02-10T16:22:55.534Z",
      "name": "Test",
      "is_favorite": false,
      "executable": "3ee78993-faa3-401b-8187-c771e11c4564",
      "distribution_mode": 1,
      "tags": [],
      "switches": [
        "b21a852d-09b1-48a3-93f5-c8a9729f35fc",
        "d92769b7-74bd-457a-a2bf-a8e8e0f2ea6f",
        "b38e0e40-e2b1-455a-bb44-27e64f8dcf80",
        "e0a61569-0182-4b43-ab13-2a89bb862db9",
        "46a9d07a-1b02-43e6-b4a4-2e20a8c8b415",
        "3a5b6d0e-e77d-48ab-bf19-1271d746d30e",
        "a1fb29da-1340-44ba-965a-727e565e6ff6",
        "1f617d7e-59c2-440d-9d64-c15c5686c63c"
      ]
    }
  },
  {
    "model": "central_nervous_system.effector",
    "pk": "7b36b2bf-d755-4e29-b9f5-424c835aad4a",
    "fields": {
      "created": "2026-01-27T23:22:10.133Z",
      "description": null,
      "modified": "2026-01-27T23:23:03.205Z",
      "name": "Launch All",
      "is_favorite": false,
      "executable": "6e487387-9608-4481-8f5c-9b0741585633",
      "distribution_mode": 2,
      "tags": [],
      "switches": [
        "023710de-5227-4218-a0e6-5dfb9ade5da8",
        "69fb2e6c-ca62-4358-8459-e3d49cbd2214",
        "1e09f616-5530-4a3c-b592-baabc7e55876",
        "7edeb62f-e855-4883-aa1d-13b006b5b52d",
        "e0a61569-0182-4b43-ab13-2a89bb862db9"
      ]
    }
  },
  {
    "model": "central_nervous_system.effector",
    "pk": "81b124b8-c052-49da-84c6-ce2daf58f08e",
    "fields": {
      "created": "2026-01-01T00:00:00Z",
      "description": null,
      "modified": "2026-01-23T19:58:04.138Z",
      "name": "Staging: Record PSOs",
      "is_favorite": false,
      "executable": "efb5d7dc-9922-43ec-b108-5af5f029b71d",
      "distribution_mode": 1,
      "tags": [],
      "switches": [
        "b38e0e40-e2b1-455a-bb44-27e64f8dcf80",
        "023710de-5227-4218-a0e6-5dfb9ade5da8",
        "69fb2e6c-ca62-4358-8459-e3d49cbd2214",
        "1e09f616-5530-4a3c-b592-baabc7e55876",
        "3ca6a6ba-02c1-4875-829f-70b332b40013",
        "cbb86ad1-bfe5-4e9b-80ac-179f6f1f82c7",
        "b7c1e5bb-6ace-4b84-b856-1561fe215507"
      ]
    }
  },
  {
    "model": "central_nervous_system.effector",
    "pk": "aae59436-4863-4b26-b9bf-41c22367caf3",
    "fields": {
      "created": "2026-01-08T15:50:00Z",
      "description": null,
      "modified": "2026-01-26T17:43:04.964Z",
      "name": "Pre-Release Build",
      "is_favorite": false,
      "executable": "3ced43ee-5504-493a-a4b7-15040bb17100",
      "distribution_mode": 1,
      "tags": [],
      "switches": [
        "c56a5db4-4c0b-44f4-a1ec-b7571b48acff",
        "7e306bfb-a827-4e05-afec-fa5076dd2fe6",
        "0f5aba46-2340-4dd9-9552-a87435ffe74e",
        "9780c6a0-d422-49cb-8fac-7db2aaadcee7",
        "a7857246-89ee-4e33-970e-0da349e9fd6c",
        "d6a84427-86ea-4af9-a123-767af942ddce",
        "723a5a81-c4d3-423e-a9c3-490b8492b9f8",
        "eaf83472-7fa6-425e-87be-e76308379d1d",
        "39edd10a-b0e0-4494-ac80-0dce7655d541",
        "d94c97f9-3433-45fb-95ef-0b51193e9354",
        "d75afe48-e08f-4b19-8bde-cca532f08cef",
        "be03530c-9a71-4957-912f-6b13f00dfae7",
        "0573b425-eb78-4ea2-be12-8f40ef9e3dfc",
        "dafcaff9-00c0-47a7-9401-f40d043d9d16",
        "4253c8fb-dc9b-4bec-bf95-a97c187eff87",
        "1158a84c-a5a1-4fac-b0cb-4748d1eaa004"
      ]
    }
  },
  {
    "model": "central_nervous_system.effector",
    "pk": "bcfa9a64-836e-433b-b648-99d2451f728f",
    "fields": {
      "created": "2026-01-17T02:00:50.156Z",
      "description": null,
      "modified": "2026-01-26T17:53:32.250Z",
      "name": "Pre-Release Run",
      "is_favorite": false,
      "executable": "6e487387-9608-4481-8f5c-9b0741585633",
      "distribution_mode": 1,
      "tags": [],
      "switches": [
        "023710de-5227-4218-a0e6-5dfb9ade5da8",
        "69fb2e6c-ca62-4358-8459-e3d49cbd2214",
        "1e09f616-5530-4a3c-b592-baabc7e55876",
        "e0a61569-0182-4b43-ab13-2a89bb862db9"
      ]
    }
  },
  {
    "model": "central_nervous_system.effector",
    "pk": "f578324d-755d-4ee8-b124-40d6cd632702",
    "fields": {
      "created": "2026-01-07T22:58:23.399Z",
      "description": null,
      "modified": "2026-01-23T20:13:48.542Z",
      "name": "Compile PSO Cache",
      "is_favorite": false,
      "executable": "3ee78993-faa3-401b-8187-c771e11c4564",
      "distribution_mode": 1,
      "tags": [],
      "switches": [
        "b21a852d-09b1-48a3-93f5-c8a9729f35fc",
        "9780c6a0-d422-49cb-8fac-7db2aaadcee7",
        "ac959b8a-5d31-4d4a-8afa-9e4a1a23e05f",
        "0dbbe95e-a968-40f7-81cc-0a57d1034f91",
        "7b42ecbf-e14a-4885-bc70-4c35ba84e711"
      ]
    }
  },
  {
    "model": "central_nervous_system.effectorargumentassignment",
    "pk": "047cbe00-b0e6-4af9-83a0-1575f216a222",
    "fields": {
      "effector": "557817b0-2bfe-4584-a9e8-73bd1a98d376",
      "order": 10,
      "argument": "920e7245-0487-471b-a617-b2d9964f8e17"
    }
  },
  {
    "model": "central_nervous_system.effectorargumentassignment",
    "pk": "a25cb3f3-7ae7-44db-a2da-c17094be0f55",
    "fields": {
      "effector": "f578324d-755d-4ee8-b124-40d6cd632702",
      "order": 3,
      "argument": "dd1cd033-2180-4458-a918-6a79daaed365"
    }
  },
  {
    "model": "central_nervous_system.effectorargumentassignment",
    "pk": "ac7c931b-829e-4bb9-9d5d-8986870f97f6",
    "fields": {
      "effector": "03d285d0-13e4-457f-839c-32be70fdce28",
      "order": 10,
      "argument": "4898d0cb-16e6-4ae3-9bea-bcd1e569bbed"
    }
  },
  {
    "model": "central_nervous_system.effectorargumentassignment",
    "pk": "adebee18-9ba9-41b1-acc8-345be7839dba",
    "fields": {
      "effector": "f578324d-755d-4ee8-b124-40d6cd632702",
      "order": 2,
      "argument": "0a1b8202-a70d-46f5-ae30-fc4f370c3198"
    }
  },
  {
    "model": "central_nervous_system.effectorargumentassignment",
    "pk": "bc95f756-cfc4-413f-bfa0-587b775ab034",
    "fields": {
      "effector": "f578324d-755d-4ee8-b124-40d6cd632702",
      "order": 4,
      "argument": "dacf5176-a4d2-4c85-8d26-b5861763e856"
    }
  },
  {
    "model": "central_nervous_system.effectorargumentassignment",
    "pk": "c9e7a18d-adbc-46e6-a08b-2188a12dc1fa",
    "fields": {
      "effector": "f578324d-755d-4ee8-b124-40d6cd632702",
      "order": 1,
      "argument": "920e7245-0487-471b-a617-b2d9964f8e17"
    }
  },
  {
    "model": "central_nervous_system.effectorargumentassignment",
    "pk": "d1ca150d-1048-4d53-a057-2b4e0d93447e",
    "fields": {
      "effector": "f578324d-755d-4ee8-b124-40d6cd632702",
      "order": 5,
      "argument": "4c4e018e-84fb-418f-adef-bbc33eac003d"
    }
  },
  {
    "model": "central_nervous_system.effectorargumentassignment",
    "pk": "fb4247a9-8dea-45f3-9e27-5235f5d8468f",
    "fields": {
      "effector": "aae59436-4863-4b26-b9bf-41c22367caf3",
      "order": 10,
      "argument": "4898d0cb-16e6-4ae3-9bea-bcd1e569bbed"
    }
  },
  {
    "model": "central_nervous_system.neuron",
    "pk": "04191690-f6c0-4519-8375-54ffac8a1b4f",
    "fields": {
      "environment": null,
      "is_root": false,
      "pathway": "f2a3b4c5-6d7e-8f9a-0b1c-2d3e4f5a6b7c",
      "effector": "aae59436-4863-4b26-b9bf-41c22367caf3",
      "ui_json": "{\"x\": 938, \"y\": 222}",
      "invoked_pathway": null,
      "distribution_mode": null
    }
  },
  {
    "model": "central_nervous_system.neuron",
    "pk": "2b09f039-e3e7-4adc-97aa-af3b5f58b715",
    "fields": {
      "environment": null,
      "is_root": false,
      "pathway": "a7d8e9f0-1b2c-4d3e-5f6a-7b8c9d0e1f2a",
      "effector": "81b124b8-c052-49da-84c6-ce2daf58f08e",
      "ui_json": "{\"x\": 790, \"y\": 137}",
      "invoked_pathway": null,
      "distribution_mode": null
    }
  },
  {
    "model": "central_nervous_system.neuron",
    "pk": "4a2ee69a-6edc-46f5-8b75-64d1b36ca14c",
    "fields": {
      "environment": null,
      "is_root": false,
      "pathway": "8686149a-8b56-4a47-b5df-7d8cf7635dbc",
      "effector": "7b36b2bf-d755-4e29-b9f5-424c835aad4a",
      "ui_json": "{\"x\": 749, \"y\": 101}",
      "invoked_pathway": null,
      "distribution_mode": null
    }
  },
  {
    "model": "central_nervous_system.neuron",
    "pk": "65034142-edac-4e3a-9a97-ebda65c4f0f4",
    "fields": {
      "environment": null,
      "is_root": false,
      "pathway": "f0f0f0f0-f0f0-f0f0-f0f0-f0f0f0f0f0f0",
      "effector": "1a6a8022-0c5d-44ee-a24b-c265eba732ee",
      "ui_json": "{\"x\": 948, \"y\": 275}",
      "invoked_pathway": null,
      "distribution_mode": null
    }
  },
  {
    "model": "central_nervous_system.neuron",
    "pk": "6c0a0f80-1955-4723-a993-69cb9b0b67ee",
    "fields": {
      "environment": null,
      "is_root": false,
      "pathway": "a7d8e9f0-1b2c-4d3e-5f6a-7b8c9d0e1f2a",
      "effector": "03d285d0-13e4-457f-839c-32be70fdce28",
      "ui_json": "{\"x\": 456, \"y\": 90}",
      "invoked_pathway": null,
      "distribution_mode": null
    }
  },
  {
    "model": "central_nervous_system.neuron",
    "pk": "873e7e13-1c8f-4b64-9683-3ad0f0ef46cc",
    "fields": {
      "environment": null,
      "is_root": false,
      "pathway": "0245b699-5b9a-43ec-9391-b788b578d25f",
      "effector": "354c0e37-2b8c-4313-9402-c1bc672c5315",
      "ui_json": "{\"x\": 418, \"y\": 82}",
      "invoked_pathway": null,
      "distribution_mode": null
    }
  },
  {
    "model": "central_nervous_system.neuron",
    "pk": "92568528-b6b7-46e2-98e1-2e241e256212",
    "fields": {
      "environment": null,
      "is_root": false,
      "pathway": "a7d8e9f0-1b2c-4d3e-5f6a-7b8c9d0e1f2a",
      "effector": "f578324d-755d-4ee8-b124-40d6cd632702",
      "ui_json": "{\"x\": 1093, \"y\": 118}",
      "invoked_pathway": null,
      "distribution_mode": null
    }
  },
  {
    "model": "central_nervous_system.neuron",
    "pk": "96531d6d-91cb-46f3-be86-ecb949a997ec",
    "fields": {
      "environment": null,
      "is_root": false,
      "pathway": "925c871c-618e-4de8-a9d2-6978aed216e8",
      "effector": "aae59436-4863-4b26-b9bf-41c22367caf3",
      "ui_json": "{\"x\":1101.1529521195198,\"y\":-533.4724452343838}",
      "invoked_pathway": null,
      "distribution_mode": null
    }
  },
  {
    "model": "central_nervous_system.neuron",
    "pk": "b5964054-dfaa-4470-a2b1-6558e5e86aa3",
    "fields": {
      "environment": null,
      "is_root": false,
      "pathway": "559cecbd-2128-478a-be50-436ba30b7396",
      "effector": "bcfa9a64-836e-433b-b648-99d2451f728f",
      "ui_json": "{\"x\":1074,\"y\":147}",
      "invoked_pathway": null,
      "distribution_mode": null
    }
  },
  {
    "model": "central_nervous_system.neuron",
    "pk": "c22cb505-a161-439f-aad1-43fad4639a7b",
    "fields": {
      "environment": null,
      "is_root": false,
      "pathway": "f0f0f0f0-f0f0-f0f0-f0f0-f0f0f0f0f0f0",
      "effector": "bcfa9a64-836e-433b-b648-99d2451f728f",
      "ui_json": "{\"x\": 950, \"y\": 52}",
      "invoked_pathway": null,
      "distribution_mode": null
    }
  },
  {
    "model": "central_nervous_system.neuron",
    "pk": "c44280fb-4af5-4d2e-94be-2fb1e479d67f",
    "fields": {
      "environment": null,
      "is_root": false,
      "pathway": "b8e9f0a1-2c3d-4e5f-6a7b-8c9d0e1f2b3c",
      "effector": "557817b0-2bfe-4584-a9e8-73bd1a98d376",
      "ui_json": "{\"x\": 446, \"y\": 97}",
      "invoked_pathway": null,
      "distribution_mode": null
    }
  },
  {
    "model": "central_nervous_system.neuron",
    "pk": "d9408de9-6fe2-4980-80d5-adb535aca17f",
    "fields": {
      "environment": null,
      "is_root": false,
      "pathway": "22334455-6677-8899-0011-aabbccddeeff",
      "effector": "f578324d-755d-4ee8-b124-40d6cd632702",
      "ui_json": "{\"x\": 350, \"y\": 103}",
      "invoked_pathway": null,
      "distribution_mode": null
    }
  },
  {
    "model": "central_nervous_system.neuron",
    "pk": "d9fde1cb-fa68-4c87-85c2-5ebc89fb46fa",
    "fields": {
      "environment": null,
      "is_root": false,
      "pathway": "f2a3b4c5-6d7e-8f9a-0b1c-2d3e4f5a6b7c",
      "effector": "354c0e37-2b8c-4313-9402-c1bc672c5315",
      "ui_json": "{\"x\": 366, \"y\": 108}",
      "invoked_pathway": null,
      "distribution_mode": null
    }
  }
]
