[
  {
    "model": "environments.contextvariable",
    "pk": "0f1c79ee-52f0-4e90-ab5f-82ba11a399f7",
    "fields": {
      "environment": "44b23b94-6aae-4205-ae67-2f8c021c67aa",
      "key": "d6cbba9c-d8f8-57e4-98c5-be3072f227ba",
      "value": "HSHVacancy.uproject"
    }
  },
  {
    "model": "environments.contextvariable",
    "pk": "33e49e1c-d94a-49c6-bc94-e378baf99402",
    "fields": {
      "environment": "44b23b94-6aae-4205-ae67-2f8c021c67aa",
      "key": "f88bfedf-6e56-5cad-83a8-82eebe5f2a81",
      "value": "C:\\Users\\micha\\Documents\\Unreal Projects\\HSHVacancy"
    }
  },
  {
    "model": "environments.contextvariable",
    "pk": "35e3c0a5-a55d-4a8d-b0a3-67f57937e82e",
    "fields": {
      "environment": "44b23b94-6aae-4205-ae67-2f8c021c67aa",
      "key": "e76b574b-08a0-5ded-992c-787de0f24c51",
      "value": "C:\\are-self-bin\\3_environment_cache"
    }
  },
  {
    "model": "environments.contextvariable",
    "pk": "57eddeed-967b-4b20-825d-eae921d25e4e",
    "fields": {
      "environment": "44b23b94-6aae-4205-ae67-2f8c021c67aa",
      "key": "662f350c-1595-5d5d-ba23-04259ca765be",
      "value": "HSHVacancy"
    }
  },
  {
    "model": "environments.contextvariable",
    "pk": "5b3d780a-78a5-4192-b2d7-e5a49eb33f04",
    "fields": {
      "environment": "44b23b94-6aae-4205-ae67-2f8c021c67aa",
      "key": "3ed50a36-7cec-564c-b234-9db5adce58f6",
      "value": "C:\\are-self-bin\\1_staging"
    }
  },
  {
    "model": "environments.contextvariable",
    "pk": "909dab2c-985b-4b41-b261-5745c1fc48e0",
    "fields": {
      "environment": "44b23b94-6aae-4205-ae67-2f8c021c67aa",
      "key": "0bde5681-79ff-5e60-91ec-de58c576caad",
      "value": "C:\\Program Files\\Epic Games\\UE_5.6"
    }
  },
  {
    "model": "environments.contextvariable",
    "pk": "994a5f0b-799f-48ff-910c-5b4d5d307c7b",
    "fields": {
      "environment": "44b23b94-6aae-4205-ae67-2f8c021c67aa",
      "key": "d0af4b3d-a6cb-5d15-bc49-b8e9948fbb50",
      "value": "{{BASE_DIR}}\\venv"
    }
  },
  {
    "model": "environments.contextvariable",
    "pk": "9952c457-2343-4b35-a8e3-c227a32d50df",
    "fields": {
      "environment": "44b23b94-6aae-4205-ae67-2f8c021c67aa",
      "key": "fa470a08-db2a-5058-8da3-5b58895ea1b4",
      "value": "{{BASE_DIR}}"
    }
  },
  {
    "model": "environments.contextvariable",
    "pk": "b412f51a-a3ab-40db-8613-d86b5517ac55",
    "fields": {
      "environment": "44b23b94-6aae-4205-ae67-2f8c021c67aa",
      "key": "3baa118f-dd49-5aa6-8ab7-a3f75d809484",
      "value": "are-self-bin\\4_prerelease"
    }
  },
  {
    "model": "environments.contextvariable",
    "pk": "b5f3c601-2868-47ed-b7b2-9dfa4770a590",
    "fields": {
      "environment": "44b23b94-6aae-4205-ae67-2f8c021c67aa",
      "key": "911ee78c-4251-5681-a235-18a2028a0474",
      "value": "C:\\are-self-bin\\0_test"
    }
  },
  {
    "model": "environments.contextvariable",
    "pk": "bd52f95c-c661-4689-90b3-e4e77ea6d6cb",
    "fields": {
      "environment": "44b23b94-6aae-4205-ae67-2f8c021c67aa",
      "key": "cadef741-8ebe-5e69-b0f2-a3a3c732a16a",
      "value": "C:\\are-self-bin\\5_main"
    }
  },
  {
    "model": "environments.contextvariable",
    "pk": "dca36e60-09ea-4eeb-bc1b-3061e8bf83b4",
    "fields": {
      "environment": "44b23b94-6aae-4205-ae67-2f8c021c67aa",
      "key": "e24f0d30-670d-55fa-8db7-7c0e91e2fc89",
      "value": "C:\\are-self-bin\\4_prerelease"
    }
  },
  {
    "model": "environments.contextvariable",
    "pk": "fa66caf6-f591-4212-97be-46c088df48a3",
    "fields": {
      "environment": "44b23b94-6aae-4205-ae67-2f8c021c67aa",
      "key": "ea4eed7a-7b0e-5566-9a9e-3c27ff7efd66",
      "value": "C:\\are-self-bin\\2_shader_cache"
    }
  },
  {
    "model": "environments.executable",
    "pk": "0fb093f4-8c4a-4f40-ad1b-234e4f516f4f",
    "fields": {
      "created": "2026-01-21T00:00:00Z",
      "description": "Shader Pipeline Cache Tools.",
      "modified": "2026-01-21T00:00:00Z",
      "name": "UNREAL_SHADER_TOOL",
      "internal": false,
      "working_path": "{{engine_root}}\\Engine\\Binaries\\Win64",
      "executable": "{{engine_root}}\\Engine\\Binaries\\Win64\\ShaderPipelineCacheTools.exe",
      "log": "",
      "switches": []
    }
  },
  {
    "model": "environments.executable",
    "pk": "1d037234-c8c2-4d51-bc65-41597c0becd2",
    "fields": {
      "created": "2026-01-22T16:14:49.475Z",
      "description": "update_version_metadata",
      "modified": "2026-01-22T19:46:41.160Z",
      "name": "update_version_metadata",
      "internal": true,
      "working_path": "",
      "executable": "update_version_metadata",
      "log": "",
      "switches": []
    }
  },
  {
    "model": "environments.executable",
    "pk": "3ced43ee-5504-493a-a4b7-15040bb17100",
    "fields": {
      "created": "2026-01-21T00:00:00Z",
      "description": "RunUAT Batch File.",
      "modified": "2026-01-26T17:44:52.698Z",
      "name": "UNREAL_AUTOMATION_TOOL",
      "internal": false,
      "working_path": "{{engine_root}}\\Engine\\Build\\BatchFiles",
      "executable": "{{engine_root}}\\Engine\\Build\\BatchFiles\\RunUAT.bat",
      "log": "",
      "switches": [
        "b21a852d-09b1-48a3-93f5-c8a9729f35fc",
        "9780c6a0-d422-49cb-8fac-7db2aaadcee7",
        "d6a84427-86ea-4af9-a123-767af942ddce"
      ]
    }
  },
  {
    "model": "environments.executable",
    "pk": "3ee78993-faa3-401b-8187-c771e11c4564",
    "fields": {
      "created": "2026-01-21T00:00:00Z",
      "description": "Unreal Editor Commandlet (Headless).",
      "modified": "2026-01-22T20:16:15.362Z",
      "name": "UNREAL_CMD",
      "internal": false,
      "working_path": "{{engine_root}}\\Engine\\Binaries\\Win64",
      "executable": "{{engine_root}}\\Engine\\Binaries\\Win64\\UnrealEditor-Cmd.exe",
      "log": "{{project_root}}\\Saved\\Logs\\{{project_name}}.log",
      "switches": [
        "b21a852d-09b1-48a3-93f5-c8a9729f35fc",
        "9780c6a0-d422-49cb-8fac-7db2aaadcee7",
        "d6a84427-86ea-4af9-a123-767af942ddce",
        "f1d2e3b6-4a05-4d80-88b3-c882c64ab5e7",
        "1e5921f7-02cd-4b44-9c5d-d27f384da45d"
      ]
    }
  },
  {
    "model": "environments.executable",
    "pk": "6e487387-9608-4481-8f5c-9b0741585633",
    "fields": {
      "created": "2026-01-21T00:00:00Z",
      "description": "The cooked executable in the pre-release folder.",
      "modified": "2026-01-26T16:47:18Z",
      "name": "UNREAL_RELEASE_TEST",
      "internal": false,
      "working_path": "{{prerelease_root}}\\Windows",
      "executable": "{{prerelease_root}}\\Windows\\{{project_name}}.exe",
      "log": "{{prerelease_root}}\\Windows\\{{project_name}}\\Saved\\Logs\\{{project_name}}.log",
      "switches": []
    }
  },
  {
    "model": "environments.executable",
    "pk": "efb5d7dc-9922-43ec-b108-5af5f029b71d",
    "fields": {
      "created": "2026-01-21T00:00:00Z",
      "description": "The cooked executable in the Staging Buffer.",
      "modified": "2026-01-26T17:41:13.831Z",
      "name": "UNREAL_STAGING",
      "internal": false,
      "working_path": "{{staging_root}}\\Windows",
      "executable": "{{staging_root}}\\Windows\\{{project_name}}.exe",
      "log": "{{staging_root}}\\Windows\\{{project_name}}\\Saved\\Logs\\{{project_name}}.log",
      "switches": []
    }
  },
  {
    "model": "environments.executableargument",
    "pk": "0a1b8202-a70d-46f5-ae30-fc4f370c3198",
    "fields": {
      "created": "2026-01-21T22:02:13.967Z",
      "modified": "2026-01-21T22:02:13.967Z",
      "name": "Expand",
      "argument": "expand"
    }
  },
  {
    "model": "environments.executableargument",
    "pk": "4898d0cb-16e6-4ae3-9bea-bcd1e569bbed",
    "fields": {
      "created": "2026-01-21T22:02:21.823Z",
      "modified": "2026-01-21T22:02:21.823Z",
      "name": "BuildCookRun",
      "argument": "BuildCookRun"
    }
  },
  {
    "model": "environments.executableargument",
    "pk": "4c4e018e-84fb-418f-adef-bbc33eac003d",
    "fields": {
      "created": "2026-01-21T22:00:20.700Z",
      "modified": "2026-01-21T22:00:20.700Z",
      "name": "SPC File",
      "argument": "{{project_root}}\\Content\\PipelineCaches\\{{project_name}}_PCD3D_SM6.spc"
    }
  },
  {
    "model": "environments.executableargument",
    "pk": "c4f4bdac-4a26-4e2c-8876-02975ce56dea",
    "fields": {
      "created": "2026-01-22T14:21:52.388Z",
      "modified": "2026-01-22T20:12:52.946Z",
      "name": "AppVersion File",
      "argument": "{{project_root}}\\Content\\_Version\\AppVersion.json"
    }
  },
  {
    "model": "environments.executableargument",
    "pk": "dacf5176-a4d2-4c85-8d26-b5861763e856",
    "fields": {
      "created": "2026-01-21T21:58:49.251Z",
      "modified": "2026-01-21T22:01:42.874Z",
      "name": "Get PipelineCaches SHK Files",
      "argument": "{{project_root}}\\Saved\\Cooked\\Windows\\{{project_name}}\\Metadata\\PipelineCaches\\*.shk"
    }
  },
  {
    "model": "environments.executableargument",
    "pk": "dd1cd033-2180-4458-a918-6a79daaed365",
    "fields": {
      "created": "2026-01-21T22:01:08.540Z",
      "modified": "2026-01-26T17:39:01.845Z",
      "name": "Get Collected PSO Rec Files",
      "argument": "{{staging_root}}\\Windows\\{{project_name}}\\Saved\\CollectedPSOs\\*.rec*"
    }
  },
  {
    "model": "environments.executableargumentassignment",
    "pk": "ef5b4740-b00d-4f37-b1c7-1fd223e12bd2",
    "fields": {
      "executable": "1d037234-c8c2-4d51-bc65-41597c0becd2",
      "order": 10,
      "argument": "c4f4bdac-4a26-4e2c-8876-02975ce56dea"
    }
  },
  {
    "model": "environments.executableswitch",
    "pk": "023710de-5227-4218-a0e6-5dfb9ade5da8",
    "fields": {
      "created": "2026-01-21T19:45:39.581Z",
      "modified": "2026-01-21T19:45:39.581Z",
      "name": "Windowed",
      "flag": "-windowed",
      "value": ""
    }
  },
  {
    "model": "environments.executableswitch",
    "pk": "0573b425-eb78-4ea2-be12-8f40ef9e3dfc",
    "fields": {
      "created": "2026-01-21T00:00:00Z",
      "modified": "2026-01-21T19:42:31.346Z",
      "name": "Archive",
      "flag": "-archive",
      "value": ""
    }
  },
  {
    "model": "environments.executableswitch",
    "pk": "0dbbe95e-a968-40f7-81cc-0a57d1034f91",
    "fields": {
      "created": "2026-01-21T19:47:12.352Z",
      "modified": "2026-01-23T18:07:04.395Z",
      "name": "CMD Disable LC Var",
      "flag": "-dpcvars=",
      "value": "LiveCoding.Enable=0"
    }
  },
  {
    "model": "environments.executableswitch",
    "pk": "0f5aba46-2340-4dd9-9552-a87435ffe74e",
    "fields": {
      "created": "2026-01-21T19:52:42.932Z",
      "modified": "2026-01-21T19:52:42.932Z",
      "name": "Client Config Dev",
      "flag": "-clientconfig=",
      "value": "Development"
    }
  },
  {
    "model": "environments.executableswitch",
    "pk": "1158a84c-a5a1-4fac-b0cb-4748d1eaa004",
    "fields": {
      "created": "2026-01-21T19:40:12.434Z",
      "modified": "2026-01-21T19:40:12.434Z",
      "name": "Unversioned Content",
      "flag": "-unversionedcookedcontent",
      "value": ""
    }
  },
  {
    "model": "environments.executableswitch",
    "pk": "1e09f616-5530-4a3c-b592-baabc7e55876",
    "fields": {
      "created": "2026-01-21T19:46:21.449Z",
      "modified": "2026-01-21T19:46:21.449Z",
      "name": "Res Y 720p",
      "flag": "-resY=",
      "value": "720"
    }
  },
  {
    "model": "environments.executableswitch",
    "pk": "1e5921f7-02cd-4b44-9c5d-d27f384da45d",
    "fields": {
      "created": "2026-01-21T00:00:00Z",
      "modified": "2026-01-21T00:00:00Z",
      "name": "Unreal Full Standard Log",
      "flag": "-fullstdlog",
      "value": ""
    }
  },
  {
    "model": "environments.executableswitch",
    "pk": "1f617d7e-59c2-440d-9d64-c15c5686c63c",
    "fields": {
      "created": "2026-01-22T21:59:09.174Z",
      "modified": "2026-01-23T18:07:04.395Z",
      "name": "TestExit Automation Test Queue Empty",
      "flag": "-TestExit=",
      "value": "Automation Test Queue Empty"
    }
  },
  {
    "model": "environments.executableswitch",
    "pk": "39edd10a-b0e0-4494-ac80-0dce7655d541",
    "fields": {
      "created": "2026-01-21T00:00:00Z",
      "modified": "2026-01-21T19:42:37.923Z",
      "name": "Build",
      "flag": "-build",
      "value": ""
    }
  },
  {
    "model": "environments.executableswitch",
    "pk": "3a5b6d0e-e77d-48ab-bf19-1271d746d30e",
    "fields": {
      "created": "2026-01-22T21:55:32.999Z",
      "modified": "2026-01-28T23:24:30.309Z",
      "name": "Test Report Destination",
      "flag": "-ReportExportPath=",
      "value": "{{test_root}}\\test_report"
    }
  },
  {
    "model": "environments.executableswitch",
    "pk": "3ca6a6ba-02c1-4875-829f-70b332b40013",
    "fields": {
      "created": "2026-01-21T19:49:38.408Z",
      "modified": "2026-01-21T19:49:38.408Z",
      "name": "Compile Shaders",
      "flag": "-CompileShaders",
      "value": ""
    }
  },
  {
    "model": "environments.executableswitch",
    "pk": "4253c8fb-dc9b-4bec-bf95-a97c187eff87",
    "fields": {
      "created": "2026-01-21T19:39:34.201Z",
      "modified": "2026-01-21T19:39:34.201Z",
      "name": "Zen Store",
      "flag": "-zenstore",
      "value": ""
    }
  },
  {
    "model": "environments.executableswitch",
    "pk": "46a9d07a-1b02-43e6-b4a4-2e20a8c8b415",
    "fields": {
      "created": "2026-01-21T19:58:18.758Z",
      "modified": "2026-02-10T16:10:20.402Z",
      "name": "Exec Automation Tests",
      "flag": "-ExecCmds=",
      "value": "Automation RunTests HSH;Quit"
    }
  },
  {
    "model": "environments.executableswitch",
    "pk": "69fb2e6c-ca62-4358-8459-e3d49cbd2214",
    "fields": {
      "created": "2026-01-21T19:46:03.486Z",
      "modified": "2026-01-21T19:46:03.486Z",
      "name": "ResX 720p",
      "flag": "-resX=",
      "value": "1280"
    }
  },
  {
    "model": "environments.executableswitch",
    "pk": "723a5a81-c4d3-423e-a9c3-490b8492b9f8",
    "fields": {
      "created": "2026-01-21T19:55:32.760Z",
      "modified": "2026-01-21T19:55:32.760Z",
      "name": "Platform Win64",
      "flag": "-platform=Win64",
      "value": ""
    }
  },
  {
    "model": "environments.executableswitch",
    "pk": "7b42ecbf-e14a-4885-bc70-4c35ba84e711",
    "fields": {
      "created": "2026-01-21T19:47:57.645Z",
      "modified": "2026-01-21T19:47:57.645Z",
      "name": "No Live Coding",
      "flag": "-NoLiveCoding",
      "value": ""
    }
  },
  {
    "model": "environments.executableswitch",
    "pk": "7e306bfb-a827-4e05-afec-fa5076dd2fe6",
    "fields": {
      "created": "2026-01-21T19:52:19.264Z",
      "modified": "2026-01-21T19:52:49.344Z",
      "name": "Server Config Development",
      "flag": "-serverconfig=",
      "value": "Development"
    }
  },
  {
    "model": "environments.executableswitch",
    "pk": "7edeb62f-e855-4883-aa1d-13b006b5b52d",
    "fields": {
      "created": "2026-01-21T19:48:21.323Z",
      "modified": "2026-01-21T19:49:03.210Z",
      "name": "Auto Start",
      "flag": "-AutoStart",
      "value": ""
    }
  },
  {
    "model": "environments.executableswitch",
    "pk": "9780c6a0-d422-49cb-8fac-7db2aaadcee7",
    "fields": {
      "created": "2026-01-21T00:00:00Z",
      "modified": "2026-01-21T19:48:43.200Z",
      "name": "No Pause",
      "flag": "-nopause",
      "value": ""
    }
  },
  {
    "model": "environments.executableswitch",
    "pk": "9e754435-193c-4c75-a25c-b3f91acfc85c",
    "fields": {
      "created": "2026-01-21T19:36:17.120Z",
      "modified": "2026-01-21T20:04:48.757Z",
      "name": "Auto Close",
      "flag": "-AutoClose",
      "value": ""
    }
  },
  {
    "model": "environments.executableswitch",
    "pk": "a1fb29da-1340-44ba-965a-727e565e6ff6",
    "fields": {
      "created": "2026-01-22T21:57:46.046Z",
      "modified": "2026-01-22T21:57:46.046Z",
      "name": "Custom Config Staging",
      "flag": "-CustomConfig=",
      "value": "Staging"
    }
  },
  {
    "model": "environments.executableswitch",
    "pk": "a7857246-89ee-4e33-970e-0da349e9fd6c",
    "fields": {
      "created": "2026-01-21T19:53:43.914Z",
      "modified": "2026-01-21T19:53:43.914Z",
      "name": "Pak",
      "flag": "-pak",
      "value": ""
    }
  },
  {
    "model": "environments.executableswitch",
    "pk": "ac959b8a-5d31-4d4a-8afa-9e4a1a23e05f",
    "fields": {
      "created": "2026-01-21T19:44:56.489Z",
      "modified": "2026-01-21T19:44:56.489Z",
      "name": "CMD Run Shaders",
      "flag": "-run=",
      "value": "ShaderPipelineCacheTools"
    }
  },
  {
    "model": "environments.executableswitch",
    "pk": "b0d3093b-400d-4087-ad76-3dc59f29f026",
    "fields": {
      "created": "2026-01-21T19:54:58.926Z",
      "modified": "2026-01-26T18:27:15.436Z",
      "name": "stagingdirectory Windows Folder",
      "flag": "-stagingdirectory=",
      "value": "{{staging_root}}"
    }
  },
  {
    "model": "environments.executableswitch",
    "pk": "b21a852d-09b1-48a3-93f5-c8a9729f35fc",
    "fields": {
      "created": "2026-01-21T00:00:00Z",
      "modified": "2026-01-21T00:00:00Z",
      "name": "Unreal Unattended",
      "flag": "-unattended",
      "value": ""
    }
  },
  {
    "model": "environments.executableswitch",
    "pk": "b38e0e40-e2b1-455a-bb44-27e64f8dcf80",
    "fields": {
      "created": "2026-01-21T19:36:27.244Z",
      "modified": "2026-01-21T19:36:27.244Z",
      "name": "Log",
      "flag": "-log",
      "value": ""
    }
  },
  {
    "model": "environments.executableswitch",
    "pk": "b7c1e5bb-6ace-4b84-b856-1561fe215507",
    "fields": {
      "created": "2026-01-21T19:50:58.267Z",
      "modified": "2026-01-21T19:50:58.267Z",
      "name": "Log PSO",
      "flag": "-logPSO",
      "value": ""
    }
  },
  {
    "model": "environments.executableswitch",
    "pk": "be03530c-9a71-4957-912f-6b13f00dfae7",
    "fields": {
      "created": "2026-01-21T20:25:50.209Z",
      "modified": "2026-01-26T17:35:55.478Z",
      "name": "Pre-Release: Archive Directory",
      "flag": "-archivedirectory=",
      "value": "{{prerelease_root}}"
    }
  },
  {
    "model": "environments.executableswitch",
    "pk": "c56a5db4-4c0b-44f4-a1ec-b7571b48acff",
    "fields": {
      "created": "2026-01-21T19:51:38.664Z",
      "modified": "2026-01-21T19:51:38.664Z",
      "name": "No Compile Editor",
      "flag": "-nocompileeditor",
      "value": ""
    }
  },
  {
    "model": "environments.executableswitch",
    "pk": "cbb86ad1-bfe5-4e9b-80ac-179f6f1f82c7",
    "fields": {
      "created": "2026-01-21T19:50:08.584Z",
      "modified": "2026-01-21T19:50:08.584Z",
      "name": "Clear PSO Cache",
      "flag": "-clearPSODriverCache",
      "value": ""
    }
  },
  {
    "model": "environments.executableswitch",
    "pk": "d6a84427-86ea-4af9-a123-767af942ddce",
    "fields": {
      "created": "2026-01-21T00:00:00Z",
      "modified": "2026-01-21T00:00:00Z",
      "name": "Unreal UTF8 Output",
      "flag": "-utf8output",
      "value": ""
    }
  },
  {
    "model": "environments.executableswitch",
    "pk": "d75afe48-e08f-4b19-8bde-cca532f08cef",
    "fields": {
      "created": "2026-01-21T00:00:00Z",
      "modified": "2026-01-21T00:00:00Z",
      "name": "UAT Stage",
      "flag": "-stage",
      "value": ""
    }
  },
  {
    "model": "environments.executableswitch",
    "pk": "d92769b7-74bd-457a-a2bf-a8e8e0f2ea6f",
    "fields": {
      "created": "2026-01-21T00:00:00Z",
      "modified": "2026-01-21T00:00:00Z",
      "name": "Unreal Null RHI",
      "flag": "-nullrhi",
      "value": ""
    }
  },
  {
    "model": "environments.executableswitch",
    "pk": "d94c97f9-3433-45fb-95ef-0b51193e9354",
    "fields": {
      "created": "2026-01-21T00:00:00Z",
      "modified": "2026-01-21T19:42:54.880Z",
      "name": "Cook",
      "flag": "-cook",
      "value": ""
    }
  },
  {
    "model": "environments.executableswitch",
    "pk": "dafcaff9-00c0-47a7-9401-f40d043d9d16",
    "fields": {
      "created": "2026-01-21T00:00:00Z",
      "modified": "2026-01-21T19:42:49.426Z",
      "name": "Compressed",
      "flag": "-compressed",
      "value": ""
    }
  },
  {
    "model": "environments.executableswitch",
    "pk": "e0a61569-0182-4b43-ab13-2a89bb862db9",
    "fields": {
      "created": "2026-01-21T19:57:37.584Z",
      "modified": "2026-01-21T19:57:37.584Z",
      "name": "No Splash",
      "flag": "-nosplash",
      "value": ""
    }
  },
  {
    "model": "environments.executableswitch",
    "pk": "eaf83472-7fa6-425e-87be-e76308379d1d",
    "fields": {
      "created": "2026-01-21T19:56:42.630Z",
      "modified": "2026-01-23T18:07:04.395Z",
      "name": "Project Flag",
      "flag": "-project=",
      "value": "{{project_root}}\\{{uproject}}"
    }
  },
  {
    "model": "environments.executableswitch",
    "pk": "f1d2e3b6-4a05-4d80-88b3-c882c64ab5e7",
    "fields": {
      "created": "2026-01-21T00:00:00Z",
      "modified": "2026-01-21T00:00:00Z",
      "name": "Unreal StdOut",
      "flag": "-stdout",
      "value": ""
    }
  },
  {
    "model": "environments.projectenvironmenttype",
    "pk": "8a5e6540-92bf-5e73-a26a-4ff3e6185bd9",
    "fields": {
      "name": "Unreal 5.6.1"
    }
  },
  {
    "model": "environments.projectenvironment",
    "pk": "44b23b94-6aae-4205-ae67-2f8c021c67aa",
    "fields": {
      "created": "2026-02-11T15:33:50.687Z",
      "description": "Default UE Environment",
      "modified": "2026-04-02T19:32:59.129Z",
      "name": "Default UE Environment",
      "type": "8a5e6540-92bf-5e73-a26a-4ff3e6185bd9",
      "status": "e1bb67a5-1b86-5636-9464-be50af5c7863",
      "available": true,
      "selected": false,
      "default_iteration_definition": "9dfa8918-1dc9-4a52-b708-347883fc25bf"
    }
  },
  {
    "model": "environments.executableargument",
    "pk": "1039da3b-f648-4efb-a524-19d17737bf58",
    "fields": {
      "created": "2026-01-30T16:34:15.931Z",
      "modified": "2026-01-30T16:34:15.931Z",
      "name": "Compiled SPC File",
      "argument": "HSHVacancy_PCD3D_SM6.spc"
    }
  },
  {
    "model": "environments.executableargument",
    "pk": "1741c851-24bc-4120-b503-3e838b3115a6",
    "fields": {
      "created": "2026-01-27T22:43:48.676Z",
      "modified": "2026-01-27T23:08:47.766Z",
      "name": "Local Pre-Release Folder",
      "argument": "{{prerelease_root}}"
    }
  },
  {
    "model": "environments.executableargument",
    "pk": "1bd3bc61-8083-4369-9bf2-1b8538b5df1e",
    "fields": {
      "created": "2026-02-08T17:46:49.433Z",
      "modified": "2026-02-08T17:46:49.433Z",
      "name": "Pre-Release Logs",
      "argument": "{{prerelease_root}}\\Windows\\{{project_name}}\\Saved\\Logs"
    }
  },
  {
    "model": "environments.executableargument",
    "pk": "3014f63b-37fd-433a-8d02-573a5aa36a95",
    "fields": {
      "created": "2026-01-30T18:35:43.800Z",
      "modified": "2026-01-30T18:35:43.800Z",
      "name": "Prerelease Pipeline Caches Folder",
      "argument": "{{prerelease_root}}\\Windows\\{{project_name}}\\Content\\PipelineCaches"
    }
  },
  {
    "model": "environments.executableargument",
    "pk": "3108ce82-fead-4942-9101-a4b880d15181",
    "fields": {
      "created": "2026-01-30T16:32:41.643Z",
      "modified": "2026-01-30T16:32:41.643Z",
      "name": "Compiled Shader Cache Folder",
      "argument": "{{project_root}}\\Content\\PipelineCaches"
    }
  },
  {
    "model": "environments.executableargument",
    "pk": "42753cc5-cfe3-4ca0-9132-40e0c9f1d7a9",
    "fields": {
      "created": "2026-02-08T17:51:08.618Z",
      "modified": "2026-02-08T17:51:08.618Z",
      "name": "Pre-Release User Config",
      "argument": "{{prerelease_root}}\\Windows\\{{project_name}}\\Saved\\Config"
    }
  },
  {
    "model": "environments.executableargument",
    "pk": "6072b897-e5a4-4bea-9e90-6eb6b0eacf9a",
    "fields": {
      "created": "2026-01-31T14:28:11.107Z",
      "modified": "2026-01-31T14:28:23.674Z",
      "name": "Cached SaveGames Folder",
      "argument": "{{environment_cache_root}}\\Saved\\SaveGames"
    }
  },
  {
    "model": "environments.executableargument",
    "pk": "c4d207aa-46fd-4259-ad59-f06deada0ba8",
    "fields": {
      "created": "2026-01-31T15:51:48.415Z",
      "modified": "2026-01-31T15:51:48.415Z",
      "name": "Intermediate Folder",
      "argument": "{{project_root}}\\Intermediate"
    }
  },
  {
    "model": "environments.executableargument",
    "pk": "c6baeb32-947d-4d7d-834b-e6bf756a1cf4",
    "fields": {
      "created": "2026-01-31T14:28:59.875Z",
      "modified": "2026-01-31T14:28:59.875Z",
      "name": "Prerelease SaveGames Folder",
      "argument": "{{prerelease_root}}\\Windows\\{{project_name}}\\Saved\\SaveGames"
    }
  },
  {
    "model": "environments.executableargument",
    "pk": "ceb749f6-c979-402a-b5d7-5a6fa0f5a385",
    "fields": {
      "created": "2026-01-27T22:42:52.057Z",
      "modified": "2026-01-27T22:55:43.025Z",
      "name": "Network Server Pre-Release Folder",
      "argument": "\\\\{{server}}\\{{prerelease_root}}"
    }
  },
  {
    "model": "environments.executableargument",
    "pk": "f82efc0a-b19a-476c-bcaa-8a72c9560766",
    "fields": {
      "created": "2026-01-30T16:27:56.809Z",
      "modified": "2026-01-30T16:27:56.809Z",
      "name": "Local Shader Cache",
      "argument": "{{shader_cache_root}}"
    }
  },
  {
    "model": "environments.executableswitch",
    "pk": "6069b8ad-dccf-4a35-a2eb-28293cb8c087",
    "fields": {
      "created": "2026-01-21T00:00:00Z",
      "modified": "2026-01-21T00:00:00Z",
      "name": "Unreal Warnings as Errors",
      "flag": "-warningsaserrors",
      "value": ""
    }
  },
  {
    "model": "environments.executableswitch",
    "pk": "7352181d-01d8-41df-9d8b-9dba1e8238fa",
    "fields": {
      "created": "2026-01-21T00:00:00Z",
      "modified": "2026-01-21T00:00:00Z",
      "name": "UAT Package",
      "flag": "-package",
      "value": ""
    }
  },
  {
    "model": "environments.executableswitch",
    "pk": "78a3a464-ac23-456b-9af1-cb22a34850dd",
    "fields": {
      "created": "2026-01-21T00:00:00Z",
      "modified": "2026-01-21T19:42:44.635Z",
      "name": "Clean",
      "flag": "-clean",
      "value": ""
    }
  },
  {
    "model": "environments.projectenvironmentcontextkey",
    "pk": "0bde5681-79ff-5e60-91ec-de58c576caad",
    "fields": {
      "name": "engine_root"
    }
  },
  {
    "model": "environments.projectenvironmentcontextkey",
    "pk": "3baa118f-dd49-5aa6-8ab7-a3f75d809484",
    "fields": {
      "name": "network_prerelease_root"
    }
  },
  {
    "model": "environments.projectenvironmentcontextkey",
    "pk": "3ed50a36-7cec-564c-b234-9db5adce58f6",
    "fields": {
      "name": "staging_root"
    }
  },
  {
    "model": "environments.projectenvironmentcontextkey",
    "pk": "cadef741-8ebe-5e69-b0f2-a3a3c732a16a",
    "fields": {
      "name": "production_root"
    }
  },
  {
    "model": "environments.projectenvironmentcontextkey",
    "pk": "d6cbba9c-d8f8-57e4-98c5-be3072f227ba",
    "fields": {
      "name": "uproject"
    }
  },
  {
    "model": "environments.projectenvironmentcontextkey",
    "pk": "e24f0d30-670d-55fa-8db7-7c0e91e2fc89",
    "fields": {
      "name": "prerelease_root"
    }
  },
  {
    "model": "environments.projectenvironmentcontextkey",
    "pk": "e76b574b-08a0-5ded-992c-787de0f24c51",
    "fields": {
      "name": "environment_cache_root"
    }
  },
  {
    "model": "environments.projectenvironmentcontextkey",
    "pk": "ea4eed7a-7b0e-5566-9a9e-3c27ff7efd66",
    "fields": {
      "name": "shader_cache_root"
    }
  },
  {
    "model": "central_nervous_system.axon",
    "pk": "09f06ce7-edc2-4978-a53e-83071886bdd8",
    "fields": {
      "modified": "2026-02-03T16:24:31.489Z",
      "type": 2,
      "pathway": "a7d8e9f0-1b2c-4d3e-5f6a-7b8c9d0e1f2a",
      "source": "2b09f039-e3e7-4adc-97aa-af3b5f58b715",
      "target": "92568528-b6b7-46e2-98e1-2e241e256212"
    }
  },
  {
    "model": "central_nervous_system.axon",
    "pk": "1395c40e-b526-4a39-b5f2-662ef54a985d",
    "fields": {
      "modified": "2026-02-03T16:02:32.752Z",
      "type": 2,
      "pathway": "559cecbd-2128-478a-be50-436ba30b7396",
      "source": "32e1f94f-e8b9-489a-a604-96e6c72fe784",
      "target": "b5964054-dfaa-4470-a2b1-6558e5e86aa3"
    }
  },
  {
    "model": "central_nervous_system.axon",
    "pk": "1523800f-c33e-4bab-878a-3ee6591c4ed4",
    "fields": {
      "modified": "2026-02-08T20:10:57.977Z",
      "type": 1,
      "pathway": "f0f0f0f0-f0f0-f0f0-f0f0-f0f0f0f0f0f0",
      "source": "53cd31bd-c4c2-4004-b978-60f70e0d75c5",
      "target": "c22cb505-a161-439f-aad1-43fad4639a7b"
    }
  },
  {
    "model": "central_nervous_system.axon",
    "pk": "158bcb5c-92f8-4a1f-a9ce-de57f0c58d07",
    "fields": {
      "modified": "2026-02-03T16:02:26.746Z",
      "type": 2,
      "pathway": "559cecbd-2128-478a-be50-436ba30b7396",
      "source": "6896d68a-87a2-4e40-b4d6-c0becf0abf8d",
      "target": "32e1f94f-e8b9-489a-a604-96e6c72fe784"
    }
  },
  {
    "model": "central_nervous_system.axon",
    "pk": "1a80336c-e554-4f85-8951-deebbf81b749",
    "fields": {
      "modified": "2026-02-03T16:45:13.985Z",
      "type": 1,
      "pathway": "f2a3b4c5-6d7e-8f9a-0b1c-2d3e4f5a6b7c",
      "source": "efd9052a-cedc-4100-a031-893a54b658d6",
      "target": "d9fde1cb-fa68-4c87-85c2-5ebc89fb46fa"
    }
  },
  {
    "model": "central_nervous_system.axon",
    "pk": "1adad4f2-689a-4d17-a81e-ca79b2578e2d",
    "fields": {
      "modified": "2026-02-03T16:45:17.281Z",
      "type": 2,
      "pathway": "f2a3b4c5-6d7e-8f9a-0b1c-2d3e4f5a6b7c",
      "source": "d9fde1cb-fa68-4c87-85c2-5ebc89fb46fa",
      "target": "b01e8b47-cf69-43c1-a1c8-4d4c1c252320"
    }
  },
  {
    "model": "central_nervous_system.axon",
    "pk": "1b82bd8f-f621-4b51-b70e-c8091e598be9",
    "fields": {
      "modified": "2026-02-08T16:51:52.152Z",
      "type": 1,
      "pathway": "2a2a2425-08ff-46d2-b652-adb4153554bf",
      "source": "53d10865-968f-4f4e-991f-ca5f5be62377",
      "target": "d3a74ed7-a607-41b5-9c9b-ad8fdf74becb"
    }
  },
  {
    "model": "central_nervous_system.axon",
    "pk": "21b97297-2ceb-4c2f-bdbc-330270180ab2",
    "fields": {
      "modified": "2026-01-30T16:39:09.204Z",
      "type": 2,
      "pathway": "22334455-6677-8899-0011-aabbccddeeff",
      "source": "d9408de9-6fe2-4980-80d5-adb535aca17f",
      "target": "ac9dd9b3-ab25-42c9-a543-5cd08a63be35"
    }
  },
  {
    "model": "central_nervous_system.axon",
    "pk": "432f7368-6326-4a36-aa72-d025d63a84df",
    "fields": {
      "modified": "2026-02-08T20:23:33.968Z",
      "type": 1,
      "pathway": "2a2a2425-08ff-46d2-b652-adb4153554bf",
      "source": "4428bdb1-2e7e-49ed-b888-d3690b72d06a",
      "target": "6681edd1-d977-446e-a46d-6113bfb6ecb8"
    }
  },
  {
    "model": "central_nervous_system.axon",
    "pk": "4a5d11d8-5e95-41b9-a188-f7d483a6862d",
    "fields": {
      "modified": "2026-02-08T20:23:55.848Z",
      "type": 1,
      "pathway": "2a2a2425-08ff-46d2-b652-adb4153554bf",
      "source": "35007fab-d063-43d5-8eb1-5cef0e2d2b72",
      "target": "3e25dd26-3d2c-4cc3-9215-8c51ef8eafea"
    }
  },
  {
    "model": "central_nervous_system.axon",
    "pk": "4c07c931-9cdc-460f-b19c-fa36269de723",
    "fields": {
      "modified": "2026-02-03T15:50:24.531Z",
      "type": 2,
      "pathway": "a7d8e9f0-1b2c-4d3e-5f6a-7b8c9d0e1f2a",
      "source": "6c0a0f80-1955-4723-a993-69cb9b0b67ee",
      "target": "2b09f039-e3e7-4adc-97aa-af3b5f58b715"
    }
  },
  {
    "model": "central_nervous_system.axon",
    "pk": "4e77944e-e563-44f8-af0a-3d0af010f5d6",
    "fields": {
      "modified": "2026-02-08T20:22:58.396Z",
      "type": 1,
      "pathway": "2a2a2425-08ff-46d2-b652-adb4153554bf",
      "source": "74a18c32-f98c-47d0-aacb-74188363717f",
      "target": "698c33dd-a399-4a80-89cd-16ab450bc3c3"
    }
  },
  {
    "model": "central_nervous_system.axon",
    "pk": "4f4e56a5-c6dc-445c-a7f4-a1e77805a995",
    "fields": {
      "modified": "2026-02-02T14:16:14.679Z",
      "type": 1,
      "pathway": "8686149a-8b56-4a47-b5df-7d8cf7635dbc",
      "source": "6aaa2b9d-63ee-4530-9451-8c6f9e740329",
      "target": "c340f72f-a940-4599-8504-a366c21d5081"
    }
  },
  {
    "model": "central_nervous_system.axon",
    "pk": "502a321f-b9ec-4945-a8dc-98f25c611fbb",
    "fields": {
      "modified": "2026-02-08T20:32:22.140Z",
      "type": 1,
      "pathway": "2a2a2425-08ff-46d2-b652-adb4153554bf",
      "source": "3e25dd26-3d2c-4cc3-9215-8c51ef8eafea",
      "target": "100361ef-fd02-4aa5-9d77-0f734e72d89f"
    }
  },
  {
    "model": "central_nervous_system.axon",
    "pk": "5420f71a-6292-4ec0-ac9b-032c2bf6308d",
    "fields": {
      "modified": "2026-02-19T15:45:57.373Z",
      "type": 1,
      "pathway": "2a2a2425-08ff-46d2-b652-adb4153554bf",
      "source": "ea7aa383-e2e3-42b3-af30-5a7008be143a",
      "target": "d3a74ed7-a607-41b5-9c9b-ad8fdf74becb"
    }
  },
  {
    "model": "central_nervous_system.axon",
    "pk": "54da21e4-c98c-411c-ab78-6ad671c0f935",
    "fields": {
      "modified": "2026-02-03T16:24:37.058Z",
      "type": 2,
      "pathway": "a7d8e9f0-1b2c-4d3e-5f6a-7b8c9d0e1f2a",
      "source": "92568528-b6b7-46e2-98e1-2e241e256212",
      "target": "5679011b-9e4b-4975-94a0-7437743f2ba1"
    }
  },
  {
    "model": "central_nervous_system.axon",
    "pk": "5a8becb0-20df-4ab6-bee0-489f313d3e98",
    "fields": {
      "modified": "2026-02-08T20:22:56.485Z",
      "type": 1,
      "pathway": "2a2a2425-08ff-46d2-b652-adb4153554bf",
      "source": "c02ba00d-1e50-42c6-b095-7092ffedb05f",
      "target": "74a18c32-f98c-47d0-aacb-74188363717f"
    }
  },
  {
    "model": "central_nervous_system.axon",
    "pk": "5b1c4393-26dd-4caf-8995-816f64266860",
    "fields": {
      "modified": "2026-02-08T20:10:54.643Z",
      "type": 1,
      "pathway": "f0f0f0f0-f0f0-f0f0-f0f0-f0f0f0f0f0f0",
      "source": "53cd31bd-c4c2-4004-b978-60f70e0d75c5",
      "target": "65034142-edac-4e3a-9a97-ebda65c4f0f4"
    }
  },
  {
    "model": "central_nervous_system.axon",
    "pk": "62648bc3-7365-4bc5-969a-0677ea4b793f",
    "fields": {
      "modified": "2026-02-08T20:23:39.902Z",
      "type": 1,
      "pathway": "2a2a2425-08ff-46d2-b652-adb4153554bf",
      "source": "6681edd1-d977-446e-a46d-6113bfb6ecb8",
      "target": "f08e2b80-9b8a-4213-b5b3-a285da56039d"
    }
  },
  {
    "model": "central_nervous_system.axon",
    "pk": "65027920-d917-4486-82b0-da38d1d8eb77",
    "fields": {
      "modified": "2026-02-08T19:37:00.755Z",
      "type": 2,
      "pathway": "2a2a2425-08ff-46d2-b652-adb4153554bf",
      "source": "a30d8af1-e1dd-402b-a10b-fbe22690e79c",
      "target": "4428bdb1-2e7e-49ed-b888-d3690b72d06a"
    }
  },
  {
    "model": "central_nervous_system.axon",
    "pk": "6fd97301-5e26-4daa-833c-b49b80e0f8ad",
    "fields": {
      "modified": "2026-02-08T20:22:54.581Z",
      "type": 1,
      "pathway": "2a2a2425-08ff-46d2-b652-adb4153554bf",
      "source": "d3e42983-f679-48c4-8e37-ede6383d39a9",
      "target": "c02ba00d-1e50-42c6-b095-7092ffedb05f"
    }
  },
  {
    "model": "central_nervous_system.axon",
    "pk": "738166ce-ebcf-486a-81b1-eb129ea022c1",
    "fields": {
      "modified": "2026-01-30T16:38:50.108Z",
      "type": 1,
      "pathway": "22334455-6677-8899-0011-aabbccddeeff",
      "source": "ea123846-fdcb-4c6c-92f9-eddac2ee3f01",
      "target": "d9408de9-6fe2-4980-80d5-adb535aca17f"
    }
  },
  {
    "model": "central_nervous_system.axon",
    "pk": "9a198d48-5563-4b7a-a9e2-dd08724d2498",
    "fields": {
      "modified": "2026-02-03T16:25:05.489Z",
      "type": 1,
      "pathway": "007d8e9f-1b2c-4d3e-5f6a-7b8c9d0e1f2a",
      "source": "82aac720-3e6b-4c5a-b311-974b2581d63c",
      "target": "24b70184-2759-4081-ba09-a34e1693bb6b"
    }
  },
  {
    "model": "central_nervous_system.axon",
    "pk": "a287cebc-e3f3-4042-a818-45bb14c5fe4a",
    "fields": {
      "modified": "2026-02-08T20:23:00.837Z",
      "type": 1,
      "pathway": "2a2a2425-08ff-46d2-b652-adb4153554bf",
      "source": "698c33dd-a399-4a80-89cd-16ab450bc3c3",
      "target": "a30d8af1-e1dd-402b-a10b-fbe22690e79c"
    }
  },
  {
    "model": "central_nervous_system.axon",
    "pk": "ab42ae1a-7f5c-4bcd-8826-66db9135f075",
    "fields": {
      "modified": "2026-02-08T20:22:51.649Z",
      "type": 1,
      "pathway": "2a2a2425-08ff-46d2-b652-adb4153554bf",
      "source": "d3a74ed7-a607-41b5-9c9b-ad8fdf74becb",
      "target": "d3e42983-f679-48c4-8e37-ede6383d39a9"
    }
  },
  {
    "model": "central_nervous_system.axon",
    "pk": "af1e4af2-aca2-4970-8897-26ca0c0c1147",
    "fields": {
      "modified": "2026-02-03T16:03:20.650Z",
      "type": 2,
      "pathway": "f2a3b4c5-6d7e-8f9a-0b1c-2d3e4f5a6b7c",
      "source": "04191690-f6c0-4519-8375-54ffac8a1b4f",
      "target": "829f966a-c9ee-45de-a9ef-796c103cae17"
    }
  },
  {
    "model": "central_nervous_system.axon",
    "pk": "c5359cdc-8fce-4d62-a031-90e95bca8516",
    "fields": {
      "modified": "2026-02-19T15:45:50.142Z",
      "type": 1,
      "pathway": "2a2a2425-08ff-46d2-b652-adb4153554bf",
      "source": "53d10865-968f-4f4e-991f-ca5f5be62377",
      "target": "ea7aa383-e2e3-42b3-af30-5a7008be143a"
    }
  },
  {
    "model": "central_nervous_system.axon",
    "pk": "c73117d8-3bcb-4dbc-a828-462f94a98e99",
    "fields": {
      "modified": "2026-01-28T23:21:26.029Z",
      "type": 1,
      "pathway": "b8e9f0a1-2c3d-4e5f-6a7b-8c9d0e1f2b3c",
      "source": "b3f45398-e8f8-4f83-8b9a-2d4d16f08200",
      "target": "c44280fb-4af5-4d2e-94be-2fb1e479d67f"
    }
  },
  {
    "model": "central_nervous_system.axon",
    "pk": "cd453d6d-ef68-42d3-a5ca-4db86db9a9d4",
    "fields": {
      "modified": "2026-02-03T16:26:11.380Z",
      "type": 2,
      "pathway": "007d8e9f-1b2c-4d3e-5f6a-7b8c9d0e1f2a",
      "source": "24b70184-2759-4081-ba09-a34e1693bb6b",
      "target": "28dcc240-9b3b-4c10-98a4-7d3e086a6305"
    }
  },
  {
    "model": "central_nervous_system.axon",
    "pk": "cfdb21ad-557e-4818-9897-4e76b3ed512d",
    "fields": {
      "modified": "2026-02-08T16:59:06.071Z",
      "type": 1,
      "pathway": "f0f0f0f0-f0f0-f0f0-f0f0-f0f0f0f0f0f0",
      "source": "4787941a-a227-40c4-8d45-53c62ef96e16",
      "target": "53cd31bd-c4c2-4004-b978-60f70e0d75c5"
    }
  },
  {
    "model": "central_nervous_system.axon",
    "pk": "d2750112-1552-414f-a97c-0e8422dff616",
    "fields": {
      "modified": "2026-02-18T15:16:41.739Z",
      "type": 1,
      "pathway": "559cecbd-2128-478a-be50-436ba30b7396",
      "source": "b5964054-dfaa-4470-a2b1-6558e5e86aa3",
      "target": "cc879bc8-8a3b-4e9a-b9ba-d3bd84da186c"
    }
  },
  {
    "model": "central_nervous_system.axon",
    "pk": "d63f567a-9060-41a2-b59c-65d6f9ca385c",
    "fields": {
      "modified": "2026-02-03T15:54:33.608Z",
      "type": 2,
      "pathway": "f2a3b4c5-6d7e-8f9a-0b1c-2d3e4f5a6b7c",
      "source": "b01e8b47-cf69-43c1-a1c8-4d4c1c252320",
      "target": "04191690-f6c0-4519-8375-54ffac8a1b4f"
    }
  },
  {
    "model": "central_nervous_system.axon",
    "pk": "dc4ab6d1-5251-4c04-917c-81cab9bc222d",
    "fields": {
      "modified": "2026-01-30T16:06:52.977Z",
      "type": 1,
      "pathway": "0245b699-5b9a-43ec-9391-b788b578d25f",
      "source": "14c097c1-e050-4acc-bb3b-a64807926261",
      "target": "873e7e13-1c8f-4b64-9683-3ad0f0ef46cc"
    }
  },
  {
    "model": "central_nervous_system.axon",
    "pk": "e6b9abfd-29b7-4a42-8562-28d8cc74856e",
    "fields": {
      "modified": "2026-02-08T20:32:41.980Z",
      "type": 1,
      "pathway": "2a2a2425-08ff-46d2-b652-adb4153554bf",
      "source": "100361ef-fd02-4aa5-9d77-0f734e72d89f",
      "target": "3b8a1e5d-dd76-4297-bb24-fef0149b5981"
    }
  },
  {
    "model": "central_nervous_system.axon",
    "pk": "ee0fc541-1107-4133-b710-daabdb48a151",
    "fields": {
      "modified": "2026-01-30T15:30:57.936Z",
      "type": 1,
      "pathway": "a7d8e9f0-1b2c-4d3e-5f6a-7b8c9d0e1f2a",
      "source": "7a15a84a-87bb-46b2-952b-6dd87a071032",
      "target": "6c0a0f80-1955-4723-a993-69cb9b0b67ee"
    }
  },
  {
    "model": "central_nervous_system.axon",
    "pk": "f0c54f94-65ab-41ca-839a-e71caaba34b0",
    "fields": {
      "modified": "2026-02-08T20:23:51.248Z",
      "type": 1,
      "pathway": "2a2a2425-08ff-46d2-b652-adb4153554bf",
      "source": "f08e2b80-9b8a-4213-b5b3-a285da56039d",
      "target": "35007fab-d063-43d5-8eb1-5cef0e2d2b72"
    }
  },
  {
    "model": "central_nervous_system.axon",
    "pk": "f45c8624-00eb-4322-8563-4049cfbcc327",
    "fields": {
      "modified": "2026-02-02T14:16:17.684Z",
      "type": 1,
      "pathway": "8686149a-8b56-4a47-b5df-7d8cf7635dbc",
      "source": "c340f72f-a940-4599-8504-a366c21d5081",
      "target": "4a2ee69a-6edc-46f5-8b75-64d1b36ca14c"
    }
  },
  {
    "model": "central_nervous_system.axon",
    "pk": "fe73687b-e5bd-4d55-a69e-636692293470",
    "fields": {
      "modified": "2026-03-01T16:29:30.878Z",
      "type": 1,
      "pathway": "559cecbd-2128-478a-be50-436ba30b7396",
      "source": "ac2e64b0-c04c-4502-ab9e-2d130b4c928c",
      "target": "6896d68a-87a2-4e40-b4d6-c0becf0abf8d"
    }
  },
  {
    "model": "central_nervous_system.effector",
    "pk": "03d285d0-13e4-457f-839c-32be70fdce28",
    "fields": {
      "created": "2026-01-01T00:00:00Z",
      "description": null,
      "modified": "2026-01-21T22:07:32.891Z",
      "name": "Staging: Build Game",
      "is_favorite": false,
      "executable": "3ced43ee-5504-493a-a4b7-15040bb17100",
      "distribution_mode": 1,
      "tags": [],
      "switches": [
        "39edd10a-b0e0-4494-ac80-0dce7655d541",
        "d94c97f9-3433-45fb-95ef-0b51193e9354",
        "d75afe48-e08f-4b19-8bde-cca532f08cef",
        "a7857246-89ee-4e33-970e-0da349e9fd6c",
        "b0d3093b-400d-4087-ad76-3dc59f29f026",
        "723a5a81-c4d3-423e-a9c3-490b8492b9f8",
        "eaf83472-7fa6-425e-87be-e76308379d1d"
      ]
    }
  },
  {
    "model": "central_nervous_system.effector",
    "pk": "09795a73-5f05-4a56-806c-3cd35d2ca2ad",
    "fields": {
      "created": "2026-01-01T00:00:00Z",
      "description": null,
      "modified": "2026-01-23T20:29:01.872Z",
      "name": "Staging Run Once",
      "is_favorite": false,
      "executable": "efb5d7dc-9922-43ec-b108-5af5f029b71d",
      "distribution_mode": 1,
      "tags": [],
      "switches": [
        "9e754435-193c-4c75-a25c-b3f91acfc85c",
        "023710de-5227-4218-a0e6-5dfb9ade5da8",
        "69fb2e6c-ca62-4358-8459-e3d49cbd2214",
        "1e09f616-5530-4a3c-b592-baabc7e55876",
        "e0a61569-0182-4b43-ab13-2a89bb862db9"
      ]
    }
  },
  {
    "model": "central_nervous_system.effector",
    "pk": "1a6a8022-0c5d-44ee-a24b-c265eba732ee",
    "fields": {
      "created": "2026-02-02T14:43:47.917Z",
      "description": null,
      "modified": "2026-02-03T18:39:52.179Z",
      "name": "Launch #2 Server",
      "is_favorite": false,
      "executable": "6e487387-9608-4481-8f5c-9b0741585633",
      "distribution_mode": 4,
      "tags": [],
      "switches": [
        "023710de-5227-4218-a0e6-5dfb9ade5da8",
        "69fb2e6c-ca62-4358-8459-e3d49cbd2214",
        "1e09f616-5530-4a3c-b592-baabc7e55876",
        "7edeb62f-e855-4883-aa1d-13b006b5b52d"
      ]
    }
  },
  {
    "model": "central_nervous_system.effector",
    "pk": "350d9c6d-494a-456c-8761-2bd4b45308dd",
    "fields": {
      "created": "2026-02-16T18:40:09.814Z",
      "description": null,
      "modified": "2026-02-16T18:59:11.608Z",
      "name": "Generate Prompt Payload",
      "is_favorite": false,
      "executable": "11915177-a32b-4883-8c9f-e137c528c20d",
      "distribution_mode": 1,
      "tags": [],
      "switches": []
    }
  },
  {
    "model": "central_nervous_system.effector",
    "pk": "354c0e37-2b8c-4313-9402-c1bc672c5315",
    "fields": {
      "created": "2026-01-09T12:00:00Z",
      "description": null,
      "modified": "2026-01-22T16:15:08.374Z",
      "name": "Version Metadata",
      "is_favorite": false,
      "executable": "1d037234-c8c2-4d51-bc65-41597c0becd2",
      "distribution_mode": 1,
      "tags": [],
      "switches": []
    }
  },
  {
    "model": "central_nervous_system.effector",
    "pk": "3eb5fabe-1cee-4ec7-9383-e6d3f5758f06",
    "fields": {
      "created": "2026-02-08T17:56:39.786Z",
      "description": null,
      "modified": "2026-02-08T17:56:39.786Z",
      "name": "Restore UserConfig (Cache -> Prerelease)",
      "is_favorite": false,
      "executable": "6fcad69c-37de-4706-ac5e-a34ad3e6be9f",
      "distribution_mode": 1,
      "tags": [],
      "switches": [
        "1f3e58df-561f-4339-bc6b-cd323b30c2bc",
        "17de6f13-3091-48f7-bf09-d49766fc2ce4",
        "fcdec17d-0f16-4e72-96a7-3a45ad42af20",
        "d9065261-ea0e-4de9-b86e-444bc96b7680",
        "338a1f2b-88eb-40f3-b738-0020bd794545",
        "97f5d146-3d64-4b07-8e7c-f66aa7af1894",
        "31f85c89-b075-4292-bb73-aa98cb4bf562"
      ]
    }
  },
  {
    "model": "central_nervous_system.effector",
    "pk": "557817b0-2bfe-4584-a9e8-73bd1a98d376",
    "fields": {
      "created": "2026-01-01T00:00:00Z",
      "description": null,
      "modified": "2026-02-10T16:22:55.534Z",
      "name": "Test",
      "is_favorite": false,
      "executable": "3ee78993-faa3-401b-8187-c771e11c4564",
      "distribution_mode": 1,
      "tags": [],
      "switches": [
        "b21a852d-09b1-48a3-93f5-c8a9729f35fc",
        "d92769b7-74bd-457a-a2bf-a8e8e0f2ea6f",
        "b38e0e40-e2b1-455a-bb44-27e64f8dcf80",
        "e0a61569-0182-4b43-ab13-2a89bb862db9",
        "46a9d07a-1b02-43e6-b4a4-2e20a8c8b415",
        "3a5b6d0e-e77d-48ab-bf19-1271d746d30e",
        "a1fb29da-1340-44ba-965a-727e565e6ff6",
        "1f617d7e-59c2-440d-9d64-c15c5686c63c"
      ]
    }
  },
  {
    "model": "central_nervous_system.effector",
    "pk": "5c605857-e50e-47b7-a262-74d0551690a7",
    "fields": {
      "created": "2026-02-08T17:51:13.962Z",
      "description": null,
      "modified": "2026-02-08T17:51:31.870Z",
      "name": "Remove Pre-Release User Config",
      "is_favorite": false,
      "executable": "dfe7b955-d22f-4630-a1f9-36b1ff59c591",
      "distribution_mode": 1,
      "tags": [],
      "switches": [
        "4206c5ac-2f1b-49d2-8a60-3166796c2033",
        "b8e820f9-4a51-4365-aa6c-cc2b450841f8"
      ]
    }
  },
  {
    "model": "central_nervous_system.effector",
    "pk": "75d966b7-73b1-4c05-87b6-7fab719b0b27",
    "fields": {
      "created": "2026-02-08T17:47:11.756Z",
      "description": null,
      "modified": "2026-02-08T17:47:11.756Z",
      "name": "Remove Pre-Release Logs",
      "is_favorite": false,
      "executable": "dfe7b955-d22f-4630-a1f9-36b1ff59c591",
      "distribution_mode": 1,
      "tags": [],
      "switches": [
        "4206c5ac-2f1b-49d2-8a60-3166796c2033",
        "b8e820f9-4a51-4365-aa6c-cc2b450841f8"
      ]
    }
  },
  {
    "model": "central_nervous_system.effector",
    "pk": "7b36b2bf-d755-4e29-b9f5-424c835aad4a",
    "fields": {
      "created": "2026-01-27T23:22:10.133Z",
      "description": null,
      "modified": "2026-01-27T23:23:03.205Z",
      "name": "Launch All",
      "is_favorite": false,
      "executable": "6e487387-9608-4481-8f5c-9b0741585633",
      "distribution_mode": 2,
      "tags": [],
      "switches": [
        "023710de-5227-4218-a0e6-5dfb9ade5da8",
        "69fb2e6c-ca62-4358-8459-e3d49cbd2214",
        "1e09f616-5530-4a3c-b592-baabc7e55876",
        "7edeb62f-e855-4883-aa1d-13b006b5b52d",
        "e0a61569-0182-4b43-ab13-2a89bb862db9"
      ]
    }
  },
  {
    "model": "central_nervous_system.effector",
    "pk": "801bb39e-394c-4c5d-b527-e54a51d359fc",
    "fields": {
      "created": "2026-01-30T16:34:23.839Z",
      "description": null,
      "modified": "2026-01-30T16:34:23.839Z",
      "name": "Cache Shader Cache",
      "is_favorite": false,
      "executable": "6fcad69c-37de-4706-ac5e-a34ad3e6be9f",
      "distribution_mode": 1,
      "tags": [],
      "switches": []
    }
  },
  {
    "model": "central_nervous_system.effector",
    "pk": "81b124b8-c052-49da-84c6-ce2daf58f08e",
    "fields": {
      "created": "2026-01-01T00:00:00Z",
      "description": null,
      "modified": "2026-01-23T19:58:04.138Z",
      "name": "Staging: Record PSOs",
      "is_favorite": false,
      "executable": "efb5d7dc-9922-43ec-b108-5af5f029b71d",
      "distribution_mode": 1,
      "tags": [],
      "switches": [
        "b38e0e40-e2b1-455a-bb44-27e64f8dcf80",
        "023710de-5227-4218-a0e6-5dfb9ade5da8",
        "69fb2e6c-ca62-4358-8459-e3d49cbd2214",
        "1e09f616-5530-4a3c-b592-baabc7e55876",
        "3ca6a6ba-02c1-4875-829f-70b332b40013",
        "cbb86ad1-bfe5-4e9b-80ac-179f6f1f82c7",
        "b7c1e5bb-6ace-4b84-b856-1561fe215507"
      ]
    }
  },
  {
    "model": "central_nervous_system.effector",
    "pk": "831d5e40-b421-4247-abd5-03cc9718ffda",
    "fields": {
      "created": "2026-01-30T18:37:12.059Z",
      "description": null,
      "modified": "2026-01-30T18:39:01.226Z",
      "name": "Add Shaders to Prerelease",
      "is_favorite": false,
      "executable": "6fcad69c-37de-4706-ac5e-a34ad3e6be9f",
      "distribution_mode": 1,
      "tags": [],
      "switches": []
    }
  },
  {
    "model": "central_nervous_system.effector",
    "pk": "90824791-343a-49c3-9d76-2c38dee14639",
    "fields": {
      "created": "2026-01-08T18:00:00Z",
      "description": null,
      "modified": "2026-01-27T23:11:29.978Z",
      "name": "Deploy",
      "is_favorite": false,
      "executable": "6fcad69c-37de-4706-ac5e-a34ad3e6be9f",
      "distribution_mode": 2,
      "tags": [],
      "switches": [
        "1f3e58df-561f-4339-bc6b-cd323b30c2bc",
        "6ff47269-e9f4-4931-afb1-33d69293d8f9",
        "17de6f13-3091-48f7-bf09-d49766fc2ce4",
        "fcdec17d-0f16-4e72-96a7-3a45ad42af20",
        "338a1f2b-88eb-40f3-b738-0020bd794545",
        "97f5d146-3d64-4b07-8e7c-f66aa7af1894",
        "31f85c89-b075-4292-bb73-aa98cb4bf562"
      ]
    }
  },
  {
    "model": "central_nervous_system.effector",
    "pk": "9c957268-7903-4640-b66d-a7ac186666c4",
    "fields": {
      "created": "2026-02-08T19:00:18.699Z",
      "description": null,
      "modified": "2026-02-08T22:49:22.505Z",
      "name": "Remote Pre-Release Save to Cache",
      "is_favorite": false,
      "executable": "6fcad69c-37de-4706-ac5e-a34ad3e6be9f",
      "distribution_mode": 2,
      "tags": [],
      "switches": [
        "17de6f13-3091-48f7-bf09-d49766fc2ce4",
        "fcdec17d-0f16-4e72-96a7-3a45ad42af20",
        "d9065261-ea0e-4de9-b86e-444bc96b7680",
        "338a1f2b-88eb-40f3-b738-0020bd794545",
        "97f5d146-3d64-4b07-8e7c-f66aa7af1894",
        "31f85c89-b075-4292-bb73-aa98cb4bf562",
        "a36eee44-c38a-4967-bcfb-05c0806772d8"
      ]
    }
  },
  {
    "model": "central_nervous_system.effector",
    "pk": "a5ab1496-e437-40a0-8587-76df6f95ea4f",
    "fields": {
      "created": "2026-02-08T17:55:00.040Z",
      "description": null,
      "modified": "2026-02-08T22:49:57.630Z",
      "name": "Backup UserConfig (Prerelease -> Cache)",
      "is_favorite": false,
      "executable": "6fcad69c-37de-4706-ac5e-a34ad3e6be9f",
      "distribution_mode": 1,
      "tags": [],
      "switches": [
        "17de6f13-3091-48f7-bf09-d49766fc2ce4",
        "fcdec17d-0f16-4e72-96a7-3a45ad42af20",
        "d9065261-ea0e-4de9-b86e-444bc96b7680",
        "338a1f2b-88eb-40f3-b738-0020bd794545",
        "97f5d146-3d64-4b07-8e7c-f66aa7af1894",
        "31f85c89-b075-4292-bb73-aa98cb4bf562",
        "a36eee44-c38a-4967-bcfb-05c0806772d8"
      ]
    }
  },
  {
    "model": "central_nervous_system.effector",
    "pk": "a8bf402f-38d3-4031-bfd5-099d9b075d1e",
    "fields": {
      "created": "2026-02-08T19:33:00.839Z",
      "description": null,
      "modified": "2026-02-08T22:48:48.160Z",
      "name": "Remote Pre-Release Cache UserConfig",
      "is_favorite": false,
      "executable": "6fcad69c-37de-4706-ac5e-a34ad3e6be9f",
      "distribution_mode": 2,
      "tags": [],
      "switches": [
        "17de6f13-3091-48f7-bf09-d49766fc2ce4",
        "fcdec17d-0f16-4e72-96a7-3a45ad42af20",
        "d9065261-ea0e-4de9-b86e-444bc96b7680",
        "338a1f2b-88eb-40f3-b738-0020bd794545",
        "97f5d146-3d64-4b07-8e7c-f66aa7af1894",
        "31f85c89-b075-4292-bb73-aa98cb4bf562",
        "a36eee44-c38a-4967-bcfb-05c0806772d8"
      ]
    }
  },
  {
    "model": "central_nervous_system.effector",
    "pk": "aac083e3-4c05-47d0-b0e2-953138fd98b1",
    "fields": {
      "created": "2026-01-31T15:17:41.419Z",
      "description": null,
      "modified": "2026-02-08T18:03:51.164Z",
      "name": "Remove Pre-Release SaveGames",
      "is_favorite": false,
      "executable": "dfe7b955-d22f-4630-a1f9-36b1ff59c591",
      "distribution_mode": 1,
      "tags": [],
      "switches": [
        "4206c5ac-2f1b-49d2-8a60-3166796c2033",
        "b8e820f9-4a51-4365-aa6c-cc2b450841f8"
      ]
    }
  },
  {
    "model": "central_nervous_system.effector",
    "pk": "aae59436-4863-4b26-b9bf-41c22367caf3",
    "fields": {
      "created": "2026-01-08T15:50:00Z",
      "description": null,
      "modified": "2026-01-26T17:43:04.964Z",
      "name": "Pre-Release Build",
      "is_favorite": false,
      "executable": "3ced43ee-5504-493a-a4b7-15040bb17100",
      "distribution_mode": 1,
      "tags": [],
      "switches": [
        "c56a5db4-4c0b-44f4-a1ec-b7571b48acff",
        "7e306bfb-a827-4e05-afec-fa5076dd2fe6",
        "0f5aba46-2340-4dd9-9552-a87435ffe74e",
        "9780c6a0-d422-49cb-8fac-7db2aaadcee7",
        "a7857246-89ee-4e33-970e-0da349e9fd6c",
        "d6a84427-86ea-4af9-a123-767af942ddce",
        "723a5a81-c4d3-423e-a9c3-490b8492b9f8",
        "eaf83472-7fa6-425e-87be-e76308379d1d",
        "39edd10a-b0e0-4494-ac80-0dce7655d541",
        "d94c97f9-3433-45fb-95ef-0b51193e9354",
        "d75afe48-e08f-4b19-8bde-cca532f08cef",
        "be03530c-9a71-4957-912f-6b13f00dfae7",
        "0573b425-eb78-4ea2-be12-8f40ef9e3dfc",
        "dafcaff9-00c0-47a7-9401-f40d043d9d16",
        "4253c8fb-dc9b-4bec-bf95-a97c187eff87",
        "1158a84c-a5a1-4fac-b0cb-4748d1eaa004"
      ]
    }
  },
  {
    "model": "central_nervous_system.effector",
    "pk": "ba9df75e-d096-456f-9800-1e0f01a72dc0",
    "fields": {
      "created": "2026-02-08T19:34:47.032Z",
      "description": null,
      "modified": "2026-02-08T19:34:47.032Z",
      "name": "Remote Restore User Config",
      "is_favorite": false,
      "executable": "6fcad69c-37de-4706-ac5e-a34ad3e6be9f",
      "distribution_mode": 2,
      "tags": [],
      "switches": [
        "1f3e58df-561f-4339-bc6b-cd323b30c2bc",
        "17de6f13-3091-48f7-bf09-d49766fc2ce4",
        "fcdec17d-0f16-4e72-96a7-3a45ad42af20",
        "d9065261-ea0e-4de9-b86e-444bc96b7680",
        "338a1f2b-88eb-40f3-b738-0020bd794545",
        "97f5d146-3d64-4b07-8e7c-f66aa7af1894",
        "31f85c89-b075-4292-bb73-aa98cb4bf562"
      ]
    }
  },
  {
    "model": "central_nervous_system.effector",
    "pk": "bcfa9a64-836e-433b-b648-99d2451f728f",
    "fields": {
      "created": "2026-01-17T02:00:50.156Z",
      "description": null,
      "modified": "2026-01-26T17:53:32.250Z",
      "name": "Pre-Release Run",
      "is_favorite": false,
      "executable": "6e487387-9608-4481-8f5c-9b0741585633",
      "distribution_mode": 1,
      "tags": [],
      "switches": [
        "023710de-5227-4218-a0e6-5dfb9ade5da8",
        "69fb2e6c-ca62-4358-8459-e3d49cbd2214",
        "1e09f616-5530-4a3c-b592-baabc7e55876",
        "e0a61569-0182-4b43-ab13-2a89bb862db9"
      ]
    }
  },
  {
    "model": "central_nervous_system.effector",
    "pk": "ddd12cdf-3785-4f02-9b38-0589c568b918",
    "fields": {
      "created": "2026-01-31T14:37:51.784Z",
      "description": null,
      "modified": "2026-02-08T22:50:30.100Z",
      "name": "Backup SaveGames (Prerelease -> Cache)",
      "is_favorite": false,
      "executable": "6fcad69c-37de-4706-ac5e-a34ad3e6be9f",
      "distribution_mode": 1,
      "tags": [],
      "switches": [
        "17de6f13-3091-48f7-bf09-d49766fc2ce4",
        "fcdec17d-0f16-4e72-96a7-3a45ad42af20",
        "d9065261-ea0e-4de9-b86e-444bc96b7680",
        "338a1f2b-88eb-40f3-b738-0020bd794545",
        "97f5d146-3d64-4b07-8e7c-f66aa7af1894",
        "31f85c89-b075-4292-bb73-aa98cb4bf562",
        "a36eee44-c38a-4967-bcfb-05c0806772d8"
      ]
    }
  },
  {
    "model": "central_nervous_system.effector",
    "pk": "f26e93b1-1b5e-439b-8879-3eaacf937f43",
    "fields": {
      "created": "2026-02-08T19:02:16.111Z",
      "description": null,
      "modified": "2026-02-08T19:29:25.342Z",
      "name": "Remote Pre-Release Restore Save",
      "is_favorite": false,
      "executable": "6fcad69c-37de-4706-ac5e-a34ad3e6be9f",
      "distribution_mode": 2,
      "tags": [],
      "switches": [
        "1f3e58df-561f-4339-bc6b-cd323b30c2bc",
        "17de6f13-3091-48f7-bf09-d49766fc2ce4",
        "fcdec17d-0f16-4e72-96a7-3a45ad42af20",
        "d9065261-ea0e-4de9-b86e-444bc96b7680",
        "338a1f2b-88eb-40f3-b738-0020bd794545",
        "97f5d146-3d64-4b07-8e7c-f66aa7af1894",
        "31f85c89-b075-4292-bb73-aa98cb4bf562"
      ]
    }
  },
  {
    "model": "central_nervous_system.effector",
    "pk": "f578324d-755d-4ee8-b124-40d6cd632702",
    "fields": {
      "created": "2026-01-07T22:58:23.399Z",
      "description": null,
      "modified": "2026-01-23T20:13:48.542Z",
      "name": "Compile PSO Cache",
      "is_favorite": false,
      "executable": "3ee78993-faa3-401b-8187-c771e11c4564",
      "distribution_mode": 1,
      "tags": [],
      "switches": [
        "b21a852d-09b1-48a3-93f5-c8a9729f35fc",
        "9780c6a0-d422-49cb-8fac-7db2aaadcee7",
        "ac959b8a-5d31-4d4a-8afa-9e4a1a23e05f",
        "0dbbe95e-a968-40f7-81cc-0a57d1034f91",
        "7b42ecbf-e14a-4885-bc70-4c35ba84e711"
      ]
    }
  },
  {
    "model": "central_nervous_system.effectorargumentassignment",
    "pk": "047cbe00-b0e6-4af9-83a0-1575f216a222",
    "fields": {
      "effector": "557817b0-2bfe-4584-a9e8-73bd1a98d376",
      "order": 10,
      "argument": "920e7245-0487-471b-a617-b2d9964f8e17"
    }
  },
  {
    "model": "central_nervous_system.effectorargumentassignment",
    "pk": "089c7e69-f4b8-40dc-9db3-99cb89db7769",
    "fields": {
      "effector": "f26e93b1-1b5e-439b-8879-3eaacf937f43",
      "order": 10,
      "argument": "6072b897-e5a4-4bea-9e90-6eb6b0eacf9a"
    }
  },
  {
    "model": "central_nervous_system.effectorargumentassignment",
    "pk": "0b1acff2-8981-4f3a-83c8-5e2c11aedc0e",
    "fields": {
      "effector": "831d5e40-b421-4247-abd5-03cc9718ffda",
      "order": 10,
      "argument": "1039da3b-f648-4efb-a524-19d17737bf58"
    }
  },
  {
    "model": "central_nervous_system.effectorargumentassignment",
    "pk": "1763a876-a8e8-4f25-8874-f0ec6c85895c",
    "fields": {
      "effector": "5c605857-e50e-47b7-a262-74d0551690a7",
      "order": 10,
      "argument": "099e0bc7-1679-4635-aa09-224522d077b6"
    }
  },
  {
    "model": "central_nervous_system.effectorargumentassignment",
    "pk": "1b68e7e5-9d32-429b-abe8-f0e25e52ff1d",
    "fields": {
      "effector": "90824791-343a-49c3-9d76-2c38dee14639",
      "order": 2,
      "argument": "1741c851-24bc-4120-b503-3e838b3115a6"
    }
  },
  {
    "model": "central_nervous_system.effectorargumentassignment",
    "pk": "25cd876c-53b2-4bef-a353-8e6e3767ec6f",
    "fields": {
      "effector": "9c957268-7903-4640-b66d-a7ac186666c4",
      "order": 10,
      "argument": "6072b897-e5a4-4bea-9e90-6eb6b0eacf9a"
    }
  },
  {
    "model": "central_nervous_system.effectorargumentassignment",
    "pk": "2c3f322f-0a89-428d-b06e-30ec3da669d3",
    "fields": {
      "effector": "a8bf402f-38d3-4031-bfd5-099d9b075d1e",
      "order": 10,
      "argument": "7aa41c5d-5283-4a5c-a0c5-297a8138803a"
    }
  },
  {
    "model": "central_nervous_system.effectorargumentassignment",
    "pk": "2dc5ba63-6e00-4db8-be39-6ebd795ee312",
    "fields": {
      "effector": "75d966b7-73b1-4c05-87b6-7fab719b0b27",
      "order": 10,
      "argument": "099e0bc7-1679-4635-aa09-224522d077b6"
    }
  },
  {
    "model": "central_nervous_system.effectorargumentassignment",
    "pk": "3085f5c1-a724-4419-8a1c-8d8c17654f9b",
    "fields": {
      "effector": "831d5e40-b421-4247-abd5-03cc9718ffda",
      "order": 2,
      "argument": "3014f63b-37fd-433a-8d02-573a5aa36a95"
    }
  },
  {
    "model": "central_nervous_system.effectorargumentassignment",
    "pk": "327bb0c8-2c41-4f7a-842d-8332c7124d11",
    "fields": {
      "effector": "ba9df75e-d096-456f-9800-1e0f01a72dc0",
      "order": 10,
      "argument": "42753cc5-cfe3-4ca0-9132-40e0c9f1d7a9"
    }
  },
  {
    "model": "central_nervous_system.effectorargumentassignment",
    "pk": "35c47dc3-8eda-449c-86e5-bd7846e6160c",
    "fields": {
      "effector": "a5ab1496-e437-40a0-8587-76df6f95ea4f",
      "order": 10,
      "argument": "42753cc5-cfe3-4ca0-9132-40e0c9f1d7a9"
    }
  },
  {
    "model": "central_nervous_system.effectorargumentassignment",
    "pk": "3c4ad6b6-5982-4993-bb30-69b0826c8e8b",
    "fields": {
      "effector": "a5ab1496-e437-40a0-8587-76df6f95ea4f",
      "order": 10,
      "argument": "7aa41c5d-5283-4a5c-a0c5-297a8138803a"
    }
  },
  {
    "model": "central_nervous_system.effectorargumentassignment",
    "pk": "411c3055-887b-422b-a6f8-700a3b32ec75",
    "fields": {
      "effector": "9c957268-7903-4640-b66d-a7ac186666c4",
      "order": 10,
      "argument": "c6baeb32-947d-4d7d-834b-e6bf756a1cf4"
    }
  },
  {
    "model": "central_nervous_system.effectorargumentassignment",
    "pk": "4acd424b-9c9a-42ef-b3c3-d3844e30be9f",
    "fields": {
      "effector": "5c605857-e50e-47b7-a262-74d0551690a7",
      "order": 10,
      "argument": "42753cc5-cfe3-4ca0-9132-40e0c9f1d7a9"
    }
  },
  {
    "model": "central_nervous_system.effectorargumentassignment",
    "pk": "51392510-b5cc-48cc-9852-f5d0054fb9e3",
    "fields": {
      "effector": "90824791-343a-49c3-9d76-2c38dee14639",
      "order": 1,
      "argument": "ceb749f6-c979-402a-b5d7-5a6fa0f5a385"
    }
  },
  {
    "model": "central_nervous_system.effectorargumentassignment",
    "pk": "5250a2f2-61f3-4f7d-a129-c4201584dd87",
    "fields": {
      "effector": "3eb5fabe-1cee-4ec7-9383-e6d3f5758f06",
      "order": 10,
      "argument": "7aa41c5d-5283-4a5c-a0c5-297a8138803a"
    }
  },
  {
    "model": "central_nervous_system.effectorargumentassignment",
    "pk": "57e3e572-efee-486b-b6d8-5e544d796fc4",
    "fields": {
      "effector": "ba9df75e-d096-456f-9800-1e0f01a72dc0",
      "order": 10,
      "argument": "7aa41c5d-5283-4a5c-a0c5-297a8138803a"
    }
  },
  {
    "model": "central_nervous_system.effectorargumentassignment",
    "pk": "59743079-a735-4816-a86d-ad8771dbbf71",
    "fields": {
      "effector": "f26e93b1-1b5e-439b-8879-3eaacf937f43",
      "order": 10,
      "argument": "c6baeb32-947d-4d7d-834b-e6bf756a1cf4"
    }
  },
  {
    "model": "central_nervous_system.effectorargumentassignment",
    "pk": "6f5a3aa2-d288-46e9-a15f-0c9649b34647",
    "fields": {
      "effector": "3eb5fabe-1cee-4ec7-9383-e6d3f5758f06",
      "order": 10,
      "argument": "42753cc5-cfe3-4ca0-9132-40e0c9f1d7a9"
    }
  },
  {
    "model": "central_nervous_system.effectorargumentassignment",
    "pk": "7840ea27-6d3a-431e-b3bf-b025529d345b",
    "fields": {
      "effector": "801bb39e-394c-4c5d-b527-e54a51d359fc",
      "order": 10,
      "argument": "f82efc0a-b19a-476c-bcaa-8a72c9560766"
    }
  },
  {
    "model": "central_nervous_system.effectorargumentassignment",
    "pk": "83d28498-53d5-45f8-aa4d-9fb8fc8c2a8a",
    "fields": {
      "effector": "831d5e40-b421-4247-abd5-03cc9718ffda",
      "order": 1,
      "argument": "f82efc0a-b19a-476c-bcaa-8a72c9560766"
    }
  },
  {
    "model": "central_nervous_system.effectorargumentassignment",
    "pk": "8b04afee-b165-4c26-b170-7ae7471b7376",
    "fields": {
      "effector": "801bb39e-394c-4c5d-b527-e54a51d359fc",
      "order": 10,
      "argument": "1039da3b-f648-4efb-a524-19d17737bf58"
    }
  },
  {
    "model": "central_nervous_system.effectorargumentassignment",
    "pk": "9af7ae01-e6e3-45a6-9779-b55927c716ee",
    "fields": {
      "effector": "350d9c6d-494a-456c-8761-2bd4b45308dd",
      "order": 10,
      "argument": "c098b2a3-d7b8-4820-a8d4-99d85f97b280"
    }
  },
  {
    "model": "central_nervous_system.effectorargumentassignment",
    "pk": "a25cb3f3-7ae7-44db-a2da-c17094be0f55",
    "fields": {
      "effector": "f578324d-755d-4ee8-b124-40d6cd632702",
      "order": 3,
      "argument": "dd1cd033-2180-4458-a918-6a79daaed365"
    }
  },
  {
    "model": "central_nervous_system.effectorargumentassignment",
    "pk": "ac7c931b-829e-4bb9-9d5d-8986870f97f6",
    "fields": {
      "effector": "03d285d0-13e4-457f-839c-32be70fdce28",
      "order": 10,
      "argument": "4898d0cb-16e6-4ae3-9bea-bcd1e569bbed"
    }
  },
  {
    "model": "central_nervous_system.effectorargumentassignment",
    "pk": "adebee18-9ba9-41b1-acc8-345be7839dba",
    "fields": {
      "effector": "f578324d-755d-4ee8-b124-40d6cd632702",
      "order": 2,
      "argument": "0a1b8202-a70d-46f5-ae30-fc4f370c3198"
    }
  },
  {
    "model": "central_nervous_system.effectorargumentassignment",
    "pk": "b60d1403-3851-4c6f-bbc7-47538457d006",
    "fields": {
      "effector": "350d9c6d-494a-456c-8761-2bd4b45308dd",
      "order": 10,
      "argument": "ee44c8f2-db45-410c-9fe4-8c83fdd3852b"
    }
  },
  {
    "model": "central_nervous_system.effectorargumentassignment",
    "pk": "b88a314e-e126-42e8-8fa3-e1dfa9ae9dae",
    "fields": {
      "effector": "ddd12cdf-3785-4f02-9b38-0589c568b918",
      "order": 10,
      "argument": "c6baeb32-947d-4d7d-834b-e6bf756a1cf4"
    }
  },
  {
    "model": "central_nervous_system.effectorargumentassignment",
    "pk": "bc95f756-cfc4-413f-bfa0-587b775ab034",
    "fields": {
      "effector": "f578324d-755d-4ee8-b124-40d6cd632702",
      "order": 4,
      "argument": "dacf5176-a4d2-4c85-8d26-b5861763e856"
    }
  },
  {
    "model": "central_nervous_system.effectorargumentassignment",
    "pk": "bd7cf34e-f23d-4f9d-93f8-d81e716e227c",
    "fields": {
      "effector": "75d966b7-73b1-4c05-87b6-7fab719b0b27",
      "order": 10,
      "argument": "1bd3bc61-8083-4369-9bf2-1b8538b5df1e"
    }
  },
  {
    "model": "central_nervous_system.effectorargumentassignment",
    "pk": "bf3027d8-61fe-4724-857e-c736feb277f3",
    "fields": {
      "effector": "350d9c6d-494a-456c-8761-2bd4b45308dd",
      "order": 10,
      "argument": "2a9f2ac8-71d5-4d29-a3d6-650f4e2f8b58"
    }
  },
  {
    "model": "central_nervous_system.effectorargumentassignment",
    "pk": "c0a0c7e4-08cb-4b25-a939-e2e9a5e6b6b8",
    "fields": {
      "effector": "aac083e3-4c05-47d0-b0e2-953138fd98b1",
      "order": 2,
      "argument": "c6baeb32-947d-4d7d-834b-e6bf756a1cf4"
    }
  },
  {
    "model": "central_nervous_system.effectorargumentassignment",
    "pk": "c9e7a18d-adbc-46e6-a08b-2188a12dc1fa",
    "fields": {
      "effector": "f578324d-755d-4ee8-b124-40d6cd632702",
      "order": 1,
      "argument": "920e7245-0487-471b-a617-b2d9964f8e17"
    }
  },
  {
    "model": "central_nervous_system.effectorargumentassignment",
    "pk": "cd561f23-46b2-4325-b500-99ed7c6ddcae",
    "fields": {
      "effector": "a8bf402f-38d3-4031-bfd5-099d9b075d1e",
      "order": 10,
      "argument": "42753cc5-cfe3-4ca0-9132-40e0c9f1d7a9"
    }
  },
  {
    "model": "central_nervous_system.effectorargumentassignment",
    "pk": "d1ca150d-1048-4d53-a057-2b4e0d93447e",
    "fields": {
      "effector": "f578324d-755d-4ee8-b124-40d6cd632702",
      "order": 5,
      "argument": "4c4e018e-84fb-418f-adef-bbc33eac003d"
    }
  },
  {
    "model": "central_nervous_system.effectorargumentassignment",
    "pk": "d4ca7806-1a45-451c-ade0-406e7b1bea1e",
    "fields": {
      "effector": "801bb39e-394c-4c5d-b527-e54a51d359fc",
      "order": 10,
      "argument": "3108ce82-fead-4942-9101-a4b880d15181"
    }
  },
  {
    "model": "central_nervous_system.effectorargumentassignment",
    "pk": "e9e7e2c8-f812-4771-af55-99b8c01297a4",
    "fields": {
      "effector": "ddd12cdf-3785-4f02-9b38-0589c568b918",
      "order": 10,
      "argument": "6072b897-e5a4-4bea-9e90-6eb6b0eacf9a"
    }
  },
  {
    "model": "central_nervous_system.effectorargumentassignment",
    "pk": "f417ae8e-7f76-420c-add4-3f3e2dcbf7df",
    "fields": {
      "effector": "aac083e3-4c05-47d0-b0e2-953138fd98b1",
      "order": 1,
      "argument": "099e0bc7-1679-4635-aa09-224522d077b6"
    }
  },
  {
    "model": "central_nervous_system.effectorargumentassignment",
    "pk": "fb4247a9-8dea-45f3-9e27-5235f5d8468f",
    "fields": {
      "effector": "aae59436-4863-4b26-b9bf-41c22367caf3",
      "order": 10,
      "argument": "4898d0cb-16e6-4ae3-9bea-bcd1e569bbed"
    }
  },
  {
    "model": "central_nervous_system.effectorcontext",
    "pk": "4d1c7591-6e1b-4594-bf0f-ba976442d1c7",
    "fields": {
      "effector": "350d9c6d-494a-456c-8761-2bd4b45308dd",
      "key": "prompt",
      "value": "Yo AI dude, do you see this or what? {{provenance.execution_log}}"
    }
  },
  {
    "model": "central_nervous_system.effectorcontext",
    "pk": "de4f3293-a1a5-483a-b15e-3c54c02087a3",
    "fields": {
      "effector": "64c0995a-cbd2-47d3-a452-e36ea4d46154",
      "key": "prompt",
      "value": "You are part of the Frontal Lobe"
    }
  },
  {
    "model": "central_nervous_system.neuralpathway",
    "pk": "007d8e9f-1b2c-4d3e-5f6a-7b8c9d0e1f2a",
    "fields": {
      "created": "2026-01-08T16:10:00Z",
      "description": "Full Chain: Test -> UAT",
      "modified": "2026-01-20T16:19:19.230Z",
      "name": "Full",
      "environment": null,
      "is_favorite": false,
      "ui_json": "{}",
      "tags": []
    }
  },
  {
    "model": "central_nervous_system.neuralpathway",
    "pk": "0245b699-5b9a-43ec-9391-b788b578d25f",
    "fields": {
      "created": "2026-01-09T20:16:00.695Z",
      "description": "Create and place Version Metadata.",
      "modified": "2026-01-20T16:15:44.857Z",
      "name": "Version Meta",
      "environment": null,
      "is_favorite": false,
      "ui_json": "{}",
      "tags": []
    }
  },
  {
    "model": "central_nervous_system.neuralpathway",
    "pk": "22334455-6677-8899-0011-aabbccddeeff",
    "fields": {
      "created": "2026-01-08T16:40:00Z",
      "description": "Compile Shaders",
      "modified": "2026-01-20T16:16:24.355Z",
      "name": "Compile Shaders",
      "environment": null,
      "is_favorite": false,
      "ui_json": "{}",
      "tags": []
    }
  },
  {
    "model": "central_nervous_system.neuralpathway",
    "pk": "2a2a2425-08ff-46d2-b652-adb4153554bf",
    "fields": {
      "created": "2026-01-08T21:58:00.568Z",
      "description": "Distribute to Agents",
      "modified": "2026-01-27T23:05:17.105Z",
      "name": "Deploy",
      "environment": null,
      "is_favorite": false,
      "ui_json": "{}",
      "tags": []
    }
  },
  {
    "model": "central_nervous_system.neuralpathway",
    "pk": "559cecbd-2128-478a-be50-436ba30b7396",
    "fields": {
      "created": "2026-01-20T00:54:46.432Z",
      "description": "Local Game Launcher",
      "modified": "2026-02-05T15:32:32.421Z",
      "name": "Pre-Release Run",
      "environment": null,
      "is_favorite": false,
      "ui_json": "{}",
      "tags": []
    }
  },
  {
    "model": "central_nervous_system.neuralpathway",
    "pk": "8686149a-8b56-4a47-b5df-7d8cf7635dbc",
    "fields": {
      "created": "2026-01-27T23:23:20.836Z",
      "description": null,
      "modified": "2026-01-27T23:23:20.836Z",
      "name": "All Remotes",
      "environment": null,
      "is_favorite": false,
      "ui_json": "{}",
      "tags": []
    }
  },
  {
    "model": "central_nervous_system.neuralpathway",
    "pk": "a7d8e9f0-1b2c-4d3e-5f6a-7b8c9d0e1f2a",
    "fields": {
      "created": "2026-01-01T00:00:00Z",
      "description": null,
      "modified": "2026-01-23T20:00:48.967Z",
      "name": "Stage",
      "environment": null,
      "is_favorite": false,
      "ui_json": "{}",
      "tags": []
    }
  },
  {
    "model": "central_nervous_system.neuralpathway",
    "pk": "b7b1017e-0e5f-4e3d-b91a-13270b41b4b3",
    "fields": {
      "created": "2026-01-23T22:01:37.231Z",
      "description": "RecordPSOs",
      "modified": "2026-01-23T22:01:37.231Z",
      "name": "RecordPSOs",
      "environment": null,
      "is_favorite": false,
      "ui_json": "{}",
      "tags": []
    }
  },
  {
    "model": "central_nervous_system.neuralpathway",
    "pk": "b8e9f0a1-2c3d-4e5f-6a7b-8c9d0e1f2b3c",
    "fields": {
      "created": "2026-01-01T00:00:00Z",
      "description": "Headless Test Only",
      "modified": "2026-01-09T15:05:55.848Z",
      "name": "CPPTests",
      "environment": null,
      "is_favorite": false,
      "ui_json": "{}",
      "tags": []
    }
  },
  {
    "model": "central_nervous_system.neuralpathway",
    "pk": "f0f0f0f0-f0f0-f0f0-f0f0-f0f0f0f0f0f0",
    "fields": {
      "created": "2026-01-17T02:00:50.162Z",
      "description": "Side-by-side Live Debugging (Remote Server + Local Client)",
      "modified": "2026-02-05T15:33:25.493Z",
      "name": "Multiplayer (C&S)",
      "environment": null,
      "is_favorite": true,
      "ui_json": "{}",
      "tags": []
    }
  },
  {
    "model": "central_nervous_system.neuralpathway",
    "pk": "f2a3b4c5-6d7e-8f9a-0b1c-2d3e4f5a6b7c",
    "fields": {
      "created": "2026-01-08T16:00:00Z",
      "description": "Step 4 Standalone: UAT BuildCookRun with Archive.",
      "modified": "2026-02-05T15:33:35.343Z",
      "name": "Pre-Release",
      "environment": null,
      "is_favorite": true,
      "ui_json": "{}",
      "tags": []
    }
  },
  {
    "model": "central_nervous_system.neuron",
    "pk": "04191690-f6c0-4519-8375-54ffac8a1b4f",
    "fields": {
      "environment": null,
      "is_root": false,
      "pathway": "f2a3b4c5-6d7e-8f9a-0b1c-2d3e4f5a6b7c",
      "effector": "aae59436-4863-4b26-b9bf-41c22367caf3",
      "ui_json": "{\"x\": 938, \"y\": 222}",
      "invoked_pathway": null,
      "distribution_mode": null
    }
  },
  {
    "model": "central_nervous_system.neuron",
    "pk": "100361ef-fd02-4aa5-9d77-0f734e72d89f",
    "fields": {
      "environment": null,
      "is_root": false,
      "pathway": "2a2a2425-08ff-46d2-b652-adb4153554bf",
      "effector": "f470784c-7b1e-4dc4-b524-e287b4d8dd8a",
      "ui_json": "{\"x\": 2059, \"y\": 962}",
      "invoked_pathway": null,
      "distribution_mode": null
    }
  },
  {
    "model": "central_nervous_system.neuron",
    "pk": "14c097c1-e050-4acc-bb3b-a64807926261",
    "fields": {
      "environment": null,
      "is_root": true,
      "pathway": "0245b699-5b9a-43ec-9391-b788b578d25f",
      "effector": "a74a9b1a-7326-4dff-9013-d640433b3bf7",
      "ui_json": "{\"x\": 100, \"y\": 100}",
      "invoked_pathway": null,
      "distribution_mode": null
    }
  },
  {
    "model": "central_nervous_system.neuron",
    "pk": "1ddd560a-bc18-42f4-b207-efab4a20c8e6",
    "fields": {
      "environment": null,
      "is_root": true,
      "pathway": "b7b1017e-0e5f-4e3d-b91a-13270b41b4b3",
      "effector": "a74a9b1a-7326-4dff-9013-d640433b3bf7",
      "ui_json": "{\"x\": 100, \"y\": 100}",
      "invoked_pathway": null,
      "distribution_mode": null
    }
  },
  {
    "model": "central_nervous_system.neuron",
    "pk": "24b70184-2759-4081-ba09-a34e1693bb6b",
    "fields": {
      "environment": null,
      "is_root": false,
      "pathway": "007d8e9f-1b2c-4d3e-5f6a-7b8c9d0e1f2a",
      "effector": "a74a9b1a-7326-4dff-9013-d640433b3bf7",
      "ui_json": "{\"x\": 398, \"y\": 76}",
      "invoked_pathway": "a7d8e9f0-1b2c-4d3e-5f6a-7b8c9d0e1f2a",
      "distribution_mode": null
    }
  },
  {
    "model": "central_nervous_system.neuron",
    "pk": "28dcc240-9b3b-4c10-98a4-7d3e086a6305",
    "fields": {
      "environment": null,
      "is_root": false,
      "pathway": "007d8e9f-1b2c-4d3e-5f6a-7b8c9d0e1f2a",
      "effector": "a74a9b1a-7326-4dff-9013-d640433b3bf7",
      "ui_json": "{\"x\": 695, \"y\": 137}",
      "invoked_pathway": "f2a3b4c5-6d7e-8f9a-0b1c-2d3e4f5a6b7c",
      "distribution_mode": null
    }
  },
  {
    "model": "central_nervous_system.neuron",
    "pk": "2b09f039-e3e7-4adc-97aa-af3b5f58b715",
    "fields": {
      "environment": null,
      "is_root": false,
      "pathway": "a7d8e9f0-1b2c-4d3e-5f6a-7b8c9d0e1f2a",
      "effector": "81b124b8-c052-49da-84c6-ce2daf58f08e",
      "ui_json": "{\"x\": 790, \"y\": 137}",
      "invoked_pathway": null,
      "distribution_mode": null
    }
  },
  {
    "model": "central_nervous_system.neuron",
    "pk": "32e1f94f-e8b9-489a-a604-96e6c72fe784",
    "fields": {
      "environment": null,
      "is_root": false,
      "pathway": "559cecbd-2128-478a-be50-436ba30b7396",
      "effector": "831d5e40-b421-4247-abd5-03cc9718ffda",
      "ui_json": "{\"x\": 717, \"y\": 232}",
      "invoked_pathway": null,
      "distribution_mode": null
    }
  },
  {
    "model": "central_nervous_system.neuron",
    "pk": "35007fab-d063-43d5-8eb1-5cef0e2d2b72",
    "fields": {
      "environment": null,
      "is_root": false,
      "pathway": "2a2a2425-08ff-46d2-b652-adb4153554bf",
      "effector": "f26e93b1-1b5e-439b-8879-3eaacf937f43",
      "ui_json": "{\"x\": 1767, \"y\": 769}",
      "invoked_pathway": null,
      "distribution_mode": null
    }
  },
  {
    "model": "central_nervous_system.neuron",
    "pk": "3b8a1e5d-dd76-4297-bb24-fef0149b5981",
    "fields": {
      "environment": null,
      "is_root": false,
      "pathway": "2a2a2425-08ff-46d2-b652-adb4153554bf",
      "effector": "3eb5fabe-1cee-4ec7-9383-e6d3f5758f06",
      "ui_json": "{\"x\": 2347, \"y\": 933}",
      "invoked_pathway": null,
      "distribution_mode": null
    }
  },
  {
    "model": "central_nervous_system.neuron",
    "pk": "3e25dd26-3d2c-4cc3-9215-8c51ef8eafea",
    "fields": {
      "environment": null,
      "is_root": false,
      "pathway": "2a2a2425-08ff-46d2-b652-adb4153554bf",
      "effector": "ba9df75e-d096-456f-9800-1e0f01a72dc0",
      "ui_json": "{\"x\": 1643, \"y\": 986}",
      "invoked_pathway": null,
      "distribution_mode": null
    }
  },
  {
    "model": "central_nervous_system.neuron",
    "pk": "4428bdb1-2e7e-49ed-b888-d3690b72d06a",
    "fields": {
      "environment": null,
      "is_root": false,
      "pathway": "2a2a2425-08ff-46d2-b652-adb4153554bf",
      "effector": "9c957268-7903-4640-b66d-a7ac186666c4",
      "ui_json": "{\"x\": 1101, \"y\": 582}",
      "invoked_pathway": null,
      "distribution_mode": null
    }
  },
  {
    "model": "central_nervous_system.neuron",
    "pk": "4787941a-a227-40c4-8d45-53c62ef96e16",
    "fields": {
      "environment": null,
      "is_root": true,
      "pathway": "f0f0f0f0-f0f0-f0f0-f0f0-f0f0f0f0f0f0",
      "effector": "a74a9b1a-7326-4dff-9013-d640433b3bf7",
      "ui_json": "{\"x\": 100, \"y\": 100}",
      "invoked_pathway": null,
      "distribution_mode": null
    }
  },
  {
    "model": "central_nervous_system.neuron",
    "pk": "4a2ee69a-6edc-46f5-8b75-64d1b36ca14c",
    "fields": {
      "environment": null,
      "is_root": false,
      "pathway": "8686149a-8b56-4a47-b5df-7d8cf7635dbc",
      "effector": "7b36b2bf-d755-4e29-b9f5-424c835aad4a",
      "ui_json": "{\"x\": 749, \"y\": 101}",
      "invoked_pathway": null,
      "distribution_mode": null
    }
  },
  {
    "model": "central_nervous_system.neuron",
    "pk": "53cd31bd-c4c2-4004-b978-60f70e0d75c5",
    "fields": {
      "environment": null,
      "is_root": false,
      "pathway": "f0f0f0f0-f0f0-f0f0-f0f0-f0f0f0f0f0f0",
      "effector": "a74a9b1a-7326-4dff-9013-d640433b3bf7",
      "ui_json": "{\"x\": 484, \"y\": 262}",
      "invoked_pathway": "2a2a2425-08ff-46d2-b652-adb4153554bf",
      "distribution_mode": null
    }
  },
  {
    "model": "central_nervous_system.neuron",
    "pk": "53d10865-968f-4f4e-991f-ca5f5be62377",
    "fields": {
      "environment": null,
      "is_root": true,
      "pathway": "2a2a2425-08ff-46d2-b652-adb4153554bf",
      "effector": "a74a9b1a-7326-4dff-9013-d640433b3bf7",
      "ui_json": "{\"x\":-156.00674795840493,\"y\":-62.8468245995866}",
      "invoked_pathway": null,
      "distribution_mode": null
    }
  },
  {
    "model": "central_nervous_system.neuron",
    "pk": "5679011b-9e4b-4975-94a0-7437743f2ba1",
    "fields": {
      "environment": null,
      "is_root": false,
      "pathway": "a7d8e9f0-1b2c-4d3e-5f6a-7b8c9d0e1f2a",
      "effector": "801bb39e-394c-4c5d-b527-e54a51d359fc",
      "ui_json": "{\"x\": 1392, \"y\": 117}",
      "invoked_pathway": null,
      "distribution_mode": null
    }
  },
  {
    "model": "central_nervous_system.neuron",
    "pk": "65034142-edac-4e3a-9a97-ebda65c4f0f4",
    "fields": {
      "environment": null,
      "is_root": false,
      "pathway": "f0f0f0f0-f0f0-f0f0-f0f0-f0f0f0f0f0f0",
      "effector": "1a6a8022-0c5d-44ee-a24b-c265eba732ee",
      "ui_json": "{\"x\": 948, \"y\": 275}",
      "invoked_pathway": null,
      "distribution_mode": null
    }
  },
  {
    "model": "central_nervous_system.neuron",
    "pk": "6681edd1-d977-446e-a46d-6113bfb6ecb8",
    "fields": {
      "environment": null,
      "is_root": false,
      "pathway": "2a2a2425-08ff-46d2-b652-adb4153554bf",
      "effector": "a8bf402f-38d3-4031-bfd5-099d9b075d1e",
      "ui_json": "{\"x\": 1085, \"y\": 768}",
      "invoked_pathway": null,
      "distribution_mode": null
    }
  },
  {
    "model": "central_nervous_system.neuron",
    "pk": "6896d68a-87a2-4e40-b4d6-c0becf0abf8d",
    "fields": {
      "environment": null,
      "is_root": false,
      "pathway": "559cecbd-2128-478a-be50-436ba30b7396",
      "effector": "f470784c-7b1e-4dc4-b524-e287b4d8dd8a",
      "ui_json": "{\"x\": 428, \"y\": 72}",
      "invoked_pathway": null,
      "distribution_mode": null
    }
  },
  {
    "model": "central_nervous_system.neuron",
    "pk": "698c33dd-a399-4a80-89cd-16ab450bc3c3",
    "fields": {
      "environment": null,
      "is_root": false,
      "pathway": "2a2a2425-08ff-46d2-b652-adb4153554bf",
      "effector": "75d966b7-73b1-4c05-87b6-7fab719b0b27",
      "ui_json": "{\"x\":1057.7842048477403,\"y\":249.5953736257606}",
      "invoked_pathway": null,
      "distribution_mode": null
    }
  },
  {
    "model": "central_nervous_system.neuron",
    "pk": "6aaa2b9d-63ee-4530-9451-8c6f9e740329",
    "fields": {
      "environment": null,
      "is_root": true,
      "pathway": "8686149a-8b56-4a47-b5df-7d8cf7635dbc",
      "effector": "a74a9b1a-7326-4dff-9013-d640433b3bf7",
      "ui_json": "{\"x\": 100, \"y\": 100}",
      "invoked_pathway": null,
      "distribution_mode": null
    }
  },
  {
    "model": "central_nervous_system.neuron",
    "pk": "6c0a0f80-1955-4723-a993-69cb9b0b67ee",
    "fields": {
      "environment": null,
      "is_root": false,
      "pathway": "a7d8e9f0-1b2c-4d3e-5f6a-7b8c9d0e1f2a",
      "effector": "03d285d0-13e4-457f-839c-32be70fdce28",
      "ui_json": "{\"x\": 456, \"y\": 90}",
      "invoked_pathway": null,
      "distribution_mode": null
    }
  },
  {
    "model": "central_nervous_system.neuron",
    "pk": "74a18c32-f98c-47d0-aacb-74188363717f",
    "fields": {
      "environment": null,
      "is_root": false,
      "pathway": "2a2a2425-08ff-46d2-b652-adb4153554bf",
      "effector": "5c605857-e50e-47b7-a262-74d0551690a7",
      "ui_json": "{\"x\": 614, \"y\": 347}",
      "invoked_pathway": null,
      "distribution_mode": null
    }
  },
  {
    "model": "central_nervous_system.neuron",
    "pk": "7a15a84a-87bb-46b2-952b-6dd87a071032",
    "fields": {
      "environment": null,
      "is_root": true,
      "pathway": "a7d8e9f0-1b2c-4d3e-5f6a-7b8c9d0e1f2a",
      "effector": "a74a9b1a-7326-4dff-9013-d640433b3bf7",
      "ui_json": "{\"x\": 100, \"y\": 100}",
      "invoked_pathway": null,
      "distribution_mode": null
    }
  },
  {
    "model": "central_nervous_system.neuron",
    "pk": "829f966a-c9ee-45de-a9ef-796c103cae17",
    "fields": {
      "environment": null,
      "is_root": false,
      "pathway": "f2a3b4c5-6d7e-8f9a-0b1c-2d3e4f5a6b7c",
      "effector": "a74a9b1a-7326-4dff-9013-d640433b3bf7",
      "ui_json": "{\"x\": 1236, \"y\": 93}",
      "invoked_pathway": "559cecbd-2128-478a-be50-436ba30b7396",
      "distribution_mode": null
    }
  },
  {
    "model": "central_nervous_system.neuron",
    "pk": "82aac720-3e6b-4c5a-b311-974b2581d63c",
    "fields": {
      "environment": null,
      "is_root": true,
      "pathway": "007d8e9f-1b2c-4d3e-5f6a-7b8c9d0e1f2a",
      "effector": "a74a9b1a-7326-4dff-9013-d640433b3bf7",
      "ui_json": "{\"x\": 100, \"y\": 100}",
      "invoked_pathway": null,
      "distribution_mode": null
    }
  },
  {
    "model": "central_nervous_system.neuron",
    "pk": "873e7e13-1c8f-4b64-9683-3ad0f0ef46cc",
    "fields": {
      "environment": null,
      "is_root": false,
      "pathway": "0245b699-5b9a-43ec-9391-b788b578d25f",
      "effector": "354c0e37-2b8c-4313-9402-c1bc672c5315",
      "ui_json": "{\"x\": 418, \"y\": 82}",
      "invoked_pathway": null,
      "distribution_mode": null
    }
  },
  {
    "model": "central_nervous_system.neuron",
    "pk": "92568528-b6b7-46e2-98e1-2e241e256212",
    "fields": {
      "environment": null,
      "is_root": false,
      "pathway": "a7d8e9f0-1b2c-4d3e-5f6a-7b8c9d0e1f2a",
      "effector": "f578324d-755d-4ee8-b124-40d6cd632702",
      "ui_json": "{\"x\": 1093, \"y\": 118}",
      "invoked_pathway": null,
      "distribution_mode": null
    }
  },
  {
    "model": "central_nervous_system.neuron",
    "pk": "a30d8af1-e1dd-402b-a10b-fbe22690e79c",
    "fields": {
      "environment": null,
      "is_root": false,
      "pathway": "2a2a2425-08ff-46d2-b652-adb4153554bf",
      "effector": "831d5e40-b421-4247-abd5-03cc9718ffda",
      "ui_json": "{\"x\":1714.8574325204145,\"y\":34.55780177465279}",
      "invoked_pathway": null,
      "distribution_mode": null
    }
  },
  {
    "model": "central_nervous_system.neuron",
    "pk": "ac2e64b0-c04c-4502-ab9e-2d130b4c928c",
    "fields": {
      "environment": null,
      "is_root": true,
      "pathway": "559cecbd-2128-478a-be50-436ba30b7396",
      "effector": "a74a9b1a-7326-4dff-9013-d640433b3bf7",
      "ui_json": "{\"x\": 100, \"y\": 100}",
      "invoked_pathway": null,
      "distribution_mode": null
    }
  },
  {
    "model": "central_nervous_system.neuron",
    "pk": "ac9dd9b3-ab25-42c9-a543-5cd08a63be35",
    "fields": {
      "environment": null,
      "is_root": false,
      "pathway": "22334455-6677-8899-0011-aabbccddeeff",
      "effector": "801bb39e-394c-4c5d-b527-e54a51d359fc",
      "ui_json": "{\"x\": 758, \"y\": 148}",
      "invoked_pathway": null,
      "distribution_mode": null
    }
  },
  {
    "model": "central_nervous_system.neuron",
    "pk": "b01e8b47-cf69-43c1-a1c8-4d4c1c252320",
    "fields": {
      "environment": null,
      "is_root": false,
      "pathway": "f2a3b4c5-6d7e-8f9a-0b1c-2d3e4f5a6b7c",
      "effector": "ddd12cdf-3785-4f02-9b38-0589c568b918",
      "ui_json": "{\"x\": 630, \"y\": 128}",
      "invoked_pathway": null,
      "distribution_mode": null
    }
  },
  {
    "model": "central_nervous_system.neuron",
    "pk": "b3f45398-e8f8-4f83-8b9a-2d4d16f08200",
    "fields": {
      "environment": null,
      "is_root": true,
      "pathway": "b8e9f0a1-2c3d-4e5f-6a7b-8c9d0e1f2b3c",
      "effector": "a74a9b1a-7326-4dff-9013-d640433b3bf7",
      "ui_json": "{\"x\": 100, \"y\": 100}",
      "invoked_pathway": null,
      "distribution_mode": null
    }
  },
  {
    "model": "central_nervous_system.neuron",
    "pk": "b5964054-dfaa-4470-a2b1-6558e5e86aa3",
    "fields": {
      "environment": null,
      "is_root": false,
      "pathway": "559cecbd-2128-478a-be50-436ba30b7396",
      "effector": "bcfa9a64-836e-433b-b648-99d2451f728f",
      "ui_json": "{\"x\":1074,\"y\":147}",
      "invoked_pathway": null,
      "distribution_mode": null
    }
  },
  {
    "model": "central_nervous_system.neuron",
    "pk": "c02ba00d-1e50-42c6-b095-7092ffedb05f",
    "fields": {
      "environment": null,
      "is_root": false,
      "pathway": "2a2a2425-08ff-46d2-b652-adb4153554bf",
      "effector": "aac083e3-4c05-47d0-b0e2-953138fd98b1",
      "ui_json": "{\"x\": 358, \"y\": 350}",
      "invoked_pathway": null,
      "distribution_mode": null
    }
  },
  {
    "model": "central_nervous_system.neuron",
    "pk": "c22cb505-a161-439f-aad1-43fad4639a7b",
    "fields": {
      "environment": null,
      "is_root": false,
      "pathway": "f0f0f0f0-f0f0-f0f0-f0f0-f0f0f0f0f0f0",
      "effector": "bcfa9a64-836e-433b-b648-99d2451f728f",
      "ui_json": "{\"x\": 950, \"y\": 52}",
      "invoked_pathway": null,
      "distribution_mode": null
    }
  },
  {
    "model": "central_nervous_system.neuron",
    "pk": "c340f72f-a940-4599-8504-a366c21d5081",
    "fields": {
      "environment": null,
      "is_root": false,
      "pathway": "8686149a-8b56-4a47-b5df-7d8cf7635dbc",
      "effector": "e1ae3de5-d328-459c-94f0-34df086d0d81",
      "ui_json": "{\"x\": 461, \"y\": 93}",
      "invoked_pathway": null,
      "distribution_mode": null
    }
  },
  {
    "model": "central_nervous_system.neuron",
    "pk": "c44280fb-4af5-4d2e-94be-2fb1e479d67f",
    "fields": {
      "environment": null,
      "is_root": false,
      "pathway": "b8e9f0a1-2c3d-4e5f-6a7b-8c9d0e1f2b3c",
      "effector": "557817b0-2bfe-4584-a9e8-73bd1a98d376",
      "ui_json": "{\"x\": 446, \"y\": 97}",
      "invoked_pathway": null,
      "distribution_mode": null
    }
  },
  {
    "model": "central_nervous_system.neuron",
    "pk": "cc879bc8-8a3b-4e9a-b9ba-d3bd84da186c",
    "fields": {
      "environment": null,
      "is_root": false,
      "pathway": "559cecbd-2128-478a-be50-436ba30b7396",
      "effector": "64c0995a-cbd2-47d3-a452-e36ea4d46154",
      "ui_json": "{\"x\":1434.8246333820168,\"y\":-8.631975299264411}",
      "invoked_pathway": null,
      "distribution_mode": null
    }
  },
  {
    "model": "central_nervous_system.neuron",
    "pk": "d3a74ed7-a607-41b5-9c9b-ad8fdf74becb",
    "fields": {
      "environment": null,
      "is_root": false,
      "pathway": "2a2a2425-08ff-46d2-b652-adb4153554bf",
      "effector": "ddd12cdf-3785-4f02-9b38-0589c568b918",
      "ui_json": "{\"x\":698.8034767565144,\"y\":-166.31407072567237}",
      "invoked_pathway": null,
      "distribution_mode": null
    }
  },
  {
    "model": "central_nervous_system.neuron",
    "pk": "d3e42983-f679-48c4-8e37-ede6383d39a9",
    "fields": {
      "environment": null,
      "is_root": false,
      "pathway": "2a2a2425-08ff-46d2-b652-adb4153554bf",
      "effector": "a5ab1496-e437-40a0-8587-76df6f95ea4f",
      "ui_json": "{\"x\":0.32273471361884276,\"y\":288.2601149617725}",
      "invoked_pathway": null,
      "distribution_mode": null
    }
  },
  {
    "model": "central_nervous_system.neuron",
    "pk": "d9408de9-6fe2-4980-80d5-adb535aca17f",
    "fields": {
      "environment": null,
      "is_root": false,
      "pathway": "22334455-6677-8899-0011-aabbccddeeff",
      "effector": "f578324d-755d-4ee8-b124-40d6cd632702",
      "ui_json": "{\"x\": 350, \"y\": 103}",
      "invoked_pathway": null,
      "distribution_mode": null
    }
  },
  {
    "model": "central_nervous_system.neuron",
    "pk": "d9fde1cb-fa68-4c87-85c2-5ebc89fb46fa",
    "fields": {
      "environment": null,
      "is_root": false,
      "pathway": "f2a3b4c5-6d7e-8f9a-0b1c-2d3e4f5a6b7c",
      "effector": "354c0e37-2b8c-4313-9402-c1bc672c5315",
      "ui_json": "{\"x\": 366, \"y\": 108}",
      "invoked_pathway": null,
      "distribution_mode": null
    }
  },
  {
    "model": "central_nervous_system.neuron",
    "pk": "ea123846-fdcb-4c6c-92f9-eddac2ee3f01",
    "fields": {
      "environment": null,
      "is_root": true,
      "pathway": "22334455-6677-8899-0011-aabbccddeeff",
      "effector": "a74a9b1a-7326-4dff-9013-d640433b3bf7",
      "ui_json": "{\"x\": 100, \"y\": 100}",
      "invoked_pathway": null,
      "distribution_mode": null
    }
  },
  {
    "model": "central_nervous_system.neuron",
    "pk": "ea7aa383-e2e3-42b3-af30-5a7008be143a",
    "fields": {
      "environment": null,
      "is_root": false,
      "pathway": "2a2a2425-08ff-46d2-b652-adb4153554bf",
      "effector": "e1ae3de5-d328-459c-94f0-34df086d0d81",
      "ui_json": "{\"x\":335.19749520992616,\"y\":80.02504790073853}",
      "invoked_pathway": null,
      "distribution_mode": null
    }
  },
  {
    "model": "central_nervous_system.neuron",
    "pk": "efd9052a-cedc-4100-a031-893a54b658d6",
    "fields": {
      "environment": null,
      "is_root": true,
      "pathway": "f2a3b4c5-6d7e-8f9a-0b1c-2d3e4f5a6b7c",
      "effector": "a74a9b1a-7326-4dff-9013-d640433b3bf7",
      "ui_json": "{\"x\": 100, \"y\": 100}",
      "invoked_pathway": null,
      "distribution_mode": null
    }
  },
  {
    "model": "central_nervous_system.neuron",
    "pk": "f08e2b80-9b8a-4213-b5b3-a285da56039d",
    "fields": {
      "environment": null,
      "is_root": false,
      "pathway": "2a2a2425-08ff-46d2-b652-adb4153554bf",
      "effector": "90824791-343a-49c3-9d76-2c38dee14639",
      "ui_json": "{\"x\": 1412, \"y\": 824}",
      "invoked_pathway": null,
      "distribution_mode": null
    }
  },
  {
    "model": "central_nervous_system.neuroncontext",
    "pk": "8a1a36a8-9e6a-4159-9a9f-598a67e51a1a",
    "fields": {
      "neuron": "cc879bc8-8a3b-4e9a-b9ba-d3bd84da186c",
      "key": "prompt",
      "value": "ONLY OBJECTIVE: Find and Report issues with this Unreal 5.6.1 application run.\r\nuse the unreal parsing tool ONCE: mcp_run_unreal_diagnostic_parser with spike id {{spike.provenance.id}}\r\nafter doing that you may also inspect the record.\r\nmcp_inspect_record Spike {{spike.provenance.id}}\r\nFound issues should be checked against your engrams.\r\nYou should enhance relative Engrams and may create Engrams for new issues.\r\nYou may not stray from the objective.\r\nTry to finish quickly.\r\nOnce you think you have tagged all issues, use mcp_done to file a report and end."
    }
  },
  {
    "model": "central_nervous_system.neuroncontext",
    "pk": "a3b3e913-1cec-41c8-b957-2e4ab3c5762b",
    "fields": {
      "neuron": "cc879bc8-8a3b-4e9a-b9ba-d3bd84da186c",
      "key": "prompt",
      "value": "ONLY OBJECTIVE: Find and Report issues with this Unreal 5.6.1 application run.\nThe unreal parsing tool is helpful: mcp_run_unreal_diagnostic_parser with spike id {{spike.provenance.id}}\nafter doing that you may consider inspecting the record.\nmcp_inspect_record Spike {{spike.provenance.id}}\nFound issues should be checked against your engrams.\nYou should enhance relative Engrams and may create Engrams for new issues.\nYou may not stray from the objective.\nTry to finish quickly.\nOnce you think you have tagged all issues, use mcp_done to file a report and end."
    }
  },
  {
    "model": "central_nervous_system.neuroncontext",
    "pk": "e970b8e9-18ba-4d23-ab22-776b1660ee0e",
    "fields": {
      "neuron": "cc879bc8-8a3b-4e9a-b9ba-d3bd84da186c",
      "key": "identity_disc",
      "value": "108f68c7-88f3-43cd-a94e-33d1c866fccc"
    }
  },
  {
    "model": "environments.executableargument",
    "pk": "d64432fb-9433-45c9-beab-b81636f73964",
    "fields": {
      "created": "2026-02-16T18:47:26.334Z",
      "modified": "2026-02-16T18:48:16.940Z",
      "name": "local_prompt_path",
      "argument": "{{local_prompt_path}}"
    }
  },
  {
    "model": "environments.executableargument",
    "pk": "ee44c8f2-db45-410c-9fe4-8c83fdd3852b",
    "fields": {
      "created": "2026-02-16T18:39:55.793Z",
      "modified": "2026-02-16T18:39:55.793Z",
      "name": "Generate Prompt Payload",
      "argument": "generate_prompt_payload"
    }
  },
  {
    "model": "central_nervous_system.effector",
    "pk": "f470784c-7b1e-4dc4-b524-e287b4d8dd8a",
    "fields": {
      "created": "2026-01-31T14:39:35.355Z",
      "description": null,
      "modified": "2026-02-08T22:47:28.893Z",
      "name": "Restore SaveGames (Cache -> Prerelease)",
      "is_favorite": false,
      "executable": "6fcad69c-37de-4706-ac5e-a34ad3e6be9f",
      "distribution_mode": 1,
      "tags": [],
      "switches": [
        "1f3e58df-561f-4339-bc6b-cd323b30c2bc",
        "17de6f13-3091-48f7-bf09-d49766fc2ce4",
        "fcdec17d-0f16-4e72-96a7-3a45ad42af20",
        "d9065261-ea0e-4de9-b86e-444bc96b7680",
        "338a1f2b-88eb-40f3-b738-0020bd794545",
        "97f5d146-3d64-4b07-8e7c-f66aa7af1894",
        "31f85c89-b075-4292-bb73-aa98cb4bf562"
      ]
    }
  },
  {
    "model": "parietal_lobe.tooldefinition",
    "pk": "4967bb81-ceaf-40f2-95b9-38dd07983172",
    "fields": {
      "created": "2026-02-23T15:09:02.523Z",
      "description": "Parse Unreal Engine logs for a specific Spike and return a structural summary.",
      "modified": "2026-02-23T15:09:02.523Z",
      "name": "mcp_run_unreal_diagnostic_parser",
      "is_async": true,
      "use_type": 3
    }
  },
  {
    "model": "parietal_lobe.toolparameterassignment",
    "pk": "232b49f3-945f-426a-bd37-c3f4c95c6ea3",
    "fields": {
      "created": "2026-02-23T15:50:43.825Z",
      "modified": "2026-02-23T15:50:43.825Z",
      "tool": "4967bb81-ceaf-40f2-95b9-38dd07983172",
      "parameter": "f07e2530-83eb-481f-a35f-42f9a9867597",
      "required": false,
      "prune_after_turns": 0
    }
  },
  {
    "model": "parietal_lobe.toolparameterassignment",
    "pk": "3efd927b-0633-4c0e-aaeb-f890b10f28c7",
    "fields": {
      "created": "2026-02-23T15:09:02.526Z",
      "modified": "2026-02-23T15:09:02.526Z",
      "tool": "4967bb81-ceaf-40f2-95b9-38dd07983172",
      "parameter": "bd144e2b-49f4-4b43-9a5d-82842d8ddc49",
      "required": true,
      "prune_after_turns": 0
    }
  },
  {
    "model": "parietal_lobe.toolparameterassignment",
    "pk": "943e2803-3c69-4bcf-96a8-ef19f466a172",
    "fields": {
      "created": "2026-03-27T18:00:00Z",
      "modified": "2026-03-27T18:00:00Z",
      "tool": "4967bb81-ceaf-40f2-95b9-38dd07983172",
      "parameter": "144d23a0-7091-4759-b0e2-00ab812b0324",
      "required": false,
      "prune_after_turns": 1
    }
  }
]
