[
  {
    "model": "central_nervous_system.hydratag",
    "pk": 1,
    "fields": {
      "name": "Agent"
    }
  },
  {
    "model": "central_nervous_system.hydratag",
    "pk": 2,
    "fields": {
      "name": "Pre-Release"
    }
  },
  {
    "model": "central_nervous_system.HydraSpawnstatus",
    "pk": 1,
    "fields": {
      "name": "Created"
    }
  },
  {
    "model": "central_nervous_system.HydraSpawnstatus",
    "pk": 2,
    "fields": {
      "name": "Pending"
    }
  },
  {
    "model": "central_nervous_system.HydraSpawnstatus",
    "pk": 3,
    "fields": {
      "name": "Running"
    }
  },
  {
    "model": "central_nervous_system.HydraSpawnstatus",
    "pk": 4,
    "fields": {
      "name": "Success"
    }
  },
  {
    "model": "central_nervous_system.HydraSpawnstatus",
    "pk": 5,
    "fields": {
      "name": "Failed"
    }
  },
  {
    "model": "central_nervous_system.HydraSpawnstatus",
    "pk": 6,
    "fields": {
      "name": "Aborted"
    }
  },
  {
    "model": "central_nervous_system.HydraSpawnstatus",
    "pk": 7,
    "fields": {
      "name": "Delegated"
    }
  },
  {
    "model": "central_nervous_system.HydraSpawnstatus",
    "pk": 8,
    "fields": {
      "name": "Stopping"
    }
  },
  {
    "model": "central_nervous_system.HydraSpawnstatus",
    "pk": 9,
    "fields": {
      "name": "Stopped"
    }
  },
  {
    "model": "central_nervous_system.HydraHeadstatus",
    "pk": 1,
    "fields": {
      "name": "Created"
    }
  },
  {
    "model": "central_nervous_system.HydraHeadstatus",
    "pk": 2,
    "fields": {
      "name": "Pending"
    }
  },
  {
    "model": "central_nervous_system.HydraHeadstatus",
    "pk": 3,
    "fields": {
      "name": "Running"
    }
  },
  {
    "model": "central_nervous_system.HydraHeadstatus",
    "pk": 4,
    "fields": {
      "name": "Success"
    }
  },
  {
    "model": "central_nervous_system.HydraHeadstatus",
    "pk": 5,
    "fields": {
      "name": "Failed"
    }
  },
  {
    "model": "central_nervous_system.HydraHeadstatus",
    "pk": 6,
    "fields": {
      "name": "Aborted"
    }
  },
  {
    "model": "central_nervous_system.HydraHeadstatus",
    "pk": 7,
    "fields": {
      "name": "Delegated"
    }
  },
  {
    "model": "central_nervous_system.HydraHeadstatus",
    "pk": 8,
    "fields": {
      "name": "Stopping"
    }
  },
  {
    "model": "central_nervous_system.HydraHeadstatus",
    "pk": 9,
    "fields": {
      "name": "Stopped"
    }
  },
  {
    "model": "central_nervous_system.hydradistributionmode",
    "pk": 1,
    "fields": {
      "description": "Executes strictly on the local Talos Server (e.g. Compiling).",
      "name": "Local Server (Default)"
    }
  },
  {
    "model": "central_nervous_system.hydradistributionmode",
    "pk": 2,
    "fields": {
      "description": "Broadcasts execution to every ONLINE agent (e.g. Deployment).",
      "name": "All Online Agents"
    }
  },
  {
    "model": "central_nervous_system.hydradistributionmode",
    "pk": 3,
    "fields": {
      "description": "Executes on the first available ONLINE agent (e.g. Distributed Testing).",
      "name": "One Available Agent"
    }
  },
  {
    "model": "central_nervous_system.hydradistributionmode",
    "pk": 4,
    "fields": {
      "description": "Executes only on targets explicitly linked via HydraSpellTarget.",
      "name": "Specific Targets"
    }
  },
  {
    "model": "central_nervous_system.hydraspell",
    "pk": 1,
    "fields": {
      "created": "2026-01-01T00:00:00Z",
      "description": null,
      "modified": "2026-01-22T22:13:06.759Z",
      "name": "Begin Play",
      "is_favorite": false,
      "talos_executable": 1,
      "distribution_mode": 1,
      "tags": [],
      "switches": []
    }
  },
  {
    "model": "central_nervous_system.hydraspell",
    "pk": 2,
    "fields": {
      "created": "2026-01-01T00:00:00Z",
      "description": null,
      "modified": "2026-01-21T22:07:32.891Z",
      "name": "Staging: Build Game",
      "is_favorite": false,
      "talos_executable": 5,
      "distribution_mode": 1,
      "tags": [],
      "switches": [
        9,
        10,
        11,
        35,
        36,
        37,
        38
      ]
    }
  },
  {
    "model": "central_nervous_system.hydraspell",
    "pk": 3,
    "fields": {
      "created": "2026-01-01T00:00:00Z",
      "description": null,
      "modified": "2026-01-23T19:58:04.138Z",
      "name": "Staging: Record PSOs",
      "is_favorite": false,
      "talos_executable": 6,
      "distribution_mode": 1,
      "tags": [],
      "switches": [
        17,
        23,
        24,
        25,
        29,
        30,
        31
      ]
    }
  },
  {
    "model": "central_nervous_system.hydraspell",
    "pk": 4,
    "fields": {
      "created": "2026-01-01T00:00:00Z",
      "description": null,
      "modified": "2026-01-23T20:29:01.872Z",
      "name": "Staging Run Once",
      "is_favorite": false,
      "talos_executable": 6,
      "distribution_mode": 1,
      "tags": [],
      "switches": [
        16,
        23,
        24,
        25,
        40
      ]
    }
  },
  {
    "model": "central_nervous_system.hydraspell",
    "pk": 100,
    "fields": {
      "created": "2026-01-07T22:58:23.399Z",
      "description": null,
      "modified": "2026-01-23T20:13:48.542Z",
      "name": "Compile PSO Cache",
      "is_favorite": false,
      "talos_executable": 4,
      "distribution_mode": 1,
      "tags": [],
      "switches": [
        2,
        3,
        22,
        26,
        27
      ]
    }
  },
  {
    "model": "central_nervous_system.hydraspell",
    "pk": 110,
    "fields": {
      "created": "2026-01-08T15:50:00Z",
      "description": null,
      "modified": "2026-01-26T17:43:04.964Z",
      "name": "Pre-Release Build",
      "is_favorite": false,
      "talos_executable": 5,
      "distribution_mode": 1,
      "tags": [],
      "switches": [
        3,
        5,
        9,
        10,
        11,
        13,
        15,
        19,
        20,
        32,
        33,
        34,
        35,
        37,
        38,
        44
      ]
    }
  },
  {
    "model": "central_nervous_system.hydraspell",
    "pk": 120,
    "fields": {
      "created": "2026-01-08T12:00:00Z",
      "description": null,
      "modified": "2026-01-20T16:24:06.085Z",
      "name": "UAT Run (Legacy)",
      "is_favorite": false,
      "talos_executable": 1,
      "distribution_mode": 1,
      "tags": [],
      "switches": []
    }
  },
  {
    "model": "central_nervous_system.hydraspell",
    "pk": 130,
    "fields": {
      "created": "2026-01-08T18:00:00Z",
      "description": null,
      "modified": "2026-01-27T23:11:29.978Z",
      "name": "Deploy",
      "is_favorite": false,
      "talos_executable": 13,
      "distribution_mode": 2,
      "tags": [],
      "switches": [
        50,
        51,
        52,
        53,
        55,
        56,
        57
      ]
    }
  },
  {
    "model": "central_nervous_system.hydraspell",
    "pk": 140,
    "fields": {
      "created": "2026-01-09T12:00:00Z",
      "description": null,
      "modified": "2026-01-22T16:15:08.374Z",
      "name": "Version Metadata",
      "is_favorite": false,
      "talos_executable": 9,
      "distribution_mode": 1,
      "tags": [],
      "switches": []
    }
  },
  {
    "model": "central_nervous_system.hydraspell",
    "pk": 142,
    "fields": {
      "created": "2026-01-17T02:00:50.152Z",
      "description": null,
      "modified": "2026-01-20T16:14:01.054Z",
      "name": "MP Remotes",
      "is_favorite": false,
      "talos_executable": 1,
      "distribution_mode": 1,
      "tags": [],
      "switches": []
    }
  },
  {
    "model": "central_nervous_system.hydraspell",
    "pk": 143,
    "fields": {
      "created": "2026-01-17T02:00:50.156Z",
      "description": null,
      "modified": "2026-01-26T17:53:32.250Z",
      "name": "Pre-Release Run",
      "is_favorite": false,
      "talos_executable": 7,
      "distribution_mode": 1,
      "tags": [],
      "switches": [
        23,
        24,
        25,
        40
      ]
    }
  },
  {
    "model": "central_nervous_system.hydraspell",
    "pk": 144,
    "fields": {
      "created": "2026-01-27T17:25:34.483Z",
      "description": null,
      "modified": "2026-01-27T17:26:18.581Z",
      "name": "Get Agent UUID",
      "is_favorite": false,
      "talos_executable": 11,
      "distribution_mode": 4,
      "tags": [],
      "switches": []
    }
  },
  {
    "model": "central_nervous_system.hydraspell",
    "pk": 145,
    "fields": {
      "created": "2026-01-27T19:19:00.155Z",
      "description": null,
      "modified": "2026-01-27T19:19:00.155Z",
      "name": "Scan for Agents",
      "is_favorite": false,
      "talos_executable": 12,
      "distribution_mode": 1,
      "tags": [],
      "switches": []
    }
  },
  {
    "model": "central_nervous_system.hydraspell",
    "pk": 146,
    "fields": {
      "created": "2026-01-27T23:22:10.133Z",
      "description": null,
      "modified": "2026-01-27T23:23:03.205Z",
      "name": "Launch All",
      "is_favorite": false,
      "talos_executable": 7,
      "distribution_mode": 2,
      "tags": [],
      "switches": [
        23,
        24,
        25,
        28,
        40
      ]
    }
  },
  {
    "model": "central_nervous_system.hydraspell",
    "pk": 147,
    "fields": {
      "created": "2026-01-28T16:17:19.220Z",
      "description": null,
      "modified": "2026-01-30T19:50:49.527Z",
      "name": "Retry w/ 5 Second Delay",
      "is_favorite": false,
      "talos_executable": 14,
      "distribution_mode": 1,
      "tags": [],
      "switches": [
        58,
        60
      ]
    }
  },
  {
    "model": "central_nervous_system.hydraspell",
    "pk": 148,
    "fields": {
      "created": "2026-01-01T00:00:00Z",
      "description": null,
      "modified": "2026-02-10T16:22:55.534Z",
      "name": "Test",
      "is_favorite": false,
      "talos_executable": 4,
      "distribution_mode": 1,
      "tags": [],
      "switches": [
        2,
        4,
        17,
        40,
        41,
        47,
        48,
        49
      ]
    }
  },
  {
    "model": "central_nervous_system.hydraspell",
    "pk": 149,
    "fields": {
      "created": "2026-01-30T16:34:23.839Z",
      "description": null,
      "modified": "2026-01-30T16:34:23.839Z",
      "name": "Cache Shader Cache",
      "is_favorite": false,
      "talos_executable": 13,
      "distribution_mode": 1,
      "tags": [],
      "switches": []
    }
  },
  {
    "model": "central_nervous_system.hydraspell",
    "pk": 150,
    "fields": {
      "created": "2026-01-30T18:37:12.059Z",
      "description": null,
      "modified": "2026-01-30T18:39:01.226Z",
      "name": "Add Shaders to Prerelease",
      "is_favorite": false,
      "talos_executable": 13,
      "distribution_mode": 1,
      "tags": [],
      "switches": []
    }
  },
  {
    "model": "central_nervous_system.hydraspell",
    "pk": 151,
    "fields": {
      "created": "2026-01-31T14:37:51.784Z",
      "description": null,
      "modified": "2026-02-08T22:50:30.100Z",
      "name": "Backup SaveGames (Prerelease -> Cache)",
      "is_favorite": false,
      "talos_executable": 13,
      "distribution_mode": 1,
      "tags": [],
      "switches": [
        52,
        53,
        54,
        55,
        56,
        57,
        63
      ]
    }
  },
  {
    "model": "central_nervous_system.hydraspell",
    "pk": 152,
    "fields": {
      "created": "2026-01-31T14:39:35.355Z",
      "description": null,
      "modified": "2026-02-08T22:47:28.893Z",
      "name": "Restore SaveGames (Cache -> Prerelease)",
      "is_favorite": false,
      "talos_executable": 13,
      "distribution_mode": 1,
      "tags": [],
      "switches": [
        50,
        52,
        53,
        54,
        55,
        56,
        57
      ]
    }
  },
  {
    "model": "central_nervous_system.hydraspell",
    "pk": 153,
    "fields": {
      "created": "2026-01-31T15:17:41.419Z",
      "description": null,
      "modified": "2026-02-08T18:03:51.164Z",
      "name": "Remove Pre-Release SaveGames",
      "is_favorite": false,
      "talos_executable": 15,
      "distribution_mode": 1,
      "tags": [],
      "switches": [
        62,
        61
      ]
    }
  },
  {
    "model": "central_nervous_system.hydraspell",
    "pk": 154,
    "fields": {
      "created": "2026-01-31T15:51:56.896Z",
      "description": null,
      "modified": "2026-01-31T15:51:56.896Z",
      "name": "Remove Intermediate",
      "is_favorite": false,
      "talos_executable": 15,
      "distribution_mode": 1,
      "tags": [],
      "switches": []
    }
  },
  {
    "model": "central_nervous_system.hydraspell",
    "pk": 155,
    "fields": {
      "created": "2026-01-31T16:09:07.810Z",
      "description": null,
      "modified": "2026-02-12T22:05:47.939Z",
      "name": "Dump Talos Scripts",
      "is_favorite": false,
      "talos_executable": 2,
      "distribution_mode": 1,
      "tags": [],
      "switches": []
    }
  },
  {
    "model": "central_nervous_system.hydraspell",
    "pk": 156,
    "fields": {
      "created": "2026-01-31T20:25:05.728Z",
      "description": null,
      "modified": "2026-02-16T20:35:29.308Z",
      "name": "Ollama Query llama3.2:3b from Path",
      "is_favorite": false,
      "talos_executable": 15,
      "distribution_mode": 1,
      "tags": [],
      "switches": []
    }
  },
  {
    "model": "central_nervous_system.hydraspell",
    "pk": 157,
    "fields": {
      "created": "2026-02-02T14:43:47.917Z",
      "description": null,
      "modified": "2026-02-03T18:39:52.179Z",
      "name": "Launch #2 Server",
      "is_favorite": false,
      "talos_executable": 7,
      "distribution_mode": 4,
      "tags": [],
      "switches": [
        23,
        24,
        25,
        28
      ]
    }
  },
  {
    "model": "central_nervous_system.hydraspell",
    "pk": 158,
    "fields": {
      "created": "2026-02-08T17:47:11.756Z",
      "description": null,
      "modified": "2026-02-08T17:47:11.756Z",
      "name": "Remove Pre-Release Logs",
      "is_favorite": false,
      "talos_executable": 15,
      "distribution_mode": 1,
      "tags": [],
      "switches": [
        62,
        61
      ]
    }
  },
  {
    "model": "central_nervous_system.hydraspell",
    "pk": 159,
    "fields": {
      "created": "2026-02-08T17:51:13.962Z",
      "description": null,
      "modified": "2026-02-08T17:51:31.870Z",
      "name": "Remove Pre-Release User Config",
      "is_favorite": false,
      "talos_executable": 15,
      "distribution_mode": 1,
      "tags": [],
      "switches": [
        62,
        61
      ]
    }
  },
  {
    "model": "central_nervous_system.hydraspell",
    "pk": 160,
    "fields": {
      "created": "2026-02-08T17:55:00.040Z",
      "description": null,
      "modified": "2026-02-08T22:49:57.630Z",
      "name": "Backup UserConfig (Prerelease -> Cache)",
      "is_favorite": false,
      "talos_executable": 13,
      "distribution_mode": 1,
      "tags": [],
      "switches": [
        52,
        53,
        54,
        55,
        56,
        57,
        63
      ]
    }
  },
  {
    "model": "central_nervous_system.hydraspell",
    "pk": 161,
    "fields": {
      "created": "2026-02-08T17:56:39.786Z",
      "description": null,
      "modified": "2026-02-08T17:56:39.786Z",
      "name": "Restore UserConfig (Cache -> Prerelease)",
      "is_favorite": false,
      "talos_executable": 13,
      "distribution_mode": 1,
      "tags": [],
      "switches": [
        50,
        52,
        53,
        54,
        55,
        56,
        57
      ]
    }
  },
  {
    "model": "central_nervous_system.hydraspell",
    "pk": 162,
    "fields": {
      "created": "2026-02-08T19:00:18.699Z",
      "description": null,
      "modified": "2026-02-08T22:49:22.505Z",
      "name": "Remote Pre-Release Save to Cache",
      "is_favorite": false,
      "talos_executable": 13,
      "distribution_mode": 2,
      "tags": [],
      "switches": [
        52,
        53,
        54,
        55,
        56,
        57,
        63
      ]
    }
  },
  {
    "model": "central_nervous_system.hydraspell",
    "pk": 163,
    "fields": {
      "created": "2026-02-08T19:02:16.111Z",
      "description": null,
      "modified": "2026-02-08T19:29:25.342Z",
      "name": "Remote Pre-Release Restore Save",
      "is_favorite": false,
      "talos_executable": 13,
      "distribution_mode": 2,
      "tags": [],
      "switches": [
        50,
        52,
        53,
        54,
        55,
        56,
        57
      ]
    }
  },
  {
    "model": "central_nervous_system.hydraspell",
    "pk": 164,
    "fields": {
      "created": "2026-02-08T19:33:00.839Z",
      "description": null,
      "modified": "2026-02-08T22:48:48.160Z",
      "name": "Remote Pre-Release Cache UserConfig",
      "is_favorite": false,
      "talos_executable": 13,
      "distribution_mode": 2,
      "tags": [],
      "switches": [
        52,
        53,
        54,
        55,
        56,
        57,
        63
      ]
    }
  },
  {
    "model": "central_nervous_system.hydraspell",
    "pk": 165,
    "fields": {
      "created": "2026-02-08T19:34:47.032Z",
      "description": null,
      "modified": "2026-02-08T19:34:47.032Z",
      "name": "Remote Restore User Config",
      "is_favorite": false,
      "talos_executable": 13,
      "distribution_mode": 2,
      "tags": [],
      "switches": [
        50,
        52,
        53,
        54,
        55,
        56,
        57
      ]
    }
  },
  {
    "model": "central_nervous_system.hydraspell",
    "pk": 166,
    "fields": {
      "created": "2026-02-10T18:44:05.324Z",
      "description": null,
      "modified": "2026-02-10T18:44:57.240Z",
      "name": "List Location",
      "is_favorite": false,
      "talos_executable": 11,
      "distribution_mode": 1,
      "tags": [],
      "switches": []
    }
  },
  {
    "model": "central_nervous_system.hydraspell",
    "pk": 167,
    "fields": {
      "created": "2026-02-11T16:30:50.618Z",
      "description": null,
      "modified": "2026-02-11T23:14:10.176Z",
      "name": "Switch Resolution Test",
      "is_favorite": false,
      "talos_executable": 11,
      "distribution_mode": 1,
      "tags": [],
      "switches": []
    }
  },
  {
    "model": "central_nervous_system.hydraspell",
    "pk": 168,
    "fields": {
      "created": "2026-02-12T22:07:16.774Z",
      "description": null,
      "modified": "2026-02-12T22:07:16.774Z",
      "name": "Dump Project Scripts",
      "is_favorite": false,
      "talos_executable": 2,
      "distribution_mode": 1,
      "tags": [],
      "switches": []
    }
  },
  {
    "model": "central_nervous_system.hydraspell",
    "pk": 169,
    "fields": {
      "created": "2026-02-16T18:40:09.814Z",
      "description": null,
      "modified": "2026-02-16T18:59:11.608Z",
      "name": "Generate Prompt Payload",
      "is_favorite": false,
      "talos_executable": 3,
      "distribution_mode": 1,
      "tags": [],
      "switches": []
    }
  },
  {
    "model": "central_nervous_system.hydraspell",
    "pk": 170,
    "fields": {
      "created": "2026-02-16T21:53:52.610Z",
      "description": null,
      "modified": "2026-02-16T21:53:52.610Z",
      "name": "Delete Prompt Temp File",
      "is_favorite": false,
      "talos_executable": 15,
      "distribution_mode": 1,
      "tags": [],
      "switches": []
    }
  },
  {
    "model": "central_nervous_system.hydraspell",
    "pk": 171,
    "fields": {
      "created": "2026-02-17T18:23:16.500Z",
      "description": null,
      "modified": "2026-02-17T18:26:37.884Z",
      "name": "Frontal Lobe Node",
      "is_favorite": false,
      "talos_executable": 17,
      "distribution_mode": 1,
      "tags": [],
      "switches": []
    }
  },
  {
    "model": "central_nervous_system.hydraspellcontext",
    "pk": 2,
    "fields": {
      "spell": 169,
      "key": "prompt",
      "value": "Yo AI dude, do you see this or what? {{provenance.execution_log}}"
    }
  },
  {
    "model": "central_nervous_system.hydraspellcontext",
    "pk": 3,
    "fields": {
      "spell": 171,
      "key": "prompt",
      "value": "You are part of the Frontal Lobe"
    }
  },
  {
    "model": "central_nervous_system.hydraspellargumentassignment",
    "pk": 1,
    "fields": {
      "spell": 2,
      "order": 10,
      "argument": 6
    }
  },
  {
    "model": "central_nervous_system.hydraspellargumentassignment",
    "pk": 2,
    "fields": {
      "spell": 1,
      "order": 10,
      "argument": 3
    }
  },
  {
    "model": "central_nervous_system.hydraspellargumentassignment",
    "pk": 3,
    "fields": {
      "spell": 100,
      "order": 1,
      "argument": 3
    }
  },
  {
    "model": "central_nervous_system.hydraspellargumentassignment",
    "pk": 4,
    "fields": {
      "spell": 100,
      "order": 2,
      "argument": 5
    }
  },
  {
    "model": "central_nervous_system.hydraspellargumentassignment",
    "pk": 5,
    "fields": {
      "spell": 100,
      "order": 3,
      "argument": 4
    }
  },
  {
    "model": "central_nervous_system.hydraspellargumentassignment",
    "pk": 6,
    "fields": {
      "spell": 100,
      "order": 4,
      "argument": 1
    }
  },
  {
    "model": "central_nervous_system.hydraspellargumentassignment",
    "pk": 7,
    "fields": {
      "spell": 100,
      "order": 5,
      "argument": 2
    }
  },
  {
    "model": "central_nervous_system.hydraspellargumentassignment",
    "pk": 8,
    "fields": {
      "spell": 110,
      "order": 10,
      "argument": 6
    }
  },
  {
    "model": "central_nervous_system.hydraspellargumentassignment",
    "pk": 9,
    "fields": {
      "spell": 144,
      "order": 10,
      "argument": 9
    }
  },
  {
    "model": "central_nervous_system.hydraspellargumentassignment",
    "pk": 10,
    "fields": {
      "spell": 130,
      "order": 1,
      "argument": 10
    }
  },
  {
    "model": "central_nervous_system.hydraspellargumentassignment",
    "pk": 11,
    "fields": {
      "spell": 130,
      "order": 2,
      "argument": 11
    }
  },
  {
    "model": "central_nervous_system.hydraspellargumentassignment",
    "pk": 12,
    "fields": {
      "spell": 149,
      "order": 10,
      "argument": 16
    }
  },
  {
    "model": "central_nervous_system.hydraspellargumentassignment",
    "pk": 13,
    "fields": {
      "spell": 149,
      "order": 10,
      "argument": 12
    }
  },
  {
    "model": "central_nervous_system.hydraspellargumentassignment",
    "pk": 14,
    "fields": {
      "spell": 149,
      "order": 10,
      "argument": 17
    }
  },
  {
    "model": "central_nervous_system.hydraspellargumentassignment",
    "pk": 15,
    "fields": {
      "spell": 150,
      "order": 2,
      "argument": 18
    }
  },
  {
    "model": "central_nervous_system.hydraspellargumentassignment",
    "pk": 16,
    "fields": {
      "spell": 150,
      "order": 10,
      "argument": 17
    }
  },
  {
    "model": "central_nervous_system.hydraspellargumentassignment",
    "pk": 17,
    "fields": {
      "spell": 150,
      "order": 1,
      "argument": 12
    }
  },
  {
    "model": "central_nervous_system.hydraspellargumentassignment",
    "pk": 18,
    "fields": {
      "spell": 151,
      "order": 10,
      "argument": 20
    }
  },
  {
    "model": "central_nervous_system.hydraspellargumentassignment",
    "pk": 19,
    "fields": {
      "spell": 151,
      "order": 10,
      "argument": 19
    }
  },
  {
    "model": "central_nervous_system.hydraspellargumentassignment",
    "pk": 20,
    "fields": {
      "spell": 152,
      "order": 10,
      "argument": 19
    }
  },
  {
    "model": "central_nervous_system.hydraspellargumentassignment",
    "pk": 21,
    "fields": {
      "spell": 152,
      "order": 10,
      "argument": 20
    }
  },
  {
    "model": "central_nervous_system.hydraspellargumentassignment",
    "pk": 22,
    "fields": {
      "spell": 153,
      "order": 2,
      "argument": 20
    }
  },
  {
    "model": "central_nervous_system.hydraspellargumentassignment",
    "pk": 23,
    "fields": {
      "spell": 153,
      "order": 1,
      "argument": 23
    }
  },
  {
    "model": "central_nervous_system.hydraspellargumentassignment",
    "pk": 24,
    "fields": {
      "spell": 154,
      "order": 10,
      "argument": 23
    }
  },
  {
    "model": "central_nervous_system.hydraspellargumentassignment",
    "pk": 25,
    "fields": {
      "spell": 154,
      "order": 10,
      "argument": 24
    }
  },
  {
    "model": "central_nervous_system.hydraspellargumentassignment",
    "pk": 26,
    "fields": {
      "spell": 155,
      "order": 10,
      "argument": 26
    }
  },
  {
    "model": "central_nervous_system.hydraspellargumentassignment",
    "pk": 27,
    "fields": {
      "spell": 155,
      "order": 10,
      "argument": 21
    }
  },
  {
    "model": "central_nervous_system.hydraspellargumentassignment",
    "pk": 29,
    "fields": {
      "spell": 158,
      "order": 10,
      "argument": 23
    }
  },
  {
    "model": "central_nervous_system.hydraspellargumentassignment",
    "pk": 30,
    "fields": {
      "spell": 158,
      "order": 10,
      "argument": 33
    }
  },
  {
    "model": "central_nervous_system.hydraspellargumentassignment",
    "pk": 31,
    "fields": {
      "spell": 159,
      "order": 10,
      "argument": 23
    }
  },
  {
    "model": "central_nervous_system.hydraspellargumentassignment",
    "pk": 32,
    "fields": {
      "spell": 159,
      "order": 10,
      "argument": 34
    }
  },
  {
    "model": "central_nervous_system.hydraspellargumentassignment",
    "pk": 33,
    "fields": {
      "spell": 160,
      "order": 10,
      "argument": 34
    }
  },
  {
    "model": "central_nervous_system.hydraspellargumentassignment",
    "pk": 34,
    "fields": {
      "spell": 160,
      "order": 10,
      "argument": 35
    }
  },
  {
    "model": "central_nervous_system.hydraspellargumentassignment",
    "pk": 35,
    "fields": {
      "spell": 161,
      "order": 10,
      "argument": 35
    }
  },
  {
    "model": "central_nervous_system.hydraspellargumentassignment",
    "pk": 36,
    "fields": {
      "spell": 161,
      "order": 10,
      "argument": 34
    }
  },
  {
    "model": "central_nervous_system.hydraspellargumentassignment",
    "pk": 37,
    "fields": {
      "spell": 162,
      "order": 10,
      "argument": 20
    }
  },
  {
    "model": "central_nervous_system.hydraspellargumentassignment",
    "pk": 38,
    "fields": {
      "spell": 162,
      "order": 10,
      "argument": 19
    }
  },
  {
    "model": "central_nervous_system.hydraspellargumentassignment",
    "pk": 39,
    "fields": {
      "spell": 163,
      "order": 10,
      "argument": 19
    }
  },
  {
    "model": "central_nervous_system.hydraspellargumentassignment",
    "pk": 40,
    "fields": {
      "spell": 163,
      "order": 10,
      "argument": 20
    }
  },
  {
    "model": "central_nervous_system.hydraspellargumentassignment",
    "pk": 41,
    "fields": {
      "spell": 164,
      "order": 10,
      "argument": 34
    }
  },
  {
    "model": "central_nervous_system.hydraspellargumentassignment",
    "pk": 42,
    "fields": {
      "spell": 164,
      "order": 10,
      "argument": 35
    }
  },
  {
    "model": "central_nervous_system.hydraspellargumentassignment",
    "pk": 43,
    "fields": {
      "spell": 165,
      "order": 10,
      "argument": 35
    }
  },
  {
    "model": "central_nervous_system.hydraspellargumentassignment",
    "pk": 44,
    "fields": {
      "spell": 165,
      "order": 10,
      "argument": 34
    }
  },
  {
    "model": "central_nervous_system.hydraspellargumentassignment",
    "pk": 45,
    "fields": {
      "spell": 148,
      "order": 10,
      "argument": 3
    }
  },
  {
    "model": "central_nervous_system.hydraspellargumentassignment",
    "pk": 46,
    "fields": {
      "spell": 166,
      "order": 10,
      "argument": 36
    }
  },
  {
    "model": "central_nervous_system.hydraspellargumentassignment",
    "pk": 47,
    "fields": {
      "spell": 167,
      "order": 10,
      "argument": 37
    }
  },
  {
    "model": "central_nervous_system.hydraspellargumentassignment",
    "pk": 48,
    "fields": {
      "spell": 168,
      "order": 10,
      "argument": 26
    }
  },
  {
    "model": "central_nervous_system.hydraspellargumentassignment",
    "pk": 49,
    "fields": {
      "spell": 168,
      "order": 10,
      "argument": 38
    }
  },
  {
    "model": "central_nervous_system.hydraspellargumentassignment",
    "pk": 50,
    "fields": {
      "spell": 169,
      "order": 10,
      "argument": 39
    }
  },
  {
    "model": "central_nervous_system.hydraspellargumentassignment",
    "pk": 51,
    "fields": {
      "spell": 169,
      "order": 10,
      "argument": 40
    }
  },
  {
    "model": "central_nervous_system.hydraspellargumentassignment",
    "pk": 52,
    "fields": {
      "spell": 156,
      "order": 4,
      "argument": 41
    }
  },
  {
    "model": "central_nervous_system.hydraspellargumentassignment",
    "pk": 53,
    "fields": {
      "spell": 156,
      "order": 3,
      "argument": 42
    }
  },
  {
    "model": "central_nervous_system.hydraspellargumentassignment",
    "pk": 54,
    "fields": {
      "spell": 169,
      "order": 10,
      "argument": 43
    }
  },
  {
    "model": "central_nervous_system.hydraspellargumentassignment",
    "pk": 55,
    "fields": {
      "spell": 156,
      "order": 0,
      "argument": 44
    }
  },
  {
    "model": "central_nervous_system.hydraspellargumentassignment",
    "pk": 56,
    "fields": {
      "spell": 156,
      "order": 2,
      "argument": 31
    }
  },
  {
    "model": "central_nervous_system.hydraspellargumentassignment",
    "pk": 57,
    "fields": {
      "spell": 156,
      "order": 1,
      "argument": 28
    }
  },
  {
    "model": "central_nervous_system.hydraspellargumentassignment",
    "pk": 58,
    "fields": {
      "spell": 170,
      "order": 10,
      "argument": 45
    }
  },
  {
    "model": "central_nervous_system.hydraspellargumentassignment",
    "pk": 59,
    "fields": {
      "spell": 170,
      "order": 10,
      "argument": 41
    }
  },
  {
    "model": "central_nervous_system.HydraSpellbook",
    "pk": "007d8e9f-1b2c-4d3e-5f6a-7b8c9d0e1f2a",
    "fields": {
      "created": "2026-01-08T16:10:00Z",
      "description": "Full Chain: Test -> UAT",
      "modified": "2026-01-20T16:19:19.230Z",
      "name": "Full",
      "environment": null,
      "is_favorite": false,
      "ui_json": "{}",
      "tags": []
    }
  },
  {
    "model": "central_nervous_system.HydraSpellbook",
    "pk": "0245b699-5b9a-43ec-9391-b788b578d25f",
    "fields": {
      "created": "2026-01-09T20:16:00.695Z",
      "description": "Create and place Version Metadata.",
      "modified": "2026-01-20T16:15:44.857Z",
      "name": "Version Meta",
      "environment": null,
      "is_favorite": false,
      "ui_json": "{}",
      "tags": []
    }
  },
  {
    "model": "central_nervous_system.HydraSpellbook",
    "pk": "123bc9f0-5c8f-4410-a6e5-a49725fbb375",
    "fields": {
      "created": "2026-02-10T18:43:05.690Z",
      "description": null,
      "modified": "2026-02-10T18:43:05.690Z",
      "name": "List Location R",
      "environment": null,
      "is_favorite": false,
      "ui_json": "{}",
      "tags": []
    }
  },
  {
    "model": "central_nervous_system.HydraSpellbook",
    "pk": "22334455-6677-8899-0011-aabbccddeeff",
    "fields": {
      "created": "2026-01-08T16:40:00Z",
      "description": "Compile Shaders",
      "modified": "2026-01-20T16:16:24.355Z",
      "name": "Compile Shaders",
      "environment": null,
      "is_favorite": false,
      "ui_json": "{}",
      "tags": []
    }
  },
  {
    "model": "central_nervous_system.HydraSpellbook",
    "pk": "2a2a2425-08ff-46d2-b652-adb4153554bf",
    "fields": {
      "created": "2026-01-08T21:58:00.568Z",
      "description": "Distribute to Agents",
      "modified": "2026-01-27T23:05:17.105Z",
      "name": "Deploy",
      "environment": null,
      "is_favorite": false,
      "ui_json": "{}",
      "tags": []
    }
  },
  {
    "model": "central_nervous_system.HydraSpellbook",
    "pk": "4bb635e9-8c6c-41e4-8ca5-70744837b7a2",
    "fields": {
      "created": "2026-01-27T19:19:26.787Z",
      "description": null,
      "modified": "2026-02-04T20:43:22.223Z",
      "name": "Scan For Agents",
      "environment": null,
      "is_favorite": false,
      "ui_json": "{}",
      "tags": [
        1
      ]
    }
  },
  {
    "model": "central_nervous_system.HydraSpellbook",
    "pk": "4e52e554-f7b3-4adc-96f2-f80da0329774",
    "fields": {
      "created": "2026-02-04T22:04:12.822Z",
      "description": null,
      "modified": "2026-02-04T22:04:12.822Z",
      "name": "Process Test 2",
      "environment": null,
      "is_favorite": false,
      "ui_json": "{}",
      "tags": []
    }
  },
  {
    "model": "central_nervous_system.HydraSpellbook",
    "pk": "52b62ed2-7752-4d16-ba29-4810a54815d0",
    "fields": {
      "created": "2026-01-31T14:40:15.233Z",
      "description": null,
      "modified": "2026-02-05T15:33:05.105Z",
      "name": "Restore Save",
      "environment": null,
      "is_favorite": false,
      "ui_json": "{}",
      "tags": [
        2
      ]
    }
  },
  {
    "model": "central_nervous_system.HydraSpellbook",
    "pk": "559cecbd-2128-478a-be50-436ba30b7396",
    "fields": {
      "created": "2026-01-20T00:54:46.432Z",
      "description": "Local Game Launcher",
      "modified": "2026-02-05T15:32:32.421Z",
      "name": "Pre-Release Run",
      "environment": null,
      "is_favorite": false,
      "ui_json": "{}",
      "tags": [
        2
      ]
    }
  },
  {
    "model": "central_nervous_system.HydraSpellbook",
    "pk": "596804db-1566-4388-a7e7-dafa7ab2f4fb",
    "fields": {
      "created": "2026-02-06T17:31:36.055Z",
      "description": null,
      "modified": "2026-02-06T17:31:36.055Z",
      "name": "Debug Protocol",
      "environment": null,
      "is_favorite": false,
      "ui_json": "{}",
      "tags": []
    }
  },
  {
    "model": "central_nervous_system.HydraSpellbook",
    "pk": "5aedec3f-df9d-4149-b62b-6bd17c8ca8a3",
    "fields": {
      "created": "2026-01-31T16:07:02.726Z",
      "description": null,
      "modified": "2026-01-31T16:13:18.776Z",
      "name": "Dump Talos Scripts",
      "environment": null,
      "is_favorite": true,
      "ui_json": "{}",
      "tags": []
    }
  },
  {
    "model": "central_nervous_system.HydraSpellbook",
    "pk": "5b5bebe0-be34-4614-b40f-b78bd3a1c269",
    "fields": {
      "created": "2026-01-31T15:50:39.700Z",
      "description": null,
      "modified": "2026-01-31T15:50:39.700Z",
      "name": "Remove Intermediate",
      "environment": null,
      "is_favorite": false,
      "ui_json": "{}",
      "tags": []
    }
  },
  {
    "model": "central_nervous_system.HydraSpellbook",
    "pk": "8686149a-8b56-4a47-b5df-7d8cf7635dbc",
    "fields": {
      "created": "2026-01-27T23:23:20.836Z",
      "description": null,
      "modified": "2026-01-27T23:23:20.836Z",
      "name": "All Remotes",
      "environment": null,
      "is_favorite": false,
      "ui_json": "{}",
      "tags": []
    }
  },
  {
    "model": "central_nervous_system.HydraSpellbook",
    "pk": "925c871c-618e-4de8-a9d2-6978aed216e8",
    "fields": {
      "created": "2026-02-04T20:51:27.826Z",
      "description": null,
      "modified": "2026-02-04T20:51:27.826Z",
      "name": "Process Test",
      "environment": null,
      "is_favorite": false,
      "ui_json": "{}",
      "tags": []
    }
  },
  {
    "model": "central_nervous_system.HydraSpellbook",
    "pk": "94a67ded-0d4b-4060-b79a-6f895b2373a3",
    "fields": {
      "created": "2026-02-12T22:39:57.776Z",
      "description": null,
      "modified": "2026-02-12T22:39:57.776Z",
      "name": "Dump Project Scripts",
      "environment": null,
      "is_favorite": false,
      "ui_json": "{}",
      "tags": []
    }
  },
  {
    "model": "central_nervous_system.HydraSpellbook",
    "pk": "9dcbedd4-ff8b-45be-9f9a-1734276f9d1b",
    "fields": {
      "created": "2026-02-01T16:37:12.246Z",
      "description": null,
      "modified": "2026-02-01T16:37:12.246Z",
      "name": "Scan2ax",
      "environment": null,
      "is_favorite": false,
      "ui_json": "{}",
      "tags": []
    }
  },
  {
    "model": "central_nervous_system.HydraSpellbook",
    "pk": "a7d8e9f0-1b2c-4d3e-5f6a-7b8c9d0e1f2a",
    "fields": {
      "created": "2026-01-01T00:00:00Z",
      "description": null,
      "modified": "2026-01-23T20:00:48.967Z",
      "name": "Stage",
      "environment": null,
      "is_favorite": false,
      "ui_json": "{}",
      "tags": []
    }
  },
  {
    "model": "central_nervous_system.HydraSpellbook",
    "pk": "b7b1017e-0e5f-4e3d-b91a-13270b41b4b3",
    "fields": {
      "created": "2026-01-23T22:01:37.231Z",
      "description": "RecordPSOs",
      "modified": "2026-01-23T22:01:37.231Z",
      "name": "RecordPSOs",
      "environment": null,
      "is_favorite": false,
      "ui_json": "{}",
      "tags": []
    }
  },
  {
    "model": "central_nervous_system.HydraSpellbook",
    "pk": "b8e9f0a1-2c3d-4e5f-6a7b-8c9d0e1f2b3c",
    "fields": {
      "created": "2026-01-01T00:00:00Z",
      "description": "Headless Test Only",
      "modified": "2026-01-09T15:05:55.848Z",
      "name": "CPPTests",
      "environment": null,
      "is_favorite": false,
      "ui_json": "{}",
      "tags": []
    }
  },
  {
    "model": "central_nervous_system.HydraSpellbook",
    "pk": "d0e1f2a3-4b5c-6d7e-8f9a-0b1c2d3e4f5a",
    "fields": {
      "created": "2026-01-01T00:00:00Z",
      "description": "Run Staging Game (Smoke Test)",
      "modified": "2026-01-01T00:00:00Z",
      "name": "Staging Run Only",
      "environment": null,
      "is_favorite": false,
      "ui_json": "{}",
      "tags": []
    }
  },
  {
    "model": "central_nervous_system.HydraSpellbook",
    "pk": "e94a9c50-5baa-4cae-808e-b17367c11fc6",
    "fields": {
      "created": "2026-01-31T20:25:45.813Z",
      "description": null,
      "modified": "2026-01-31T20:25:45.813Z",
      "name": "Ollama Query",
      "environment": null,
      "is_favorite": false,
      "ui_json": "{}",
      "tags": []
    }
  },
  {
    "model": "central_nervous_system.HydraSpellbook",
    "pk": "f0f0f0f0-f0f0-f0f0-f0f0-f0f0f0f0f0f0",
    "fields": {
      "created": "2026-01-17T02:00:50.162Z",
      "description": "Side-by-side Live Debugging (Remote Server + Local Client)",
      "modified": "2026-02-05T15:33:25.493Z",
      "name": "Multiplayer (C&S)",
      "environment": null,
      "is_favorite": true,
      "ui_json": "{}",
      "tags": [
        2
      ]
    }
  },
  {
    "model": "central_nervous_system.HydraSpellbook",
    "pk": "f2a3b4c5-6d7e-8f9a-0b1c-2d3e4f5a6b7c",
    "fields": {
      "created": "2026-01-08T16:00:00Z",
      "description": "Step 4 Standalone: UAT BuildCookRun with Archive.",
      "modified": "2026-02-05T15:33:35.343Z",
      "name": "Pre-Release",
      "environment": null,
      "is_favorite": true,
      "ui_json": "{}",
      "tags": [
        2
      ]
    }
  },
  {
    "model": "central_nervous_system.HydraSpellbooknode",
    "pk": 1,
    "fields": {
      "environment": null,
      "is_root": true,
      "spellbook": "b8e9f0a1-2c3d-4e5f-6a7b-8c9d0e1f2b3c",
      "spell": 1,
      "ui_json": "{\"x\": 100, \"y\": 100}",
      "invoked_spellbook": null,
      "distribution_mode": null
    }
  },
  {
    "model": "central_nervous_system.HydraSpellbooknode",
    "pk": 2,
    "fields": {
      "environment": null,
      "is_root": true,
      "spellbook": "0245b699-5b9a-43ec-9391-b788b578d25f",
      "spell": 1,
      "ui_json": "{\"x\": 100, \"y\": 100}",
      "invoked_spellbook": null,
      "distribution_mode": null
    }
  },
  {
    "model": "central_nervous_system.HydraSpellbooknode",
    "pk": 4,
    "fields": {
      "environment": null,
      "is_root": false,
      "spellbook": "b8e9f0a1-2c3d-4e5f-6a7b-8c9d0e1f2b3c",
      "spell": 148,
      "ui_json": "{\"x\": 446, \"y\": 97}",
      "invoked_spellbook": null,
      "distribution_mode": null
    }
  },
  {
    "model": "central_nervous_system.HydraSpellbooknode",
    "pk": 5,
    "fields": {
      "environment": null,
      "is_root": true,
      "spellbook": "f2a3b4c5-6d7e-8f9a-0b1c-2d3e4f5a6b7c",
      "spell": 1,
      "ui_json": "{\"x\": 100, \"y\": 100}",
      "invoked_spellbook": null,
      "distribution_mode": null
    }
  },
  {
    "model": "central_nervous_system.HydraSpellbooknode",
    "pk": 6,
    "fields": {
      "environment": null,
      "is_root": false,
      "spellbook": "f2a3b4c5-6d7e-8f9a-0b1c-2d3e4f5a6b7c",
      "spell": 110,
      "ui_json": "{\"x\": 938, \"y\": 222}",
      "invoked_spellbook": null,
      "distribution_mode": null
    }
  },
  {
    "model": "central_nervous_system.HydraSpellbooknode",
    "pk": 7,
    "fields": {
      "environment": null,
      "is_root": true,
      "spellbook": "559cecbd-2128-478a-be50-436ba30b7396",
      "spell": 1,
      "ui_json": "{\"x\": 100, \"y\": 100}",
      "invoked_spellbook": null,
      "distribution_mode": null
    }
  },
  {
    "model": "central_nervous_system.HydraSpellbooknode",
    "pk": 9,
    "fields": {
      "environment": null,
      "is_root": false,
      "spellbook": "559cecbd-2128-478a-be50-436ba30b7396",
      "spell": 143,
      "ui_json": "{\"x\": 1074, \"y\": 147}",
      "invoked_spellbook": null,
      "distribution_mode": null
    }
  },
  {
    "model": "central_nervous_system.HydraSpellbooknode",
    "pk": 10,
    "fields": {
      "environment": null,
      "is_root": true,
      "spellbook": "4bb635e9-8c6c-41e4-8ca5-70744837b7a2",
      "spell": 1,
      "ui_json": "{\"x\": 100, \"y\": 100}",
      "invoked_spellbook": null,
      "distribution_mode": null
    }
  },
  {
    "model": "central_nervous_system.HydraSpellbooknode",
    "pk": 11,
    "fields": {
      "environment": null,
      "is_root": false,
      "spellbook": "4bb635e9-8c6c-41e4-8ca5-70744837b7a2",
      "spell": 145,
      "ui_json": "{\"x\": 468, \"y\": 115}",
      "invoked_spellbook": null,
      "distribution_mode": null
    }
  },
  {
    "model": "central_nervous_system.HydraSpellbooknode",
    "pk": 13,
    "fields": {
      "environment": null,
      "is_root": false,
      "spellbook": "4bb635e9-8c6c-41e4-8ca5-70744837b7a2",
      "spell": 147,
      "ui_json": "{\"x\": 797, \"y\": 43}",
      "invoked_spellbook": null,
      "distribution_mode": null
    }
  },
  {
    "model": "central_nervous_system.HydraSpellbooknode",
    "pk": 14,
    "fields": {
      "environment": null,
      "is_root": false,
      "spellbook": "4bb635e9-8c6c-41e4-8ca5-70744837b7a2",
      "spell": 145,
      "ui_json": "{\"x\": 1150, \"y\": 100}",
      "invoked_spellbook": null,
      "distribution_mode": null
    }
  },
  {
    "model": "central_nervous_system.HydraSpellbooknode",
    "pk": 15,
    "fields": {
      "environment": null,
      "is_root": true,
      "spellbook": "a7d8e9f0-1b2c-4d3e-5f6a-7b8c9d0e1f2a",
      "spell": 1,
      "ui_json": "{\"x\": 100, \"y\": 100}",
      "invoked_spellbook": null,
      "distribution_mode": null
    }
  },
  {
    "model": "central_nervous_system.HydraSpellbooknode",
    "pk": 16,
    "fields": {
      "environment": null,
      "is_root": false,
      "spellbook": "a7d8e9f0-1b2c-4d3e-5f6a-7b8c9d0e1f2a",
      "spell": 2,
      "ui_json": "{\"x\": 456, \"y\": 90}",
      "invoked_spellbook": null,
      "distribution_mode": null
    }
  },
  {
    "model": "central_nervous_system.HydraSpellbooknode",
    "pk": 17,
    "fields": {
      "environment": null,
      "is_root": false,
      "spellbook": "a7d8e9f0-1b2c-4d3e-5f6a-7b8c9d0e1f2a",
      "spell": 3,
      "ui_json": "{\"x\": 790, \"y\": 137}",
      "invoked_spellbook": null,
      "distribution_mode": null
    }
  },
  {
    "model": "central_nervous_system.HydraSpellbooknode",
    "pk": 18,
    "fields": {
      "environment": null,
      "is_root": true,
      "spellbook": "007d8e9f-1b2c-4d3e-5f6a-7b8c9d0e1f2a",
      "spell": 1,
      "ui_json": "{\"x\": 100, \"y\": 100}",
      "invoked_spellbook": null,
      "distribution_mode": null
    }
  },
  {
    "model": "central_nervous_system.HydraSpellbooknode",
    "pk": 20,
    "fields": {
      "environment": null,
      "is_root": true,
      "spellbook": "8686149a-8b56-4a47-b5df-7d8cf7635dbc",
      "spell": 1,
      "ui_json": "{\"x\": 100, \"y\": 100}",
      "invoked_spellbook": null,
      "distribution_mode": null
    }
  },
  {
    "model": "central_nervous_system.HydraSpellbooknode",
    "pk": 21,
    "fields": {
      "environment": null,
      "is_root": true,
      "spellbook": "22334455-6677-8899-0011-aabbccddeeff",
      "spell": 1,
      "ui_json": "{\"x\": 100, \"y\": 100}",
      "invoked_spellbook": null,
      "distribution_mode": null
    }
  },
  {
    "model": "central_nervous_system.HydraSpellbooknode",
    "pk": 22,
    "fields": {
      "environment": null,
      "is_root": false,
      "spellbook": "22334455-6677-8899-0011-aabbccddeeff",
      "spell": 100,
      "ui_json": "{\"x\": 350, \"y\": 103}",
      "invoked_spellbook": null,
      "distribution_mode": null
    }
  },
  {
    "model": "central_nervous_system.HydraSpellbooknode",
    "pk": 23,
    "fields": {
      "environment": null,
      "is_root": false,
      "spellbook": "0245b699-5b9a-43ec-9391-b788b578d25f",
      "spell": 140,
      "ui_json": "{\"x\": 418, \"y\": 82}",
      "invoked_spellbook": null,
      "distribution_mode": null
    }
  },
  {
    "model": "central_nervous_system.HydraSpellbooknode",
    "pk": 24,
    "fields": {
      "environment": null,
      "is_root": false,
      "spellbook": "22334455-6677-8899-0011-aabbccddeeff",
      "spell": 149,
      "ui_json": "{\"x\": 758, \"y\": 148}",
      "invoked_spellbook": null,
      "distribution_mode": null
    }
  },
  {
    "model": "central_nervous_system.HydraSpellbooknode",
    "pk": 25,
    "fields": {
      "environment": null,
      "is_root": false,
      "spellbook": "4bb635e9-8c6c-41e4-8ca5-70744837b7a2",
      "spell": 145,
      "ui_json": "{\"x\": 464, \"y\": 366}",
      "invoked_spellbook": null,
      "distribution_mode": null
    }
  },
  {
    "model": "central_nervous_system.HydraSpellbooknode",
    "pk": 27,
    "fields": {
      "environment": null,
      "is_root": false,
      "spellbook": "559cecbd-2128-478a-be50-436ba30b7396",
      "spell": 150,
      "ui_json": "{\"x\": 721, \"y\": 137}",
      "invoked_spellbook": null,
      "distribution_mode": null
    }
  },
  {
    "model": "central_nervous_system.HydraSpellbooknode",
    "pk": 28,
    "fields": {
      "environment": null,
      "is_root": true,
      "spellbook": "52b62ed2-7752-4d16-ba29-4810a54815d0",
      "spell": 1,
      "ui_json": "{\"x\": 100, \"y\": 100}",
      "invoked_spellbook": null,
      "distribution_mode": null
    }
  },
  {
    "model": "central_nervous_system.HydraSpellbooknode",
    "pk": 29,
    "fields": {
      "environment": null,
      "is_root": false,
      "spellbook": "52b62ed2-7752-4d16-ba29-4810a54815d0",
      "spell": 152,
      "ui_json": "{\"x\": 459, \"y\": 233}",
      "invoked_spellbook": null,
      "distribution_mode": null
    }
  },
  {
    "model": "central_nervous_system.HydraSpellbooknode",
    "pk": 32,
    "fields": {
      "environment": null,
      "is_root": false,
      "spellbook": "5aedec3f-df9d-4149-b62b-6bd17c8ca8a3",
      "spell": 155,
      "ui_json": "{\"x\": 589, \"y\": 234}",
      "invoked_spellbook": null,
      "distribution_mode": null
    }
  },
  {
    "model": "central_nervous_system.HydraSpellbooknode",
    "pk": 33,
    "fields": {
      "environment": null,
      "is_root": true,
      "spellbook": "5aedec3f-df9d-4149-b62b-6bd17c8ca8a3",
      "spell": 1,
      "ui_json": "{\"x\": 100, \"y\": 100}",
      "invoked_spellbook": null,
      "distribution_mode": null
    }
  },
  {
    "model": "central_nervous_system.HydraSpellbooknode",
    "pk": 34,
    "fields": {
      "environment": null,
      "is_root": true,
      "spellbook": "e94a9c50-5baa-4cae-808e-b17367c11fc6",
      "spell": 1,
      "ui_json": "{\"x\": 100, \"y\": 100}",
      "invoked_spellbook": null,
      "distribution_mode": null
    }
  },
  {
    "model": "central_nervous_system.HydraSpellbooknode",
    "pk": 35,
    "fields": {
      "environment": null,
      "is_root": false,
      "spellbook": "e94a9c50-5baa-4cae-808e-b17367c11fc6",
      "spell": 156,
      "ui_json": "{\"x\": 434, \"y\": 102}",
      "invoked_spellbook": null,
      "distribution_mode": null
    }
  },
  {
    "model": "central_nervous_system.HydraSpellbooknode",
    "pk": 37,
    "fields": {
      "environment": null,
      "is_root": true,
      "spellbook": "9dcbedd4-ff8b-45be-9f9a-1734276f9d1b",
      "spell": 1,
      "ui_json": "{\"x\": 100, \"y\": 100}",
      "invoked_spellbook": null,
      "distribution_mode": null
    }
  },
  {
    "model": "central_nervous_system.HydraSpellbooknode",
    "pk": 48,
    "fields": {
      "environment": null,
      "is_root": false,
      "spellbook": "9dcbedd4-ff8b-45be-9f9a-1734276f9d1b",
      "spell": 145,
      "ui_json": "{\"x\": 240, \"y\": 319}",
      "invoked_spellbook": null,
      "distribution_mode": null
    }
  },
  {
    "model": "central_nervous_system.HydraSpellbooknode",
    "pk": 49,
    "fields": {
      "environment": null,
      "is_root": false,
      "spellbook": "9dcbedd4-ff8b-45be-9f9a-1734276f9d1b",
      "spell": 1,
      "ui_json": "{\"x\": 605, \"y\": 206}",
      "invoked_spellbook": "4bb635e9-8c6c-41e4-8ca5-70744837b7a2",
      "distribution_mode": null
    }
  },
  {
    "model": "central_nervous_system.HydraSpellbooknode",
    "pk": 50,
    "fields": {
      "environment": null,
      "is_root": false,
      "spellbook": "9dcbedd4-ff8b-45be-9f9a-1734276f9d1b",
      "spell": 145,
      "ui_json": "{\"x\": 1127, \"y\": 258}",
      "invoked_spellbook": null,
      "distribution_mode": null
    }
  },
  {
    "model": "central_nervous_system.HydraSpellbooknode",
    "pk": 51,
    "fields": {
      "environment": null,
      "is_root": false,
      "spellbook": "9dcbedd4-ff8b-45be-9f9a-1734276f9d1b",
      "spell": 147,
      "ui_json": "{\"x\": 560, \"y\": 583}",
      "invoked_spellbook": null,
      "distribution_mode": null
    }
  },
  {
    "model": "central_nervous_system.HydraSpellbooknode",
    "pk": 52,
    "fields": {
      "environment": null,
      "is_root": false,
      "spellbook": "9dcbedd4-ff8b-45be-9f9a-1734276f9d1b",
      "spell": 156,
      "ui_json": "{\"x\": 930, \"y\": 439}",
      "invoked_spellbook": null,
      "distribution_mode": null
    }
  },
  {
    "model": "central_nervous_system.HydraSpellbooknode",
    "pk": 53,
    "fields": {
      "environment": null,
      "is_root": true,
      "spellbook": "b7b1017e-0e5f-4e3d-b91a-13270b41b4b3",
      "spell": 1,
      "ui_json": "{\"x\": 100, \"y\": 100}",
      "invoked_spellbook": null,
      "distribution_mode": null
    }
  },
  {
    "model": "central_nervous_system.HydraSpellbooknode",
    "pk": 54,
    "fields": {
      "environment": null,
      "is_root": false,
      "spellbook": "8686149a-8b56-4a47-b5df-7d8cf7635dbc",
      "spell": 146,
      "ui_json": "{\"x\": 749, \"y\": 101}",
      "invoked_spellbook": null,
      "distribution_mode": null
    }
  },
  {
    "model": "central_nervous_system.HydraSpellbooknode",
    "pk": 55,
    "fields": {
      "environment": null,
      "is_root": false,
      "spellbook": "8686149a-8b56-4a47-b5df-7d8cf7635dbc",
      "spell": 145,
      "ui_json": "{\"x\": 461, \"y\": 93}",
      "invoked_spellbook": null,
      "distribution_mode": null
    }
  },
  {
    "model": "central_nervous_system.HydraSpellbooknode",
    "pk": 56,
    "fields": {
      "environment": null,
      "is_root": true,
      "spellbook": "f0f0f0f0-f0f0-f0f0-f0f0-f0f0f0f0f0f0",
      "spell": 1,
      "ui_json": "{\"x\": 100, \"y\": 100}",
      "invoked_spellbook": null,
      "distribution_mode": null
    }
  },
  {
    "model": "central_nervous_system.HydraSpellbooknode",
    "pk": 58,
    "fields": {
      "environment": null,
      "is_root": false,
      "spellbook": "f0f0f0f0-f0f0-f0f0-f0f0-f0f0f0f0f0f0",
      "spell": 157,
      "ui_json": "{\"x\": 948, \"y\": 275}",
      "invoked_spellbook": null,
      "distribution_mode": null
    }
  },
  {
    "model": "central_nervous_system.HydraSpellbooknode",
    "pk": 60,
    "fields": {
      "environment": null,
      "is_root": true,
      "spellbook": "2a2a2425-08ff-46d2-b652-adb4153554bf",
      "spell": 1,
      "ui_json": "{\"x\": 32, \"y\": 106}",
      "invoked_spellbook": null,
      "distribution_mode": null
    }
  },
  {
    "model": "central_nervous_system.HydraSpellbooknode",
    "pk": 61,
    "fields": {
      "environment": null,
      "is_root": false,
      "spellbook": "2a2a2425-08ff-46d2-b652-adb4153554bf",
      "spell": 130,
      "ui_json": "{\"x\": 1412, \"y\": 824}",
      "invoked_spellbook": null,
      "distribution_mode": null
    }
  },
  {
    "model": "central_nervous_system.HydraSpellbooknode",
    "pk": 63,
    "fields": {
      "environment": null,
      "is_root": false,
      "spellbook": "f0f0f0f0-f0f0-f0f0-f0f0-f0f0f0f0f0f0",
      "spell": 143,
      "ui_json": "{\"x\": 950, \"y\": 52}",
      "invoked_spellbook": null,
      "distribution_mode": null
    }
  },
  {
    "model": "central_nervous_system.HydraSpellbooknode",
    "pk": 64,
    "fields": {
      "environment": null,
      "is_root": false,
      "spellbook": "9dcbedd4-ff8b-45be-9f9a-1734276f9d1b",
      "spell": 147,
      "ui_json": "{\"x\": 430, \"y\": 3}",
      "invoked_spellbook": null,
      "distribution_mode": null
    }
  },
  {
    "model": "central_nervous_system.HydraSpellbooknode",
    "pk": 65,
    "fields": {
      "environment": null,
      "is_root": false,
      "spellbook": "9dcbedd4-ff8b-45be-9f9a-1734276f9d1b",
      "spell": 147,
      "ui_json": "{\"x\": 742, \"y\": 9}",
      "invoked_spellbook": null,
      "distribution_mode": null
    }
  },
  {
    "model": "central_nervous_system.HydraSpellbooknode",
    "pk": 70,
    "fields": {
      "environment": null,
      "is_root": false,
      "spellbook": "f2a3b4c5-6d7e-8f9a-0b1c-2d3e4f5a6b7c",
      "spell": 151,
      "ui_json": "{\"x\": 630, \"y\": 128}",
      "invoked_spellbook": null,
      "distribution_mode": null
    }
  },
  {
    "model": "central_nervous_system.HydraSpellbooknode",
    "pk": 73,
    "fields": {
      "environment": null,
      "is_root": false,
      "spellbook": "559cecbd-2128-478a-be50-436ba30b7396",
      "spell": 152,
      "ui_json": "{\"x\": 424, \"y\": 128}",
      "invoked_spellbook": null,
      "distribution_mode": null
    }
  },
  {
    "model": "central_nervous_system.HydraSpellbooknode",
    "pk": 74,
    "fields": {
      "environment": null,
      "is_root": false,
      "spellbook": "f2a3b4c5-6d7e-8f9a-0b1c-2d3e4f5a6b7c",
      "spell": 1,
      "ui_json": "{\"x\": 1236, \"y\": 93}",
      "invoked_spellbook": "559cecbd-2128-478a-be50-436ba30b7396",
      "distribution_mode": null
    }
  },
  {
    "model": "central_nervous_system.HydraSpellbooknode",
    "pk": 76,
    "fields": {
      "environment": null,
      "is_root": false,
      "spellbook": "a7d8e9f0-1b2c-4d3e-5f6a-7b8c9d0e1f2a",
      "spell": 100,
      "ui_json": "{\"x\": 1093, \"y\": 118}",
      "invoked_spellbook": null,
      "distribution_mode": null
    }
  },
  {
    "model": "central_nervous_system.HydraSpellbooknode",
    "pk": 77,
    "fields": {
      "environment": null,
      "is_root": false,
      "spellbook": "a7d8e9f0-1b2c-4d3e-5f6a-7b8c9d0e1f2a",
      "spell": 149,
      "ui_json": "{\"x\": 1392, \"y\": 117}",
      "invoked_spellbook": null,
      "distribution_mode": null
    }
  },
  {
    "model": "central_nervous_system.HydraSpellbooknode",
    "pk": 78,
    "fields": {
      "environment": null,
      "is_root": false,
      "spellbook": "007d8e9f-1b2c-4d3e-5f6a-7b8c9d0e1f2a",
      "spell": 1,
      "ui_json": "{\"x\": 398, \"y\": 76}",
      "invoked_spellbook": "a7d8e9f0-1b2c-4d3e-5f6a-7b8c9d0e1f2a",
      "distribution_mode": null
    }
  },
  {
    "model": "central_nervous_system.HydraSpellbooknode",
    "pk": 79,
    "fields": {
      "environment": null,
      "is_root": false,
      "spellbook": "007d8e9f-1b2c-4d3e-5f6a-7b8c9d0e1f2a",
      "spell": 1,
      "ui_json": "{\"x\": 695, \"y\": 137}",
      "invoked_spellbook": "f2a3b4c5-6d7e-8f9a-0b1c-2d3e4f5a6b7c",
      "distribution_mode": null
    }
  },
  {
    "model": "central_nervous_system.HydraSpellbooknode",
    "pk": 82,
    "fields": {
      "environment": null,
      "is_root": false,
      "spellbook": "f2a3b4c5-6d7e-8f9a-0b1c-2d3e4f5a6b7c",
      "spell": 140,
      "ui_json": "{\"x\": 366, \"y\": 108}",
      "invoked_spellbook": null,
      "distribution_mode": null
    }
  },
  {
    "model": "central_nervous_system.HydraSpellbooknode",
    "pk": 83,
    "fields": {
      "environment": null,
      "is_root": false,
      "spellbook": "4bb635e9-8c6c-41e4-8ca5-70744837b7a2",
      "spell": 147,
      "ui_json": "{\"x\": 157, \"y\": 394}",
      "invoked_spellbook": null,
      "distribution_mode": null
    }
  },
  {
    "model": "central_nervous_system.HydraSpellbooknode",
    "pk": 84,
    "fields": {
      "environment": null,
      "is_root": true,
      "spellbook": "925c871c-618e-4de8-a9d2-6978aed216e8",
      "spell": 1,
      "ui_json": "{\"x\": 100, \"y\": 100}",
      "invoked_spellbook": null,
      "distribution_mode": null
    }
  },
  {
    "model": "central_nervous_system.HydraSpellbooknode",
    "pk": 89,
    "fields": {
      "environment": null,
      "is_root": true,
      "spellbook": "4e52e554-f7b3-4adc-96f2-f80da0329774",
      "spell": 1,
      "ui_json": "{\"x\": 100, \"y\": 100}",
      "invoked_spellbook": null,
      "distribution_mode": null
    }
  },
  {
    "model": "central_nervous_system.HydraSpellbooknode",
    "pk": 90,
    "fields": {
      "environment": null,
      "is_root": false,
      "spellbook": "4e52e554-f7b3-4adc-96f2-f80da0329774",
      "spell": 1,
      "ui_json": "{\"x\": 501, \"y\": 137}",
      "invoked_spellbook": "925c871c-618e-4de8-a9d2-6978aed216e8",
      "distribution_mode": null
    }
  },
  {
    "model": "central_nervous_system.HydraSpellbooknode",
    "pk": 91,
    "fields": {
      "environment": null,
      "is_root": false,
      "spellbook": "4e52e554-f7b3-4adc-96f2-f80da0329774",
      "spell": 1,
      "ui_json": "{\"x\": 398, \"y\": 345}",
      "invoked_spellbook": "925c871c-618e-4de8-a9d2-6978aed216e8",
      "distribution_mode": null
    }
  },
  {
    "model": "central_nervous_system.HydraSpellbooknode",
    "pk": 92,
    "fields": {
      "environment": null,
      "is_root": false,
      "spellbook": "2a2a2425-08ff-46d2-b652-adb4153554bf",
      "spell": 151,
      "ui_json": "{\"x\": 318, \"y\": 66}",
      "invoked_spellbook": null,
      "distribution_mode": null
    }
  },
  {
    "model": "central_nervous_system.HydraSpellbooknode",
    "pk": 93,
    "fields": {
      "environment": null,
      "is_root": false,
      "spellbook": "2a2a2425-08ff-46d2-b652-adb4153554bf",
      "spell": 153,
      "ui_json": "{\"x\": 358, \"y\": 350}",
      "invoked_spellbook": null,
      "distribution_mode": null
    }
  },
  {
    "model": "central_nervous_system.HydraSpellbooknode",
    "pk": 94,
    "fields": {
      "environment": null,
      "is_root": false,
      "spellbook": "2a2a2425-08ff-46d2-b652-adb4153554bf",
      "spell": 150,
      "ui_json": "{\"x\": 1073, \"y\": 110}",
      "invoked_spellbook": null,
      "distribution_mode": null
    }
  },
  {
    "model": "central_nervous_system.HydraSpellbooknode",
    "pk": 95,
    "fields": {
      "environment": null,
      "is_root": false,
      "spellbook": "f0f0f0f0-f0f0-f0f0-f0f0-f0f0f0f0f0f0",
      "spell": 1,
      "ui_json": "{\"x\": 484, \"y\": 262}",
      "invoked_spellbook": "2a2a2425-08ff-46d2-b652-adb4153554bf",
      "distribution_mode": null
    }
  },
  {
    "model": "central_nervous_system.HydraSpellbooknode",
    "pk": 96,
    "fields": {
      "environment": null,
      "is_root": false,
      "spellbook": "2a2a2425-08ff-46d2-b652-adb4153554bf",
      "spell": 160,
      "ui_json": "{\"x\": 59, \"y\": 317}",
      "invoked_spellbook": null,
      "distribution_mode": null
    }
  },
  {
    "model": "central_nervous_system.HydraSpellbooknode",
    "pk": 97,
    "fields": {
      "environment": null,
      "is_root": false,
      "spellbook": "2a2a2425-08ff-46d2-b652-adb4153554bf",
      "spell": 159,
      "ui_json": "{\"x\": 614, \"y\": 347}",
      "invoked_spellbook": null,
      "distribution_mode": null
    }
  },
  {
    "model": "central_nervous_system.HydraSpellbooknode",
    "pk": 98,
    "fields": {
      "environment": null,
      "is_root": false,
      "spellbook": "2a2a2425-08ff-46d2-b652-adb4153554bf",
      "spell": 158,
      "ui_json": "{\"x\": 859, \"y\": 343}",
      "invoked_spellbook": null,
      "distribution_mode": null
    }
  },
  {
    "model": "central_nervous_system.HydraSpellbooknode",
    "pk": 99,
    "fields": {
      "environment": null,
      "is_root": false,
      "spellbook": "2a2a2425-08ff-46d2-b652-adb4153554bf",
      "spell": 162,
      "ui_json": "{\"x\": 1101, \"y\": 582}",
      "invoked_spellbook": null,
      "distribution_mode": null
    }
  },
  {
    "model": "central_nervous_system.HydraSpellbooknode",
    "pk": 100,
    "fields": {
      "environment": null,
      "is_root": false,
      "spellbook": "2a2a2425-08ff-46d2-b652-adb4153554bf",
      "spell": 164,
      "ui_json": "{\"x\": 1085, \"y\": 768}",
      "invoked_spellbook": null,
      "distribution_mode": null
    }
  },
  {
    "model": "central_nervous_system.HydraSpellbooknode",
    "pk": 101,
    "fields": {
      "environment": null,
      "is_root": false,
      "spellbook": "2a2a2425-08ff-46d2-b652-adb4153554bf",
      "spell": 165,
      "ui_json": "{\"x\": 1643, \"y\": 986}",
      "invoked_spellbook": null,
      "distribution_mode": null
    }
  },
  {
    "model": "central_nervous_system.HydraSpellbooknode",
    "pk": 102,
    "fields": {
      "environment": null,
      "is_root": false,
      "spellbook": "2a2a2425-08ff-46d2-b652-adb4153554bf",
      "spell": 163,
      "ui_json": "{\"x\": 1767, \"y\": 769}",
      "invoked_spellbook": null,
      "distribution_mode": null
    }
  },
  {
    "model": "central_nervous_system.HydraSpellbooknode",
    "pk": 105,
    "fields": {
      "environment": null,
      "is_root": false,
      "spellbook": "2a2a2425-08ff-46d2-b652-adb4153554bf",
      "spell": 161,
      "ui_json": "{\"x\": 2347, \"y\": 933}",
      "invoked_spellbook": null,
      "distribution_mode": null
    }
  },
  {
    "model": "central_nervous_system.HydraSpellbooknode",
    "pk": 106,
    "fields": {
      "environment": null,
      "is_root": false,
      "spellbook": "2a2a2425-08ff-46d2-b652-adb4153554bf",
      "spell": 152,
      "ui_json": "{\"x\": 2059, \"y\": 962}",
      "invoked_spellbook": null,
      "distribution_mode": null
    }
  },
  {
    "model": "central_nervous_system.HydraSpellbooknode",
    "pk": 107,
    "fields": {
      "environment": null,
      "is_root": true,
      "spellbook": "123bc9f0-5c8f-4410-a6e5-a49725fbb375",
      "spell": 1,
      "ui_json": "{\"x\": 100, \"y\": 100}",
      "invoked_spellbook": null,
      "distribution_mode": null
    }
  },
  {
    "model": "central_nervous_system.HydraSpellbooknode",
    "pk": 108,
    "fields": {
      "environment": null,
      "is_root": false,
      "spellbook": "123bc9f0-5c8f-4410-a6e5-a49725fbb375",
      "spell": 166,
      "ui_json": "{\"x\": 808, \"y\": 112}",
      "invoked_spellbook": null,
      "distribution_mode": 2
    }
  },
  {
    "model": "central_nervous_system.HydraSpellbooknode",
    "pk": 109,
    "fields": {
      "environment": null,
      "is_root": false,
      "spellbook": "123bc9f0-5c8f-4410-a6e5-a49725fbb375",
      "spell": 145,
      "ui_json": "{\"x\": 475, \"y\": 109}",
      "invoked_spellbook": null,
      "distribution_mode": null
    }
  },
  {
    "model": "central_nervous_system.HydraSpellbooknode",
    "pk": 113,
    "fields": {
      "environment": null,
      "is_root": false,
      "spellbook": "925c871c-618e-4de8-a9d2-6978aed216e8",
      "spell": 156,
      "ui_json": "{\"x\": 911, \"y\": 114}",
      "invoked_spellbook": null,
      "distribution_mode": 1
    }
  },
  {
    "model": "central_nervous_system.HydraSpellbooknode",
    "pk": 116,
    "fields": {
      "environment": null,
      "is_root": false,
      "spellbook": "5aedec3f-df9d-4149-b62b-6bd17c8ca8a3",
      "spell": 168,
      "ui_json": "{\"x\": 349, \"y\": 404}",
      "invoked_spellbook": null,
      "distribution_mode": null
    }
  },
  {
    "model": "central_nervous_system.HydraSpellbooknode",
    "pk": 117,
    "fields": {
      "environment": null,
      "is_root": true,
      "spellbook": "94a67ded-0d4b-4060-b79a-6f895b2373a3",
      "spell": 1,
      "ui_json": "{\"x\": 100, \"y\": 100}",
      "invoked_spellbook": null,
      "distribution_mode": null
    }
  },
  {
    "model": "central_nervous_system.HydraSpellbooknode",
    "pk": 118,
    "fields": {
      "environment": null,
      "is_root": false,
      "spellbook": "94a67ded-0d4b-4060-b79a-6f895b2373a3",
      "spell": 168,
      "ui_json": "{\"x\": 415, \"y\": 96}",
      "invoked_spellbook": null,
      "distribution_mode": null
    }
  },
  {
    "model": "central_nervous_system.HydraSpellbooknode",
    "pk": 119,
    "fields": {
      "environment": null,
      "is_root": false,
      "spellbook": "4e52e554-f7b3-4adc-96f2-f80da0329774",
      "spell": 1,
      "ui_json": "{\"x\": 392, \"y\": 561}",
      "invoked_spellbook": "925c871c-618e-4de8-a9d2-6978aed216e8",
      "distribution_mode": null
    }
  },
  {
    "model": "central_nervous_system.HydraSpellbooknode",
    "pk": 120,
    "fields": {
      "environment": null,
      "is_root": false,
      "spellbook": "4e52e554-f7b3-4adc-96f2-f80da0329774",
      "spell": 1,
      "ui_json": "{\"x\": 783, \"y\": 324}",
      "invoked_spellbook": "925c871c-618e-4de8-a9d2-6978aed216e8",
      "distribution_mode": null
    }
  },
  {
    "model": "central_nervous_system.HydraSpellbooknode",
    "pk": 121,
    "fields": {
      "environment": null,
      "is_root": false,
      "spellbook": "4e52e554-f7b3-4adc-96f2-f80da0329774",
      "spell": 1,
      "ui_json": "{\"x\": 776, \"y\": 554}",
      "invoked_spellbook": "925c871c-618e-4de8-a9d2-6978aed216e8",
      "distribution_mode": null
    }
  },
  {
    "model": "central_nervous_system.HydraSpellbooknode",
    "pk": 122,
    "fields": {
      "environment": null,
      "is_root": false,
      "spellbook": "925c871c-618e-4de8-a9d2-6978aed216e8",
      "spell": 169,
      "ui_json": "{\"x\": 648, \"y\": 144}",
      "invoked_spellbook": null,
      "distribution_mode": 1
    }
  },
  {
    "model": "central_nervous_system.HydraSpellbooknode",
    "pk": 123,
    "fields": {
      "environment": null,
      "is_root": false,
      "spellbook": "925c871c-618e-4de8-a9d2-6978aed216e8",
      "spell": 166,
      "ui_json": "{\"x\": 356, \"y\": 168}",
      "invoked_spellbook": null,
      "distribution_mode": null
    }
  },
  {
    "model": "central_nervous_system.HydraSpellbooknode",
    "pk": 124,
    "fields": {
      "environment": null,
      "is_root": false,
      "spellbook": "925c871c-618e-4de8-a9d2-6978aed216e8",
      "spell": 170,
      "ui_json": "{\"x\": 1225, \"y\": 131}",
      "invoked_spellbook": null,
      "distribution_mode": null
    }
  },
  {
    "model": "central_nervous_system.HydraSpellbooknode",
    "pk": 125,
    "fields": {
      "environment": null,
      "is_root": false,
      "spellbook": "925c871c-618e-4de8-a9d2-6978aed216e8",
      "spell": 171,
      "ui_json": "{\"x\": 357, \"y\": 274}",
      "invoked_spellbook": null,
      "distribution_mode": null
    }
  },
  {
    "model": "central_nervous_system.HydraSpellbooknode",
    "pk": 127,
    "fields": {
      "environment": null,
      "is_root": false,
      "spellbook": "559cecbd-2128-478a-be50-436ba30b7396",
      "spell": 171,
      "ui_json": "{\"x\": 1458, \"y\": 298}",
      "invoked_spellbook": null,
      "distribution_mode": null
    }
  },
  {
    "model": "central_nervous_system.HydraSpellbooknode",
    "pk": 128,
    "fields": {
      "environment": null,
      "is_root": false,
      "spellbook": "2a2a2425-08ff-46d2-b652-adb4153554bf",
      "spell": 145,
      "ui_json": "{\"x\": 334, \"y\": 92}",
      "invoked_spellbook": null,
      "distribution_mode": null
    }
  },
  {
    "model": "central_nervous_system.HydraSpellbooknodecontext",
    "pk": 5,
    "fields": {
      "node": 122,
      "key": "prompt",
      "value": "Please attempt to count the number of files in this list {{provenance.application_log}}"
    }
  },
  {
    "model": "central_nervous_system.HydraSpellbooknodecontext",
    "pk": 6,
    "fields": {
      "node": 125,
      "key": "prompt",
      "value": "I would like to know what you can learn about yourself and what level you can achieve.... you time out at 10 minutes so be careful of your context window, enjoy the game.... you live at c:/talos/\nEnjoy please."
    }
  },
  {
    "model": "central_nervous_system.HydraSpellbooknodecontext",
    "pk": 7,
    "fields": {
      "node": 127,
      "key": "prompt",
      "value": "use the unreal parsing tool mcp_run_unreal_diagnostic_parser\non the provenance head\n{{head.provenance.id}}\n\nwhich is the output of our Unreal 5.6.1 application.\n\nyou should also inspect the record\n\nmcp_inspect_record hydra HydraHead {{head.provenance.id}}\n\nEach turn enhance the Engrams of known issues, as well as create Engrams for new issues.\nOnce you think you have tagged all issues, use mcp_conclude_session to file a report and end."
    }
  },
  {
    "model": "central_nervous_system.hydrawiretype",
    "pk": 1,
    "fields": {
      "name": "Flow"
    }
  },
  {
    "model": "central_nervous_system.hydrawiretype",
    "pk": 2,
    "fields": {
      "name": "Success"
    }
  },
  {
    "model": "central_nervous_system.hydrawiretype",
    "pk": 3,
    "fields": {
      "name": "Failure"
    }
  },
  {
    "model": "central_nervous_system.HydraSpellbookconnectionwire",
    "pk": 2,
    "fields": {
      "modified": "2026-01-28T23:21:26.029Z",
      "type": 1,
      "spellbook": "b8e9f0a1-2c3d-4e5f-6a7b-8c9d0e1f2b3c",
      "source": 1,
      "target": 4
    }
  },
  {
    "model": "central_nervous_system.HydraSpellbookconnectionwire",
    "pk": 13,
    "fields": {
      "modified": "2026-01-30T15:30:57.936Z",
      "type": 1,
      "spellbook": "a7d8e9f0-1b2c-4d3e-5f6a-7b8c9d0e1f2a",
      "source": 15,
      "target": 16
    }
  },
  {
    "model": "central_nervous_system.HydraSpellbookconnectionwire",
    "pk": 16,
    "fields": {
      "modified": "2026-01-30T16:06:52.977Z",
      "type": 1,
      "spellbook": "0245b699-5b9a-43ec-9391-b788b578d25f",
      "source": 2,
      "target": 23
    }
  },
  {
    "model": "central_nervous_system.HydraSpellbookconnectionwire",
    "pk": 18,
    "fields": {
      "modified": "2026-01-30T16:38:50.108Z",
      "type": 1,
      "spellbook": "22334455-6677-8899-0011-aabbccddeeff",
      "source": 21,
      "target": 22
    }
  },
  {
    "model": "central_nervous_system.HydraSpellbookconnectionwire",
    "pk": 20,
    "fields": {
      "modified": "2026-01-30T16:39:09.204Z",
      "type": 2,
      "spellbook": "22334455-6677-8899-0011-aabbccddeeff",
      "source": 22,
      "target": 24
    }
  },
  {
    "model": "central_nervous_system.HydraSpellbookconnectionwire",
    "pk": 24,
    "fields": {
      "modified": "2026-01-31T14:40:38.352Z",
      "type": 1,
      "spellbook": "52b62ed2-7752-4d16-ba29-4810a54815d0",
      "source": 28,
      "target": 29
    }
  },
  {
    "model": "central_nervous_system.HydraSpellbookconnectionwire",
    "pk": 27,
    "fields": {
      "modified": "2026-01-31T20:26:04.533Z",
      "type": 1,
      "spellbook": "e94a9c50-5baa-4cae-808e-b17367c11fc6",
      "source": 34,
      "target": 35
    }
  },
  {
    "model": "central_nervous_system.HydraSpellbookconnectionwire",
    "pk": 37,
    "fields": {
      "modified": "2026-02-01T18:15:36.464Z",
      "type": 1,
      "spellbook": "9dcbedd4-ff8b-45be-9f9a-1734276f9d1b",
      "source": 48,
      "target": 49
    }
  },
  {
    "model": "central_nervous_system.HydraSpellbookconnectionwire",
    "pk": 38,
    "fields": {
      "modified": "2026-02-01T18:53:40.638Z",
      "type": 1,
      "spellbook": "9dcbedd4-ff8b-45be-9f9a-1734276f9d1b",
      "source": 49,
      "target": 50
    }
  },
  {
    "model": "central_nervous_system.HydraSpellbookconnectionwire",
    "pk": 39,
    "fields": {
      "modified": "2026-02-02T02:17:56.315Z",
      "type": 1,
      "spellbook": "9dcbedd4-ff8b-45be-9f9a-1734276f9d1b",
      "source": 51,
      "target": 49
    }
  },
  {
    "model": "central_nervous_system.HydraSpellbookconnectionwire",
    "pk": 40,
    "fields": {
      "modified": "2026-02-02T02:18:00.651Z",
      "type": 3,
      "spellbook": "9dcbedd4-ff8b-45be-9f9a-1734276f9d1b",
      "source": 49,
      "target": 51
    }
  },
  {
    "model": "central_nervous_system.HydraSpellbookconnectionwire",
    "pk": 41,
    "fields": {
      "modified": "2026-02-02T02:18:56.725Z",
      "type": 3,
      "spellbook": "9dcbedd4-ff8b-45be-9f9a-1734276f9d1b",
      "source": 49,
      "target": 52
    }
  },
  {
    "model": "central_nervous_system.HydraSpellbookconnectionwire",
    "pk": 42,
    "fields": {
      "modified": "2026-02-02T14:16:14.679Z",
      "type": 1,
      "spellbook": "8686149a-8b56-4a47-b5df-7d8cf7635dbc",
      "source": 20,
      "target": 55
    }
  },
  {
    "model": "central_nervous_system.HydraSpellbookconnectionwire",
    "pk": 43,
    "fields": {
      "modified": "2026-02-02T14:16:17.684Z",
      "type": 1,
      "spellbook": "8686149a-8b56-4a47-b5df-7d8cf7635dbc",
      "source": 55,
      "target": 54
    }
  },
  {
    "model": "central_nervous_system.HydraSpellbookconnectionwire",
    "pk": 49,
    "fields": {
      "modified": "2026-02-02T15:58:31.820Z",
      "type": 1,
      "spellbook": "9dcbedd4-ff8b-45be-9f9a-1734276f9d1b",
      "source": 64,
      "target": 65
    }
  },
  {
    "model": "central_nervous_system.HydraSpellbookconnectionwire",
    "pk": 50,
    "fields": {
      "modified": "2026-02-02T15:58:34.533Z",
      "type": 1,
      "spellbook": "9dcbedd4-ff8b-45be-9f9a-1734276f9d1b",
      "source": 37,
      "target": 64
    }
  },
  {
    "model": "central_nervous_system.HydraSpellbookconnectionwire",
    "pk": 51,
    "fields": {
      "modified": "2026-02-02T15:58:38.712Z",
      "type": 1,
      "spellbook": "9dcbedd4-ff8b-45be-9f9a-1734276f9d1b",
      "source": 65,
      "target": 48
    }
  },
  {
    "model": "central_nervous_system.HydraSpellbookconnectionwire",
    "pk": 55,
    "fields": {
      "modified": "2026-02-03T15:50:24.531Z",
      "type": 2,
      "spellbook": "a7d8e9f0-1b2c-4d3e-5f6a-7b8c9d0e1f2a",
      "source": 16,
      "target": 17
    }
  },
  {
    "model": "central_nervous_system.HydraSpellbookconnectionwire",
    "pk": 57,
    "fields": {
      "modified": "2026-02-03T15:54:33.608Z",
      "type": 2,
      "spellbook": "f2a3b4c5-6d7e-8f9a-0b1c-2d3e4f5a6b7c",
      "source": 70,
      "target": 6
    }
  },
  {
    "model": "central_nervous_system.HydraSpellbookconnectionwire",
    "pk": 62,
    "fields": {
      "modified": "2026-02-03T16:02:23.648Z",
      "type": 1,
      "spellbook": "559cecbd-2128-478a-be50-436ba30b7396",
      "source": 7,
      "target": 73
    }
  },
  {
    "model": "central_nervous_system.HydraSpellbookconnectionwire",
    "pk": 63,
    "fields": {
      "modified": "2026-02-03T16:02:26.746Z",
      "type": 2,
      "spellbook": "559cecbd-2128-478a-be50-436ba30b7396",
      "source": 73,
      "target": 27
    }
  },
  {
    "model": "central_nervous_system.HydraSpellbookconnectionwire",
    "pk": 64,
    "fields": {
      "modified": "2026-02-03T16:02:32.752Z",
      "type": 2,
      "spellbook": "559cecbd-2128-478a-be50-436ba30b7396",
      "source": 27,
      "target": 9
    }
  },
  {
    "model": "central_nervous_system.HydraSpellbookconnectionwire",
    "pk": 65,
    "fields": {
      "modified": "2026-02-03T16:03:20.650Z",
      "type": 2,
      "spellbook": "f2a3b4c5-6d7e-8f9a-0b1c-2d3e4f5a6b7c",
      "source": 6,
      "target": 74
    }
  },
  {
    "model": "central_nervous_system.HydraSpellbookconnectionwire",
    "pk": 67,
    "fields": {
      "modified": "2026-02-03T16:24:31.489Z",
      "type": 2,
      "spellbook": "a7d8e9f0-1b2c-4d3e-5f6a-7b8c9d0e1f2a",
      "source": 17,
      "target": 76
    }
  },
  {
    "model": "central_nervous_system.HydraSpellbookconnectionwire",
    "pk": 68,
    "fields": {
      "modified": "2026-02-03T16:24:37.058Z",
      "type": 2,
      "spellbook": "a7d8e9f0-1b2c-4d3e-5f6a-7b8c9d0e1f2a",
      "source": 76,
      "target": 77
    }
  },
  {
    "model": "central_nervous_system.HydraSpellbookconnectionwire",
    "pk": 69,
    "fields": {
      "modified": "2026-02-03T16:25:05.489Z",
      "type": 1,
      "spellbook": "007d8e9f-1b2c-4d3e-5f6a-7b8c9d0e1f2a",
      "source": 18,
      "target": 78
    }
  },
  {
    "model": "central_nervous_system.HydraSpellbookconnectionwire",
    "pk": 70,
    "fields": {
      "modified": "2026-02-03T16:26:11.380Z",
      "type": 2,
      "spellbook": "007d8e9f-1b2c-4d3e-5f6a-7b8c9d0e1f2a",
      "source": 78,
      "target": 79
    }
  },
  {
    "model": "central_nervous_system.HydraSpellbookconnectionwire",
    "pk": 71,
    "fields": {
      "modified": "2026-02-03T16:45:13.985Z",
      "type": 1,
      "spellbook": "f2a3b4c5-6d7e-8f9a-0b1c-2d3e4f5a6b7c",
      "source": 5,
      "target": 82
    }
  },
  {
    "model": "central_nervous_system.HydraSpellbookconnectionwire",
    "pk": 72,
    "fields": {
      "modified": "2026-02-03T16:45:17.281Z",
      "type": 2,
      "spellbook": "f2a3b4c5-6d7e-8f9a-0b1c-2d3e4f5a6b7c",
      "source": 82,
      "target": 70
    }
  },
  {
    "model": "central_nervous_system.HydraSpellbookconnectionwire",
    "pk": 76,
    "fields": {
      "modified": "2026-02-04T16:20:27.635Z",
      "type": 1,
      "spellbook": "4bb635e9-8c6c-41e4-8ca5-70744837b7a2",
      "source": 10,
      "target": 83
    }
  },
  {
    "model": "central_nervous_system.HydraSpellbookconnectionwire",
    "pk": 78,
    "fields": {
      "modified": "2026-02-04T16:20:39.813Z",
      "type": 2,
      "spellbook": "4bb635e9-8c6c-41e4-8ca5-70744837b7a2",
      "source": 83,
      "target": 25
    }
  },
  {
    "model": "central_nervous_system.HydraSpellbookconnectionwire",
    "pk": 79,
    "fields": {
      "modified": "2026-02-04T16:20:42.423Z",
      "type": 2,
      "spellbook": "4bb635e9-8c6c-41e4-8ca5-70744837b7a2",
      "source": 83,
      "target": 11
    }
  },
  {
    "model": "central_nervous_system.HydraSpellbookconnectionwire",
    "pk": 80,
    "fields": {
      "modified": "2026-02-04T16:20:47.805Z",
      "type": 2,
      "spellbook": "4bb635e9-8c6c-41e4-8ca5-70744837b7a2",
      "source": 11,
      "target": 13
    }
  },
  {
    "model": "central_nervous_system.HydraSpellbookconnectionwire",
    "pk": 81,
    "fields": {
      "modified": "2026-02-04T16:20:53.226Z",
      "type": 2,
      "spellbook": "4bb635e9-8c6c-41e4-8ca5-70744837b7a2",
      "source": 13,
      "target": 14
    }
  },
  {
    "model": "central_nervous_system.HydraSpellbookconnectionwire",
    "pk": 86,
    "fields": {
      "modified": "2026-02-04T22:04:45.242Z",
      "type": 1,
      "spellbook": "4e52e554-f7b3-4adc-96f2-f80da0329774",
      "source": 89,
      "target": 90
    }
  },
  {
    "model": "central_nervous_system.HydraSpellbookconnectionwire",
    "pk": 87,
    "fields": {
      "modified": "2026-02-04T22:04:48.170Z",
      "type": 1,
      "spellbook": "4e52e554-f7b3-4adc-96f2-f80da0329774",
      "source": 89,
      "target": 91
    }
  },
  {
    "model": "central_nervous_system.HydraSpellbookconnectionwire",
    "pk": 89,
    "fields": {
      "modified": "2026-02-08T16:51:52.152Z",
      "type": 1,
      "spellbook": "2a2a2425-08ff-46d2-b652-adb4153554bf",
      "source": 60,
      "target": 92
    }
  },
  {
    "model": "central_nervous_system.HydraSpellbookconnectionwire",
    "pk": 94,
    "fields": {
      "modified": "2026-02-08T16:59:06.071Z",
      "type": 1,
      "spellbook": "f0f0f0f0-f0f0-f0f0-f0f0-f0f0f0f0f0f0",
      "source": 56,
      "target": 95
    }
  },
  {
    "model": "central_nervous_system.HydraSpellbookconnectionwire",
    "pk": 103,
    "fields": {
      "modified": "2026-02-08T19:37:00.755Z",
      "type": 2,
      "spellbook": "2a2a2425-08ff-46d2-b652-adb4153554bf",
      "source": 94,
      "target": 99
    }
  },
  {
    "model": "central_nervous_system.HydraSpellbookconnectionwire",
    "pk": 114,
    "fields": {
      "modified": "2026-02-08T20:10:54.643Z",
      "type": 1,
      "spellbook": "f0f0f0f0-f0f0-f0f0-f0f0-f0f0f0f0f0f0",
      "source": 95,
      "target": 58
    }
  },
  {
    "model": "central_nervous_system.HydraSpellbookconnectionwire",
    "pk": 115,
    "fields": {
      "modified": "2026-02-08T20:10:57.977Z",
      "type": 1,
      "spellbook": "f0f0f0f0-f0f0-f0f0-f0f0-f0f0f0f0f0f0",
      "source": 95,
      "target": 63
    }
  },
  {
    "model": "central_nervous_system.HydraSpellbookconnectionwire",
    "pk": 116,
    "fields": {
      "modified": "2026-02-08T20:22:51.649Z",
      "type": 1,
      "spellbook": "2a2a2425-08ff-46d2-b652-adb4153554bf",
      "source": 92,
      "target": 96
    }
  },
  {
    "model": "central_nervous_system.HydraSpellbookconnectionwire",
    "pk": 117,
    "fields": {
      "modified": "2026-02-08T20:22:54.581Z",
      "type": 1,
      "spellbook": "2a2a2425-08ff-46d2-b652-adb4153554bf",
      "source": 96,
      "target": 93
    }
  },
  {
    "model": "central_nervous_system.HydraSpellbookconnectionwire",
    "pk": 118,
    "fields": {
      "modified": "2026-02-08T20:22:56.485Z",
      "type": 1,
      "spellbook": "2a2a2425-08ff-46d2-b652-adb4153554bf",
      "source": 93,
      "target": 97
    }
  },
  {
    "model": "central_nervous_system.HydraSpellbookconnectionwire",
    "pk": 119,
    "fields": {
      "modified": "2026-02-08T20:22:58.396Z",
      "type": 1,
      "spellbook": "2a2a2425-08ff-46d2-b652-adb4153554bf",
      "source": 97,
      "target": 98
    }
  },
  {
    "model": "central_nervous_system.HydraSpellbookconnectionwire",
    "pk": 120,
    "fields": {
      "modified": "2026-02-08T20:23:00.837Z",
      "type": 1,
      "spellbook": "2a2a2425-08ff-46d2-b652-adb4153554bf",
      "source": 98,
      "target": 94
    }
  },
  {
    "model": "central_nervous_system.HydraSpellbookconnectionwire",
    "pk": 121,
    "fields": {
      "modified": "2026-02-08T20:23:33.968Z",
      "type": 1,
      "spellbook": "2a2a2425-08ff-46d2-b652-adb4153554bf",
      "source": 99,
      "target": 100
    }
  },
  {
    "model": "central_nervous_system.HydraSpellbookconnectionwire",
    "pk": 122,
    "fields": {
      "modified": "2026-02-08T20:23:39.902Z",
      "type": 1,
      "spellbook": "2a2a2425-08ff-46d2-b652-adb4153554bf",
      "source": 100,
      "target": 61
    }
  },
  {
    "model": "central_nervous_system.HydraSpellbookconnectionwire",
    "pk": 123,
    "fields": {
      "modified": "2026-02-08T20:23:51.248Z",
      "type": 1,
      "spellbook": "2a2a2425-08ff-46d2-b652-adb4153554bf",
      "source": 61,
      "target": 102
    }
  },
  {
    "model": "central_nervous_system.HydraSpellbookconnectionwire",
    "pk": 124,
    "fields": {
      "modified": "2026-02-08T20:23:55.848Z",
      "type": 1,
      "spellbook": "2a2a2425-08ff-46d2-b652-adb4153554bf",
      "source": 102,
      "target": 101
    }
  },
  {
    "model": "central_nervous_system.HydraSpellbookconnectionwire",
    "pk": 125,
    "fields": {
      "modified": "2026-02-08T20:32:22.140Z",
      "type": 1,
      "spellbook": "2a2a2425-08ff-46d2-b652-adb4153554bf",
      "source": 101,
      "target": 106
    }
  },
  {
    "model": "central_nervous_system.HydraSpellbookconnectionwire",
    "pk": 126,
    "fields": {
      "modified": "2026-02-08T20:32:41.980Z",
      "type": 1,
      "spellbook": "2a2a2425-08ff-46d2-b652-adb4153554bf",
      "source": 106,
      "target": 105
    }
  },
  {
    "model": "central_nervous_system.HydraSpellbookconnectionwire",
    "pk": 128,
    "fields": {
      "modified": "2026-02-10T18:47:03.088Z",
      "type": 1,
      "spellbook": "123bc9f0-5c8f-4410-a6e5-a49725fbb375",
      "source": 107,
      "target": 109
    }
  },
  {
    "model": "central_nervous_system.HydraSpellbookconnectionwire",
    "pk": 129,
    "fields": {
      "modified": "2026-02-10T18:47:06.150Z",
      "type": 1,
      "spellbook": "123bc9f0-5c8f-4410-a6e5-a49725fbb375",
      "source": 109,
      "target": 108
    }
  },
  {
    "model": "central_nervous_system.HydraSpellbookconnectionwire",
    "pk": 137,
    "fields": {
      "modified": "2026-02-12T22:39:06.961Z",
      "type": 1,
      "spellbook": "5aedec3f-df9d-4149-b62b-6bd17c8ca8a3",
      "source": 33,
      "target": 32
    }
  },
  {
    "model": "central_nervous_system.HydraSpellbookconnectionwire",
    "pk": 138,
    "fields": {
      "modified": "2026-02-12T22:40:25.021Z",
      "type": 1,
      "spellbook": "94a67ded-0d4b-4060-b79a-6f895b2373a3",
      "source": 117,
      "target": 118
    }
  },
  {
    "model": "central_nervous_system.HydraSpellbookconnectionwire",
    "pk": 139,
    "fields": {
      "modified": "2026-02-14T13:36:05.076Z",
      "type": 1,
      "spellbook": "4e52e554-f7b3-4adc-96f2-f80da0329774",
      "source": 89,
      "target": 119
    }
  },
  {
    "model": "central_nervous_system.HydraSpellbookconnectionwire",
    "pk": 140,
    "fields": {
      "modified": "2026-02-14T13:43:26.881Z",
      "type": 1,
      "spellbook": "4e52e554-f7b3-4adc-96f2-f80da0329774",
      "source": 91,
      "target": 120
    }
  },
  {
    "model": "central_nervous_system.HydraSpellbookconnectionwire",
    "pk": 141,
    "fields": {
      "modified": "2026-02-14T13:43:33.234Z",
      "type": 1,
      "spellbook": "4e52e554-f7b3-4adc-96f2-f80da0329774",
      "source": 91,
      "target": 121
    }
  },
  {
    "model": "central_nervous_system.HydraSpellbookconnectionwire",
    "pk": 143,
    "fields": {
      "modified": "2026-02-16T18:52:31.213Z",
      "type": 1,
      "spellbook": "925c871c-618e-4de8-a9d2-6978aed216e8",
      "source": 122,
      "target": 113
    }
  },
  {
    "model": "central_nervous_system.HydraSpellbookconnectionwire",
    "pk": 144,
    "fields": {
      "modified": "2026-02-16T20:37:41.377Z",
      "type": 1,
      "spellbook": "925c871c-618e-4de8-a9d2-6978aed216e8",
      "source": 84,
      "target": 123
    }
  },
  {
    "model": "central_nervous_system.HydraSpellbookconnectionwire",
    "pk": 145,
    "fields": {
      "modified": "2026-02-16T20:38:13.963Z",
      "type": 1,
      "spellbook": "925c871c-618e-4de8-a9d2-6978aed216e8",
      "source": 123,
      "target": 122
    }
  },
  {
    "model": "central_nervous_system.HydraSpellbookconnectionwire",
    "pk": 146,
    "fields": {
      "modified": "2026-02-16T21:54:32.244Z",
      "type": 1,
      "spellbook": "925c871c-618e-4de8-a9d2-6978aed216e8",
      "source": 113,
      "target": 124
    }
  },
  {
    "model": "central_nervous_system.HydraSpellbookconnectionwire",
    "pk": 152,
    "fields": {
      "modified": "2026-02-18T15:16:41.739Z",
      "type": 1,
      "spellbook": "559cecbd-2128-478a-be50-436ba30b7396",
      "source": 9,
      "target": 127
    }
  },
  {
    "model": "central_nervous_system.HydraSpellbookconnectionwire",
    "pk": 153,
    "fields": {
      "modified": "2026-02-19T15:45:50.142Z",
      "type": 1,
      "spellbook": "2a2a2425-08ff-46d2-b652-adb4153554bf",
      "source": 60,
      "target": 128
    }
  },
  {
    "model": "central_nervous_system.HydraSpellbookconnectionwire",
    "pk": 154,
    "fields": {
      "modified": "2026-02-19T15:45:57.373Z",
      "type": 1,
      "spellbook": "2a2a2425-08ff-46d2-b652-adb4153554bf",
      "source": 128,
      "target": 92
    }
  },
  {
    "model": "central_nervous_system.HydraSpellbookconnectionwire",
    "pk": 155,
    "fields": {
      "modified": "2026-02-19T15:46:52.464Z",
      "type": 1,
      "spellbook": "4bb635e9-8c6c-41e4-8ca5-70744837b7a2",
      "source": 10,
      "target": 11
    }
  },
  {
    "model": "central_nervous_system.HydraSpellbookconnectionwire",
    "pk": 159,
    "fields": {
      "modified": "2026-02-24T05:00:17.385Z",
      "type": 1,
      "spellbook": "925c871c-618e-4de8-a9d2-6978aed216e8",
      "source": 84,
      "target": 125
    }
  }
]
