[
{
  "model": "hypothalamus.llmprovider",
  "pk": 64,
  "fields": {
    "created": "2026-03-23T17:34:10.978Z",
    "description": "",
    "modified": "2026-03-25T00:20:23.879Z",
    "name": "Ollama",
    "key": "ollama",
    "base_url": "http://localhost:11434",
    "chat_path": "/v1/chat/completions",
    "requires_api_key": false,
    "api_key_header": "Authorization",
    "api_key_env_var": "HOME"
  }
},
{
  "model": "hypothalamus.aimodelcapabilities",
  "pk": 1,
  "fields": {
    "description": null,
    "name": "system_messages"
  }
},
{
  "model": "hypothalamus.aimodelcapabilities",
  "pk": 2,
  "fields": {
    "description": null,
    "name": "function_calling"
  }
},
{
  "model": "hypothalamus.aimodelcapabilities",
  "pk": 3,
  "fields": {
    "description": null,
    "name": "pdf_input"
  }
},
{
  "model": "hypothalamus.aimodelcapabilities",
  "pk": 4,
  "fields": {
    "description": null,
    "name": "prompt_caching"
  }
},
{
  "model": "hypothalamus.aimodelcapabilities",
  "pk": 5,
  "fields": {
    "description": null,
    "name": "response_schema"
  }
},
{
  "model": "hypothalamus.aimodelcapabilities",
  "pk": 6,
  "fields": {
    "description": null,
    "name": "vision"
  }
},
{
  "model": "hypothalamus.aimodelcapabilities",
  "pk": 7,
  "fields": {
    "description": null,
    "name": "reasoning"
  }
},
{
  "model": "hypothalamus.aimodelcapabilities",
  "pk": 8,
  "fields": {
    "description": null,
    "name": "video_input"
  }
},
{
  "model": "hypothalamus.aimodelcapabilities",
  "pk": 9,
  "fields": {
    "description": null,
    "name": "embedding_image_input"
  }
},
{
  "model": "hypothalamus.aimodelcapabilities",
  "pk": 10,
  "fields": {
    "description": null,
    "name": "image_input"
  }
},
{
  "model": "hypothalamus.aimodelcapabilities",
  "pk": 11,
  "fields": {
    "description": null,
    "name": "audio_input"
  }
},
{
  "model": "hypothalamus.aimodelcapabilities",
  "pk": 12,
  "fields": {
    "description": null,
    "name": "assistant_prefill"
  }
},
{
  "model": "hypothalamus.aimodelcapabilities",
  "pk": 13,
  "fields": {
    "description": null,
    "name": "tool_choice"
  }
},
{
  "model": "hypothalamus.aimodelcapabilities",
  "pk": 14,
  "fields": {
    "description": null,
    "name": "computer_use"
  }
},
{
  "model": "hypothalamus.aimodelcapabilities",
  "pk": 15,
  "fields": {
    "description": null,
    "name": "native_streaming"
  }
},
{
  "model": "hypothalamus.aimodelcapabilities",
  "pk": 16,
  "fields": {
    "description": null,
    "name": "parallel_function_calling"
  }
},
{
  "model": "hypothalamus.aimodelcapabilities",
  "pk": 17,
  "fields": {
    "description": null,
    "name": "audio_output"
  }
},
{
  "model": "hypothalamus.aimodelcapabilities",
  "pk": 18,
  "fields": {
    "description": null,
    "name": "none_reasoning_effort"
  }
},
{
  "model": "hypothalamus.aimodelcapabilities",
  "pk": 19,
  "fields": {
    "description": null,
    "name": "service_tier"
  }
},
{
  "model": "hypothalamus.aimodelcapabilities",
  "pk": 20,
  "fields": {
    "description": null,
    "name": "minimal_reasoning_effort"
  }
},
{
  "model": "hypothalamus.aimodelcapabilities",
  "pk": 21,
  "fields": {
    "description": null,
    "name": "web_search"
  }
},
{
  "model": "hypothalamus.aimodelcapabilities",
  "pk": 22,
  "fields": {
    "description": null,
    "name": "url_context"
  }
},
{
  "model": "hypothalamus.aimodelcapabilities",
  "pk": 23,
  "fields": {
    "description": null,
    "name": "code_execution"
  }
},
{
  "model": "hypothalamus.aimodelcapabilities",
  "pk": 24,
  "fields": {
    "description": null,
    "name": "file_search"
  }
},
{
  "model": "hypothalamus.aimodelcapabilities",
  "pk": 25,
  "fields": {
    "description": null,
    "name": "multimodal"
  }
},
{
  "model": "hypothalamus.aimodelcapabilities",
  "pk": 26,
  "fields": {
    "description": null,
    "name": "xhigh_reasoning_effort"
  }
},
{
  "model": "hypothalamus.aimodelcapabilities",
  "pk": 27,
  "fields": {
    "description": null,
    "name": "preset"
  }
},
{
  "model": "hypothalamus.aimode",
  "pk": 1,
  "fields": {
    "description": null,
    "name": "image_generation"
  }
},
{
  "model": "hypothalamus.aimode",
  "pk": 2,
  "fields": {
    "description": null,
    "name": "chat"
  }
},
{
  "model": "hypothalamus.aimode",
  "pk": 3,
  "fields": {
    "description": null,
    "name": "embedding"
  }
},
{
  "model": "hypothalamus.aimode",
  "pk": 4,
  "fields": {
    "description": null,
    "name": "rerank"
  }
},
{
  "model": "hypothalamus.aimode",
  "pk": 5,
  "fields": {
    "description": null,
    "name": "audio_transcription"
  }
},
{
  "model": "hypothalamus.aimode",
  "pk": 6,
  "fields": {
    "description": null,
    "name": "responses"
  }
},
{
  "model": "hypothalamus.aimode",
  "pk": 7,
  "fields": {
    "description": null,
    "name": "completion"
  }
},
{
  "model": "hypothalamus.aimode",
  "pk": 8,
  "fields": {
    "description": null,
    "name": "audio_speech"
  }
},
{
  "model": "hypothalamus.aimode",
  "pk": 9,
  "fields": {
    "description": null,
    "name": "ocr"
  }
},
{
  "model": "hypothalamus.aimode",
  "pk": 10,
  "fields": {
    "description": null,
    "name": "image_edit"
  }
},
{
  "model": "hypothalamus.aimode",
  "pk": 11,
  "fields": {
    "description": null,
    "name": "search"
  }
},
{
  "model": "hypothalamus.aimode",
  "pk": 12,
  "fields": {
    "description": null,
    "name": "realtime"
  }
},
{
  "model": "hypothalamus.aimode",
  "pk": 13,
  "fields": {
    "description": null,
    "name": "video_generation"
  }
},
{
  "model": "hypothalamus.aimode",
  "pk": 14,
  "fields": {
    "description": null,
    "name": "moderation"
  }
},
{
  "model": "hypothalamus.aimode",
  "pk": 15,
  "fields": {
    "description": null,
    "name": "vector_store"
  }
},
{
  "model": "hypothalamus.aimodelcreator",
  "pk": 1,
  "fields": {
    "description": "Meta AI (formerly Facebook)",
    "name": "Meta"
  }
},
{
  "model": "hypothalamus.aimodelcreator",
  "pk": 2,
  "fields": {
    "description": "Alibaba Cloud",
    "name": "Alibaba"
  }
},
{
  "model": "hypothalamus.aimodelcreator",
  "pk": 3,
  "fields": {
    "description": "Mistral AI",
    "name": "Mistral AI"
  }
},
{
  "model": "hypothalamus.aimodelcreator",
  "pk": 4,
  "fields": {
    "description": "OpenAI",
    "name": "OpenAI"
  }
},
{
  "model": "hypothalamus.aimodelcreator",
  "pk": 5,
  "fields": {
    "description": "Google DeepMind",
    "name": "Google"
  }
},
{
  "model": "hypothalamus.aimodelcreator",
  "pk": 6,
  "fields": {
    "description": "Anthropic",
    "name": "Anthropic"
  }
},
{
  "model": "hypothalamus.aimodelcreator",
  "pk": 7,
  "fields": {
    "description": "DeepSeek AI",
    "name": "DeepSeek"
  }
},
{
  "model": "hypothalamus.aimodelcreator",
  "pk": 8,
  "fields": {
    "description": "Microsoft Research",
    "name": "Microsoft"
  }
},
{
  "model": "hypothalamus.aimodelcreator",
  "pk": 9,
  "fields": {
    "description": "xAI",
    "name": "xAI"
  }
},
{
  "model": "hypothalamus.aimodelcreator",
  "pk": 10,
  "fields": {
    "description": "Creators of the FLUX image generation models.",
    "name": "Black Forest Labs"
  }
},
{
  "model": "hypothalamus.aimodelcreator",
  "pk": 11,
  "fields": {
    "description": "Commercial visual generative AI platform.",
    "name": "Bria AI"
  }
},
{
  "model": "hypothalamus.aimodelrole",
  "pk": 1,
  "fields": {
    "description": "Instruction-tuned for dialogue and tasks.",
    "name": "Instruct"
  }
},
{
  "model": "hypothalamus.aimodelrole",
  "pk": 2,
  "fields": {
    "description": "Optimized for conversational back-and-forth.",
    "name": "Chat"
  }
},
{
  "model": "hypothalamus.aimodelrole",
  "pk": 3,
  "fields": {
    "description": "Fine-tuned specifically on programming languages.",
    "name": "Coder"
  }
},
{
  "model": "hypothalamus.aimodelrole",
  "pk": 4,
  "fields": {
    "description": "Uses chain-of-thought or thinking tokens before replying.",
    "name": "Reasoning"
  }
},
{
  "model": "hypothalamus.aimodelrole",
  "pk": 5,
  "fields": {
    "description": "Converts text into mathematical vectors.",
    "name": "Embedding"
  }
},
{
  "model": "hypothalamus.aimodelrole",
  "pk": 6,
  "fields": {
    "description": "Handles vision, audio, or video inputs alongside text.",
    "name": "Multimodal"
  }
},
{
  "model": "hypothalamus.aimodelrole",
  "pk": 7,
  "fields": {
    "description": "Alignment and safety guardrails removed.",
    "name": "Uncensored"
  }
},
{
  "model": "hypothalamus.aimodelquantization",
  "pk": 1,
  "fields": {
    "description": "16-bit floating point (standard unquantized).",
    "name": "fp16"
  }
},
{
  "model": "hypothalamus.aimodelquantization",
  "pk": 2,
  "fields": {
    "description": "8-bit floating point.",
    "name": "fp8"
  }
},
{
  "model": "hypothalamus.aimodelquantization",
  "pk": 3,
  "fields": {
    "description": "Activation-aware Weight Quantization.",
    "name": "awq"
  }
},
{
  "model": "hypothalamus.aimodelquantization",
  "pk": 4,
  "fields": {
    "description": "Accurate Post-Training Quantization.",
    "name": "gptq"
  }
},
{
  "model": "hypothalamus.aimodelquantization",
  "pk": 5,
  "fields": {
    "description": "Standard format for local CPU/GPU inference via llama.cpp.",
    "name": "gguf"
  }
},
{
  "model": "hypothalamus.aimodel",
  "pk": "02f2e3bd-cc54-445f-a445-28b6cc83f229",
  "fields": {
    "description": null,
    "name": "deepseek-coder-v2-lite-instruct",
    "creator": null,
    "parameter_size": null,
    "family": null,
    "version": null,
    "context_length": 32768,
    "enabled": true,
    "deprecation_date": null,
    "roles": [
      1,
      3
    ],
    "quantizations": [],
    "capabilities": [
      2
    ]
  }
},
{
  "model": "hypothalamus.aimodel",
  "pk": "0487416c-be26-4d3d-bb2d-7089931e446a",
  "fields": {
    "description": null,
    "name": "llama3.2:3b",
    "creator": null,
    "parameter_size": 3.0,
    "family": null,
    "version": null,
    "context_length": 8192,
    "enabled": true,
    "deprecation_date": null,
    "roles": [],
    "quantizations": [],
    "capabilities": [
      2
    ]
  }
},
{
  "model": "hypothalamus.aimodel",
  "pk": "09ff5eba-ef06-4cdc-af19-d85086ec30e9",
  "fields": {
    "description": null,
    "name": "llama3:8b",
    "creator": null,
    "parameter_size": 8.0,
    "family": null,
    "version": null,
    "context_length": 8192,
    "enabled": true,
    "deprecation_date": null,
    "roles": [],
    "quantizations": [],
    "capabilities": [
      2
    ]
  }
},
{
  "model": "hypothalamus.aimodel",
  "pk": "0f48bb43-baea-413b-936e-a0d3a32af264",
  "fields": {
    "description": null,
    "name": "llama3.1",
    "creator": null,
    "parameter_size": null,
    "family": null,
    "version": null,
    "context_length": 8192,
    "enabled": true,
    "deprecation_date": null,
    "roles": [],
    "quantizations": [],
    "capabilities": [
      2
    ]
  }
},
{
  "model": "hypothalamus.aimodel",
  "pk": "13bf70ea-7cb2-4ae4-b0f6-a89c65ecedd9",
  "fields": {
    "description": null,
    "name": "mixtral-8x7B-Instruct-v0.1",
    "creator": null,
    "parameter_size": 56.0,
    "family": null,
    "version": null,
    "context_length": 32768,
    "enabled": true,
    "deprecation_date": null,
    "roles": [
      1
    ],
    "quantizations": [],
    "capabilities": [
      2
    ]
  }
},
{
  "model": "hypothalamus.aimodel",
  "pk": "1b70e233-b035-4d38-8324-f9923b9db1a3",
  "fields": {
    "description": null,
    "name": "deepseek-coder-v2-base",
    "creator": null,
    "parameter_size": null,
    "family": null,
    "version": null,
    "context_length": 8192,
    "enabled": true,
    "deprecation_date": null,
    "roles": [
      3
    ],
    "quantizations": [],
    "capabilities": [
      2
    ]
  }
},
{
  "model": "hypothalamus.aimodel",
  "pk": "1ececdc6-8175-4e03-9d45-b83b038f8b26",
  "fields": {
    "description": null,
    "name": "qwen3-coder:480b-cloud",
    "creator": null,
    "parameter_size": 480.0,
    "family": null,
    "version": null,
    "context_length": 262144,
    "enabled": true,
    "deprecation_date": null,
    "roles": [],
    "quantizations": [],
    "capabilities": [
      2
    ]
  }
},
{
  "model": "hypothalamus.aimodel",
  "pk": "254fbd93-1f96-4109-b8f8-976cc8dc4084",
  "fields": {
    "description": null,
    "name": "gemma3:27b",
    "creator": null,
    "parameter_size": 27.0,
    "family": null,
    "version": null,
    "context_length": 8192,
    "enabled": true,
    "deprecation_date": null,
    "roles": [],
    "quantizations": [],
    "capabilities": [
      2
    ]
  }
},
{
  "model": "hypothalamus.aimodel",
  "pk": "26d5bbce-2a22-4772-bd06-2f8f8e83854e",
  "fields": {
    "description": null,
    "name": "deepseek-coder-v2-instruct",
    "creator": null,
    "parameter_size": null,
    "family": null,
    "version": null,
    "context_length": 65536,
    "enabled": true,
    "deprecation_date": null,
    "roles": [
      1,
      3
    ],
    "quantizations": [],
    "capabilities": [
      2,
      5
    ]
  }
},
{
  "model": "hypothalamus.aimodel",
  "pk": "26d66b73-3a23-42c0-9c05-f23dedbfb51b",
  "fields": {
    "description": null,
    "name": "llama3:70b",
    "creator": null,
    "parameter_size": 70.0,
    "family": null,
    "version": null,
    "context_length": 8192,
    "enabled": true,
    "deprecation_date": null,
    "roles": [],
    "quantizations": [],
    "capabilities": [
      2
    ]
  }
},
{
  "model": "hypothalamus.aimodel",
  "pk": "34bd4dec-66a0-47e4-8650-ba73ca62b28b",
  "fields": {
    "description": "EMBED ONLY",
    "name": "nomic-embed-text:latest",
    "creator": null,
    "parameter_size": null,
    "family": null,
    "version": null,
    "context_length": 8192,
    "enabled": true,
    "deprecation_date": null,
    "roles": [],
    "quantizations": [],
    "capabilities": []
  }
},
{
  "model": "hypothalamus.aimodel",
  "pk": "3527611d-caa5-4cc2-a6c6-f4d18238a9c4",
  "fields": {
    "description": null,
    "name": "mistral-large-instruct-2407",
    "creator": null,
    "parameter_size": null,
    "family": null,
    "version": null,
    "context_length": 65536,
    "enabled": true,
    "deprecation_date": null,
    "roles": [
      1
    ],
    "quantizations": [],
    "capabilities": [
      2
    ]
  }
},
{
  "model": "hypothalamus.aimodel",
  "pk": "38ab218b-fab1-455b-8824-ad6342d3a33d",
  "fields": {
    "description": null,
    "name": "llama2",
    "creator": null,
    "parameter_size": null,
    "family": null,
    "version": null,
    "context_length": 4096,
    "enabled": true,
    "deprecation_date": null,
    "roles": [],
    "quantizations": [],
    "capabilities": [
      2
    ]
  }
},
{
  "model": "hypothalamus.aimodel",
  "pk": "3e8d13ef-9007-4a66-9c61-58bf918e5f7f",
  "fields": {
    "description": null,
    "name": "glm-4.7-flash:latest",
    "creator": null,
    "parameter_size": null,
    "family": null,
    "version": null,
    "context_length": 8192,
    "enabled": true,
    "deprecation_date": null,
    "roles": [],
    "quantizations": [],
    "capabilities": [
      2
    ]
  }
},
{
  "model": "hypothalamus.aimodel",
  "pk": "56c22e36-c520-4bba-b7a8-99c77bc99cf6",
  "fields": {
    "description": null,
    "name": "mixtral-8x22B-Instruct-v0.1",
    "creator": null,
    "parameter_size": 176.0,
    "family": null,
    "version": null,
    "context_length": 65536,
    "enabled": true,
    "deprecation_date": null,
    "roles": [
      1
    ],
    "quantizations": [],
    "capabilities": [
      2
    ]
  }
},
{
  "model": "hypothalamus.aimodel",
  "pk": "5fa7542c-54de-4e45-a980-03d55386278c",
  "fields": {
    "description": null,
    "name": "mistral",
    "creator": null,
    "parameter_size": null,
    "family": null,
    "version": null,
    "context_length": 8192,
    "enabled": true,
    "deprecation_date": null,
    "roles": [],
    "quantizations": [],
    "capabilities": [
      2
    ]
  }
},
{
  "model": "hypothalamus.aimodel",
  "pk": "6e5ef533-a7d1-4950-8d7a-f267f3701897",
  "fields": {
    "description": null,
    "name": "gpt-oss:latest",
    "creator": null,
    "parameter_size": null,
    "family": null,
    "version": null,
    "context_length": 8192,
    "enabled": true,
    "deprecation_date": null,
    "roles": [],
    "quantizations": [],
    "capabilities": [
      2
    ]
  }
},
{
  "model": "hypothalamus.aimodel",
  "pk": "71f17abf-3a0e-4228-b849-4c317f447049",
  "fields": {
    "description": null,
    "name": "gpt-oss:20b-cloud",
    "creator": null,
    "parameter_size": 20.0,
    "family": null,
    "version": null,
    "context_length": 131072,
    "enabled": true,
    "deprecation_date": null,
    "roles": [],
    "quantizations": [],
    "capabilities": [
      2
    ]
  }
},
{
  "model": "hypothalamus.aimodel",
  "pk": "7458f485-f17c-4f7c-b2d0-717aa7cf7ee8",
  "fields": {
    "description": null,
    "name": "mistral-7B-Instruct-v0.2",
    "creator": null,
    "parameter_size": 7.0,
    "family": null,
    "version": null,
    "context_length": 32768,
    "enabled": true,
    "deprecation_date": null,
    "roles": [
      1
    ],
    "quantizations": [],
    "capabilities": [
      2
    ]
  }
},
{
  "model": "hypothalamus.aimodel",
  "pk": "7f91aa78-4199-448e-8dc6-9520f28354d4",
  "fields": {
    "description": null,
    "name": "llama2-uncensored",
    "creator": null,
    "parameter_size": null,
    "family": null,
    "version": null,
    "context_length": 4096,
    "enabled": true,
    "deprecation_date": null,
    "roles": [
      7
    ],
    "quantizations": [],
    "capabilities": [
      2
    ]
  }
},
{
  "model": "hypothalamus.aimodel",
  "pk": "8220d81c-4982-4ec0-881a-cd5636bff443",
  "fields": {
    "description": null,
    "name": "qwen3:latest",
    "creator": null,
    "parameter_size": null,
    "family": null,
    "version": null,
    "context_length": 8192,
    "enabled": true,
    "deprecation_date": null,
    "roles": [],
    "quantizations": [],
    "capabilities": [
      2
    ]
  }
},
{
  "model": "hypothalamus.aimodel",
  "pk": "8e75e6c2-0dc3-4bf7-8455-6b21c77c79bc",
  "fields": {
    "description": null,
    "name": "gpt-oss:120b-cloud",
    "creator": null,
    "parameter_size": 120.0,
    "family": null,
    "version": null,
    "context_length": 131072,
    "enabled": true,
    "deprecation_date": null,
    "roles": [],
    "quantizations": [],
    "capabilities": [
      2
    ]
  }
},
{
  "model": "hypothalamus.aimodel",
  "pk": "925b3bc7-b81f-485e-acaf-06543c365036",
  "fields": {
    "description": null,
    "name": "llama3",
    "creator": null,
    "parameter_size": null,
    "family": null,
    "version": null,
    "context_length": 8192,
    "enabled": true,
    "deprecation_date": null,
    "roles": [],
    "quantizations": [],
    "capabilities": [
      2
    ]
  }
},
{
  "model": "hypothalamus.aimodel",
  "pk": "b04179e4-74d3-4951-99ad-5887107e52de",
  "fields": {
    "description": null,
    "name": "orca-mini",
    "creator": null,
    "parameter_size": null,
    "family": null,
    "version": null,
    "context_length": 4096,
    "enabled": true,
    "deprecation_date": null,
    "roles": [],
    "quantizations": [],
    "capabilities": [
      2
    ]
  }
},
{
  "model": "hypothalamus.aimodel",
  "pk": "b1cd7627-2bbc-42bc-8723-f1ce435a7c39",
  "fields": {
    "description": null,
    "name": "llama2:13b",
    "creator": null,
    "parameter_size": 13.0,
    "family": null,
    "version": null,
    "context_length": 4096,
    "enabled": true,
    "deprecation_date": null,
    "roles": [],
    "quantizations": [],
    "capabilities": [
      2
    ]
  }
},
{
  "model": "hypothalamus.aimodel",
  "pk": "b27f949b-5ed7-4b5e-8c9b-0b852c464adf",
  "fields": {
    "description": null,
    "name": "codegemma",
    "creator": null,
    "parameter_size": null,
    "family": null,
    "version": null,
    "context_length": 8192,
    "enabled": true,
    "deprecation_date": null,
    "roles": [],
    "quantizations": [],
    "capabilities": [
      2
    ]
  }
},
{
  "model": "hypothalamus.aimodel",
  "pk": "b6d062ba-5963-45ad-8c76-60e5090467d5",
  "fields": {
    "description": null,
    "name": "codellama",
    "creator": null,
    "parameter_size": null,
    "family": null,
    "version": null,
    "context_length": 4096,
    "enabled": true,
    "deprecation_date": null,
    "roles": [],
    "quantizations": [],
    "capabilities": [
      2
    ]
  }
},
{
  "model": "hypothalamus.aimodel",
  "pk": "c31a0052-8ad2-481c-b6ac-4ba2a8c9396f",
  "fields": {
    "description": null,
    "name": "codegeex4",
    "creator": null,
    "parameter_size": null,
    "family": null,
    "version": null,
    "context_length": 32768,
    "enabled": true,
    "deprecation_date": null,
    "roles": [],
    "quantizations": [],
    "capabilities": [
      2
    ]
  }
},
{
  "model": "hypothalamus.aimodel",
  "pk": "c3e2b333-67af-4c11-b979-5c8e0d1b2778",
  "fields": {
    "description": null,
    "name": "mistral-7B-Instruct-v0.1",
    "creator": null,
    "parameter_size": 7.0,
    "family": null,
    "version": null,
    "context_length": 8192,
    "enabled": true,
    "deprecation_date": null,
    "roles": [
      1
    ],
    "quantizations": [],
    "capabilities": [
      2
    ]
  }
},
{
  "model": "hypothalamus.aimodel",
  "pk": "d1edaba2-27ef-4940-a5a3-36cce943ccc6",
  "fields": {
    "description": null,
    "name": "deepseek-coder-v2-lite-base",
    "creator": null,
    "parameter_size": null,
    "family": null,
    "version": null,
    "context_length": 8192,
    "enabled": true,
    "deprecation_date": null,
    "roles": [
      3
    ],
    "quantizations": [],
    "capabilities": [
      2
    ]
  }
},
{
  "model": "hypothalamus.aimodel",
  "pk": "ddd1d728-248a-4390-a107-d9155dfd7b1f",
  "fields": {
    "description": null,
    "name": "internlm2_5-20b-chat",
    "creator": null,
    "parameter_size": 20.0,
    "family": null,
    "version": null,
    "context_length": 32768,
    "enabled": true,
    "deprecation_date": null,
    "roles": [
      2
    ],
    "quantizations": [],
    "capabilities": [
      2
    ]
  }
},
{
  "model": "hypothalamus.aimodel",
  "pk": "e88c22a0-46bf-4910-b995-9362e1fd985a",
  "fields": {
    "description": null,
    "name": "deepseek-v3.1:671b-cloud",
    "creator": null,
    "parameter_size": 671.0,
    "family": null,
    "version": null,
    "context_length": 163840,
    "enabled": true,
    "deprecation_date": null,
    "roles": [],
    "quantizations": [],
    "capabilities": [
      2
    ]
  }
},
{
  "model": "hypothalamus.aimodel",
  "pk": "e9ccd63e-e23e-4e88-83f6-e402cf5b7349",
  "fields": {
    "description": null,
    "name": "llama2:7b",
    "creator": null,
    "parameter_size": 7.0,
    "family": null,
    "version": null,
    "context_length": 4096,
    "enabled": true,
    "deprecation_date": null,
    "roles": [],
    "quantizations": [],
    "capabilities": [
      2
    ]
  }
},
{
  "model": "hypothalamus.aimodel",
  "pk": "f41a12f9-3103-4ec1-b807-dd6c526f016d",
  "fields": {
    "description": null,
    "name": "qwen3-coder:30b",
    "creator": null,
    "parameter_size": 30.0,
    "family": null,
    "version": null,
    "context_length": 8192,
    "enabled": true,
    "deprecation_date": null,
    "roles": [
      3
    ],
    "quantizations": [],
    "capabilities": [
      2
    ]
  }
},
{
  "model": "hypothalamus.aimodel",
  "pk": "f8513759-1983-4a13-abd3-5be590dbe930",
  "fields": {
    "description": null,
    "name": "llama2:70b",
    "creator": null,
    "parameter_size": 70.0,
    "family": null,
    "version": null,
    "context_length": 4096,
    "enabled": true,
    "deprecation_date": null,
    "roles": [],
    "quantizations": [],
    "capabilities": [
      2
    ]
  }
},
{
  "model": "hypothalamus.aimodel",
  "pk": "f888f1b5-138d-48b5-8020-c37a64235802",
  "fields": {
    "description": null,
    "name": "llama3:latest",
    "creator": null,
    "parameter_size": null,
    "family": null,
    "version": null,
    "context_length": 8192,
    "enabled": true,
    "deprecation_date": null,
    "roles": [],
    "quantizations": [],
    "capabilities": [
      2
    ]
  }
},
{
  "model": "hypothalamus.aimodel",
  "pk": "fee257ee-d474-40fc-a291-34980b69f03a",
  "fields": {
    "description": null,
    "name": "vicuna",
    "creator": null,
    "parameter_size": null,
    "family": null,
    "version": null,
    "context_length": 2048,
    "enabled": true,
    "deprecation_date": null,
    "roles": [],
    "quantizations": [],
    "capabilities": [
      2
    ]
  }
},
{
  "model": "hypothalamus.aimodelprovider",
  "pk": 1455,
  "fields": {
    "created": "2026-03-23T17:34:10.984Z",
    "modified": "2026-03-25T18:47:26.172Z",
    "rate_limited_on": null,
    "rate_limit_reset_time": null,
    "rate_limit_reset_interval": "00:01:00",
    "rate_limit_counter": 0,
    "rate_limit_total_failures": 0,
    "is_enabled": false,
    "ai_model": "c31a0052-8ad2-481c-b6ac-4ba2a8c9396f",
    "provider": 64,
    "provider_unique_model_id": "ollama/codegeex4",
    "mode": 2,
    "max_tokens": 8192,
    "max_input_tokens": 32768,
    "max_output_tokens": 8192,
    "disabled_capabilities": []
  }
},
{
  "model": "hypothalamus.aimodelprovider",
  "pk": 1456,
  "fields": {
    "created": "2026-03-23T17:34:10.991Z",
    "modified": "2026-03-25T18:47:26.184Z",
    "rate_limited_on": null,
    "rate_limit_reset_time": null,
    "rate_limit_reset_interval": "00:01:00",
    "rate_limit_counter": 0,
    "rate_limit_total_failures": 0,
    "is_enabled": false,
    "ai_model": "b27f949b-5ed7-4b5e-8c9b-0b852c464adf",
    "provider": 64,
    "provider_unique_model_id": "ollama/codegemma",
    "mode": 7,
    "max_tokens": 8192,
    "max_input_tokens": 8192,
    "max_output_tokens": 8192,
    "disabled_capabilities": []
  }
},
{
  "model": "hypothalamus.aimodelprovider",
  "pk": 1457,
  "fields": {
    "created": "2026-03-23T17:34:10.999Z",
    "modified": "2026-03-25T18:47:26.197Z",
    "rate_limited_on": null,
    "rate_limit_reset_time": null,
    "rate_limit_reset_interval": "00:01:00",
    "rate_limit_counter": 0,
    "rate_limit_total_failures": 0,
    "is_enabled": false,
    "ai_model": "b6d062ba-5963-45ad-8c76-60e5090467d5",
    "provider": 64,
    "provider_unique_model_id": "ollama/codellama",
    "mode": 7,
    "max_tokens": 4096,
    "max_input_tokens": 4096,
    "max_output_tokens": 4096,
    "disabled_capabilities": []
  }
},
{
  "model": "hypothalamus.aimodelprovider",
  "pk": 1458,
  "fields": {
    "created": "2026-03-23T17:34:11.007Z",
    "modified": "2026-03-25T18:47:40.515Z",
    "rate_limited_on": null,
    "rate_limit_reset_time": null,
    "rate_limit_reset_interval": "00:01:00",
    "rate_limit_counter": 0,
    "rate_limit_total_failures": 0,
    "is_enabled": false,
    "ai_model": "1b70e233-b035-4d38-8324-f9923b9db1a3",
    "provider": 64,
    "provider_unique_model_id": "ollama/deepseek-coder-v2-base",
    "mode": 7,
    "max_tokens": 8192,
    "max_input_tokens": 8192,
    "max_output_tokens": 8192,
    "disabled_capabilities": []
  }
},
{
  "model": "hypothalamus.aimodelprovider",
  "pk": 1459,
  "fields": {
    "created": "2026-03-23T17:34:11.014Z",
    "modified": "2026-03-25T18:47:45.699Z",
    "rate_limited_on": null,
    "rate_limit_reset_time": null,
    "rate_limit_reset_interval": "00:01:00",
    "rate_limit_counter": 0,
    "rate_limit_total_failures": 0,
    "is_enabled": false,
    "ai_model": "26d5bbce-2a22-4772-bd06-2f8f8e83854e",
    "provider": 64,
    "provider_unique_model_id": "ollama/deepseek-coder-v2-instruct",
    "mode": 2,
    "max_tokens": 8192,
    "max_input_tokens": 32768,
    "max_output_tokens": 8192,
    "disabled_capabilities": []
  }
},
{
  "model": "hypothalamus.aimodelprovider",
  "pk": 1460,
  "fields": {
    "created": "2026-03-23T17:34:11.021Z",
    "modified": "2026-03-25T18:47:46.826Z",
    "rate_limited_on": null,
    "rate_limit_reset_time": null,
    "rate_limit_reset_interval": "00:01:00",
    "rate_limit_counter": 0,
    "rate_limit_total_failures": 0,
    "is_enabled": false,
    "ai_model": "d1edaba2-27ef-4940-a5a3-36cce943ccc6",
    "provider": 64,
    "provider_unique_model_id": "ollama/deepseek-coder-v2-lite-base",
    "mode": 7,
    "max_tokens": 8192,
    "max_input_tokens": 8192,
    "max_output_tokens": 8192,
    "disabled_capabilities": []
  }
},
{
  "model": "hypothalamus.aimodelprovider",
  "pk": 1461,
  "fields": {
    "created": "2026-03-23T17:34:11.029Z",
    "modified": "2026-03-25T18:47:51.160Z",
    "rate_limited_on": null,
    "rate_limit_reset_time": null,
    "rate_limit_reset_interval": "00:01:00",
    "rate_limit_counter": 0,
    "rate_limit_total_failures": 0,
    "is_enabled": false,
    "ai_model": "02f2e3bd-cc54-445f-a445-28b6cc83f229",
    "provider": 64,
    "provider_unique_model_id": "ollama/deepseek-coder-v2-lite-instruct",
    "mode": 2,
    "max_tokens": 8192,
    "max_input_tokens": 32768,
    "max_output_tokens": 8192,
    "disabled_capabilities": []
  }
},
{
  "model": "hypothalamus.aimodelprovider",
  "pk": 1462,
  "fields": {
    "created": "2026-03-23T17:34:11.037Z",
    "modified": "2026-03-25T18:47:43.482Z",
    "rate_limited_on": null,
    "rate_limit_reset_time": null,
    "rate_limit_reset_interval": "00:01:00",
    "rate_limit_counter": 0,
    "rate_limit_total_failures": 0,
    "is_enabled": false,
    "ai_model": "e88c22a0-46bf-4910-b995-9362e1fd985a",
    "provider": 64,
    "provider_unique_model_id": "ollama/deepseek-v3.1:671b-cloud",
    "mode": 2,
    "max_tokens": 163840,
    "max_input_tokens": 163840,
    "max_output_tokens": 163840,
    "disabled_capabilities": []
  }
},
{
  "model": "hypothalamus.aimodelprovider",
  "pk": 1463,
  "fields": {
    "created": "2026-03-23T17:34:11.045Z",
    "modified": "2026-03-25T18:47:35.605Z",
    "rate_limited_on": null,
    "rate_limit_reset_time": null,
    "rate_limit_reset_interval": "00:01:00",
    "rate_limit_counter": 0,
    "rate_limit_total_failures": 0,
    "is_enabled": false,
    "ai_model": "8e75e6c2-0dc3-4bf7-8455-6b21c77c79bc",
    "provider": 64,
    "provider_unique_model_id": "ollama/gpt-oss:120b-cloud",
    "mode": 2,
    "max_tokens": 131072,
    "max_input_tokens": 131072,
    "max_output_tokens": 131072,
    "disabled_capabilities": []
  }
},
{
  "model": "hypothalamus.aimodelprovider",
  "pk": 1464,
  "fields": {
    "created": "2026-03-23T17:34:11.053Z",
    "modified": "2026-03-25T18:47:34.463Z",
    "rate_limited_on": null,
    "rate_limit_reset_time": null,
    "rate_limit_reset_interval": "00:01:00",
    "rate_limit_counter": 0,
    "rate_limit_total_failures": 0,
    "is_enabled": false,
    "ai_model": "71f17abf-3a0e-4228-b849-4c317f447049",
    "provider": 64,
    "provider_unique_model_id": "ollama/gpt-oss:20b-cloud",
    "mode": 2,
    "max_tokens": 131072,
    "max_input_tokens": 131072,
    "max_output_tokens": 131072,
    "disabled_capabilities": []
  }
},
{
  "model": "hypothalamus.aimodelprovider",
  "pk": 1465,
  "fields": {
    "created": "2026-03-23T17:34:11.061Z",
    "modified": "2026-03-25T18:47:38.166Z",
    "rate_limited_on": null,
    "rate_limit_reset_time": null,
    "rate_limit_reset_interval": "00:01:00",
    "rate_limit_counter": 0,
    "rate_limit_total_failures": 0,
    "is_enabled": false,
    "ai_model": "ddd1d728-248a-4390-a107-d9155dfd7b1f",
    "provider": 64,
    "provider_unique_model_id": "ollama/internlm2_5-20b-chat",
    "mode": 2,
    "max_tokens": 8192,
    "max_input_tokens": 32768,
    "max_output_tokens": 8192,
    "disabled_capabilities": []
  }
},
{
  "model": "hypothalamus.aimodelprovider",
  "pk": 1466,
  "fields": {
    "created": "2026-03-23T17:34:11.068Z",
    "modified": "2026-03-25T18:47:24.698Z",
    "rate_limited_on": null,
    "rate_limit_reset_time": null,
    "rate_limit_reset_interval": "00:01:00",
    "rate_limit_counter": 0,
    "rate_limit_total_failures": 0,
    "is_enabled": false,
    "ai_model": "38ab218b-fab1-455b-8824-ad6342d3a33d",
    "provider": 64,
    "provider_unique_model_id": "ollama/llama2",
    "mode": 2,
    "max_tokens": 4096,
    "max_input_tokens": 4096,
    "max_output_tokens": 4096,
    "disabled_capabilities": []
  }
},
{
  "model": "hypothalamus.aimodelprovider",
  "pk": 1467,
  "fields": {
    "created": "2026-03-23T17:34:11.076Z",
    "modified": "2026-03-25T18:47:34.476Z",
    "rate_limited_on": null,
    "rate_limit_reset_time": null,
    "rate_limit_reset_interval": "00:01:00",
    "rate_limit_counter": 0,
    "rate_limit_total_failures": 0,
    "is_enabled": false,
    "ai_model": "7f91aa78-4199-448e-8dc6-9520f28354d4",
    "provider": 64,
    "provider_unique_model_id": "ollama/llama2-uncensored",
    "mode": 7,
    "max_tokens": 4096,
    "max_input_tokens": 4096,
    "max_output_tokens": 4096,
    "disabled_capabilities": []
  }
},
{
  "model": "hypothalamus.aimodelprovider",
  "pk": 1468,
  "fields": {
    "created": "2026-03-23T17:34:11.084Z",
    "modified": "2026-03-25T18:47:26.933Z",
    "rate_limited_on": null,
    "rate_limit_reset_time": null,
    "rate_limit_reset_interval": "00:01:00",
    "rate_limit_counter": 0,
    "rate_limit_total_failures": 0,
    "is_enabled": false,
    "ai_model": "b1cd7627-2bbc-42bc-8723-f1ce435a7c39",
    "provider": 64,
    "provider_unique_model_id": "ollama/llama2:13b",
    "mode": 2,
    "max_tokens": 4096,
    "max_input_tokens": 4096,
    "max_output_tokens": 4096,
    "disabled_capabilities": []
  }
},
{
  "model": "hypothalamus.aimodelprovider",
  "pk": 1469,
  "fields": {
    "created": "2026-03-23T17:34:11.092Z",
    "modified": "2026-03-25T18:47:26.948Z",
    "rate_limited_on": null,
    "rate_limit_reset_time": null,
    "rate_limit_reset_interval": "00:01:00",
    "rate_limit_counter": 0,
    "rate_limit_total_failures": 0,
    "is_enabled": false,
    "ai_model": "f8513759-1983-4a13-abd3-5be590dbe930",
    "provider": 64,
    "provider_unique_model_id": "ollama/llama2:70b",
    "mode": 2,
    "max_tokens": 4096,
    "max_input_tokens": 4096,
    "max_output_tokens": 4096,
    "disabled_capabilities": []
  }
},
{
  "model": "hypothalamus.aimodelprovider",
  "pk": 1470,
  "fields": {
    "created": "2026-03-23T17:34:11.099Z",
    "modified": "2026-03-25T18:47:26.210Z",
    "rate_limited_on": null,
    "rate_limit_reset_time": null,
    "rate_limit_reset_interval": "00:01:00",
    "rate_limit_counter": 0,
    "rate_limit_total_failures": 0,
    "is_enabled": false,
    "ai_model": "e9ccd63e-e23e-4e88-83f6-e402cf5b7349",
    "provider": 64,
    "provider_unique_model_id": "ollama/llama2:7b",
    "mode": 2,
    "max_tokens": 4096,
    "max_input_tokens": 4096,
    "max_output_tokens": 4096,
    "disabled_capabilities": []
  }
},
{
  "model": "hypothalamus.aimodelprovider",
  "pk": 1471,
  "fields": {
    "created": "2026-03-23T17:34:11.107Z",
    "modified": "2026-03-25T18:47:24.711Z",
    "rate_limited_on": null,
    "rate_limit_reset_time": null,
    "rate_limit_reset_interval": "00:01:00",
    "rate_limit_counter": 0,
    "rate_limit_total_failures": 0,
    "is_enabled": false,
    "ai_model": "925b3bc7-b81f-485e-acaf-06543c365036",
    "provider": 64,
    "provider_unique_model_id": "ollama/llama3",
    "mode": 2,
    "max_tokens": 8192,
    "max_input_tokens": 8192,
    "max_output_tokens": 8192,
    "disabled_capabilities": []
  }
},
{
  "model": "hypothalamus.aimodelprovider",
  "pk": 1472,
  "fields": {
    "created": "2026-03-23T17:34:11.115Z",
    "modified": "2026-03-25T18:47:25.464Z",
    "rate_limited_on": null,
    "rate_limit_reset_time": null,
    "rate_limit_reset_interval": "00:01:00",
    "rate_limit_counter": 0,
    "rate_limit_total_failures": 0,
    "is_enabled": false,
    "ai_model": "0f48bb43-baea-413b-936e-a0d3a32af264",
    "provider": 64,
    "provider_unique_model_id": "ollama/llama3.1",
    "mode": 2,
    "max_tokens": 8192,
    "max_input_tokens": 8192,
    "max_output_tokens": 8192,
    "disabled_capabilities": []
  }
},
{
  "model": "hypothalamus.aimodelprovider",
  "pk": 1473,
  "fields": {
    "created": "2026-03-23T17:34:11.123Z",
    "modified": "2026-03-25T18:47:26.963Z",
    "rate_limited_on": null,
    "rate_limit_reset_time": null,
    "rate_limit_reset_interval": "00:01:00",
    "rate_limit_counter": 0,
    "rate_limit_total_failures": 0,
    "is_enabled": false,
    "ai_model": "26d66b73-3a23-42c0-9c05-f23dedbfb51b",
    "provider": 64,
    "provider_unique_model_id": "ollama/llama3:70b",
    "mode": 2,
    "max_tokens": 8192,
    "max_input_tokens": 8192,
    "max_output_tokens": 8192,
    "disabled_capabilities": []
  }
},
{
  "model": "hypothalamus.aimodelprovider",
  "pk": 1474,
  "fields": {
    "created": "2026-03-23T17:34:11.131Z",
    "modified": "2026-03-25T18:47:26.224Z",
    "rate_limited_on": null,
    "rate_limit_reset_time": null,
    "rate_limit_reset_interval": "00:01:00",
    "rate_limit_counter": 0,
    "rate_limit_total_failures": 0,
    "is_enabled": false,
    "ai_model": "09ff5eba-ef06-4cdc-af19-d85086ec30e9",
    "provider": 64,
    "provider_unique_model_id": "ollama/llama3:8b",
    "mode": 2,
    "max_tokens": 8192,
    "max_input_tokens": 8192,
    "max_output_tokens": 8192,
    "disabled_capabilities": []
  }
},
{
  "model": "hypothalamus.aimodelprovider",
  "pk": 1475,
  "fields": {
    "created": "2026-03-23T17:34:11.138Z",
    "modified": "2026-03-25T18:47:25.058Z",
    "rate_limited_on": null,
    "rate_limit_reset_time": null,
    "rate_limit_reset_interval": "00:01:00",
    "rate_limit_counter": 0,
    "rate_limit_total_failures": 0,
    "is_enabled": false,
    "ai_model": "5fa7542c-54de-4e45-a980-03d55386278c",
    "provider": 64,
    "provider_unique_model_id": "ollama/mistral",
    "mode": 7,
    "max_tokens": 8192,
    "max_input_tokens": 8192,
    "max_output_tokens": 8192,
    "disabled_capabilities": []
  }
},
{
  "model": "hypothalamus.aimodelprovider",
  "pk": 1476,
  "fields": {
    "created": "2026-03-23T17:34:11.146Z",
    "modified": "2026-03-25T18:47:43.497Z",
    "rate_limited_on": null,
    "rate_limit_reset_time": null,
    "rate_limit_reset_interval": "00:01:00",
    "rate_limit_counter": 0,
    "rate_limit_total_failures": 0,
    "is_enabled": false,
    "ai_model": "c3e2b333-67af-4c11-b979-5c8e0d1b2778",
    "provider": 64,
    "provider_unique_model_id": "ollama/mistral-7B-Instruct-v0.1",
    "mode": 2,
    "max_tokens": 8192,
    "max_input_tokens": 8192,
    "max_output_tokens": 8192,
    "disabled_capabilities": []
  }
},
{
  "model": "hypothalamus.aimodelprovider",
  "pk": 1477,
  "fields": {
    "created": "2026-03-23T17:34:11.154Z",
    "modified": "2026-03-25T18:47:43.512Z",
    "rate_limited_on": null,
    "rate_limit_reset_time": null,
    "rate_limit_reset_interval": "00:01:00",
    "rate_limit_counter": 0,
    "rate_limit_total_failures": 0,
    "is_enabled": false,
    "ai_model": "7458f485-f17c-4f7c-b2d0-717aa7cf7ee8",
    "provider": 64,
    "provider_unique_model_id": "ollama/mistral-7B-Instruct-v0.2",
    "mode": 2,
    "max_tokens": 32768,
    "max_input_tokens": 32768,
    "max_output_tokens": 32768,
    "disabled_capabilities": []
  }
},
{
  "model": "hypothalamus.aimodelprovider",
  "pk": 1478,
  "fields": {
    "created": "2026-03-23T17:34:11.162Z",
    "modified": "2026-03-25T18:47:46.842Z",
    "rate_limited_on": null,
    "rate_limit_reset_time": null,
    "rate_limit_reset_interval": "00:01:00",
    "rate_limit_counter": 0,
    "rate_limit_total_failures": 0,
    "is_enabled": false,
    "ai_model": "3527611d-caa5-4cc2-a6c6-f4d18238a9c4",
    "provider": 64,
    "provider_unique_model_id": "ollama/mistral-large-instruct-2407",
    "mode": 2,
    "max_tokens": 8192,
    "max_input_tokens": 65536,
    "max_output_tokens": 8192,
    "disabled_capabilities": []
  }
},
{
  "model": "hypothalamus.aimodelprovider",
  "pk": 1479,
  "fields": {
    "created": "2026-03-23T17:34:11.170Z",
    "modified": "2026-03-25T18:47:46.857Z",
    "rate_limited_on": null,
    "rate_limit_reset_time": null,
    "rate_limit_reset_interval": "00:01:00",
    "rate_limit_counter": 0,
    "rate_limit_total_failures": 0,
    "is_enabled": false,
    "ai_model": "56c22e36-c520-4bba-b7a8-99c77bc99cf6",
    "provider": 64,
    "provider_unique_model_id": "ollama/mixtral-8x22B-Instruct-v0.1",
    "mode": 2,
    "max_tokens": 65536,
    "max_input_tokens": 65536,
    "max_output_tokens": 65536,
    "disabled_capabilities": []
  }
},
{
  "model": "hypothalamus.aimodelprovider",
  "pk": 1480,
  "fields": {
    "created": "2026-03-23T17:34:11.178Z",
    "modified": "2026-03-25T18:47:45.713Z",
    "rate_limited_on": null,
    "rate_limit_reset_time": null,
    "rate_limit_reset_interval": "00:01:00",
    "rate_limit_counter": 0,
    "rate_limit_total_failures": 0,
    "is_enabled": false,
    "ai_model": "13bf70ea-7cb2-4ae4-b0f6-a89c65ecedd9",
    "provider": 64,
    "provider_unique_model_id": "ollama/mixtral-8x7B-Instruct-v0.1",
    "mode": 2,
    "max_tokens": 32768,
    "max_input_tokens": 32768,
    "max_output_tokens": 32768,
    "disabled_capabilities": []
  }
},
{
  "model": "hypothalamus.aimodelprovider",
  "pk": 1481,
  "fields": {
    "created": "2026-03-23T17:34:11.185Z",
    "modified": "2026-03-25T18:47:26.240Z",
    "rate_limited_on": null,
    "rate_limit_reset_time": null,
    "rate_limit_reset_interval": "00:01:00",
    "rate_limit_counter": 0,
    "rate_limit_total_failures": 0,
    "is_enabled": false,
    "ai_model": "b04179e4-74d3-4951-99ad-5887107e52de",
    "provider": 64,
    "provider_unique_model_id": "ollama/orca-mini",
    "mode": 7,
    "max_tokens": 4096,
    "max_input_tokens": 4096,
    "max_output_tokens": 4096,
    "disabled_capabilities": []
  }
},
{
  "model": "hypothalamus.aimodelprovider",
  "pk": 1482,
  "fields": {
    "created": "2026-03-23T17:34:11.193Z",
    "modified": "2026-03-25T18:47:40.530Z",
    "rate_limited_on": null,
    "rate_limit_reset_time": null,
    "rate_limit_reset_interval": "00:01:00",
    "rate_limit_counter": 0,
    "rate_limit_total_failures": 0,
    "is_enabled": false,
    "ai_model": "1ececdc6-8175-4e03-9d45-b83b038f8b26",
    "provider": 64,
    "provider_unique_model_id": "ollama/qwen3-coder:480b-cloud",
    "mode": 2,
    "max_tokens": 262144,
    "max_input_tokens": 262144,
    "max_output_tokens": 262144,
    "disabled_capabilities": []
  }
},
{
  "model": "hypothalamus.aimodelprovider",
  "pk": 1483,
  "fields": {
    "created": "2026-03-23T17:34:11.201Z",
    "modified": "2026-03-25T18:47:24.723Z",
    "rate_limited_on": null,
    "rate_limit_reset_time": null,
    "rate_limit_reset_interval": "00:01:00",
    "rate_limit_counter": 0,
    "rate_limit_total_failures": 0,
    "is_enabled": false,
    "ai_model": "fee257ee-d474-40fc-a291-34980b69f03a",
    "provider": 64,
    "provider_unique_model_id": "ollama/vicuna",
    "mode": 7,
    "max_tokens": 2048,
    "max_input_tokens": 2048,
    "max_output_tokens": 2048,
    "disabled_capabilities": []
  }
},
{
  "model": "hypothalamus.aimodelprovider",
  "pk": 2856,
  "fields": {
    "created": "2026-03-24T17:56:09.963Z",
    "modified": "2026-03-25T18:48:08.607Z",
    "rate_limited_on": null,
    "rate_limit_reset_time": null,
    "rate_limit_reset_interval": "00:01:00",
    "rate_limit_counter": 0,
    "rate_limit_total_failures": 0,
    "is_enabled": true,
    "ai_model": "34bd4dec-66a0-47e4-8650-ba73ca62b28b",
    "provider": 64,
    "provider_unique_model_id": "ollama/nomic-embed-text:latest",
    "mode": 2,
    "max_tokens": null,
    "max_input_tokens": null,
    "max_output_tokens": null,
    "disabled_capabilities": []
  }
},
{
  "model": "hypothalamus.aimodelprovider",
  "pk": 2857,
  "fields": {
    "created": "2026-03-24T17:56:09.973Z",
    "modified": "2026-03-25T18:48:08.637Z",
    "rate_limited_on": null,
    "rate_limit_reset_time": null,
    "rate_limit_reset_interval": "00:01:00",
    "rate_limit_counter": 0,
    "rate_limit_total_failures": 0,
    "is_enabled": true,
    "ai_model": "0487416c-be26-4d3d-bb2d-7089931e446a",
    "provider": 64,
    "provider_unique_model_id": "ollama/llama3.2:3b",
    "mode": 2,
    "max_tokens": null,
    "max_input_tokens": null,
    "max_output_tokens": null,
    "disabled_capabilities": []
  }
},
{
  "model": "hypothalamus.aimodelprovider",
  "pk": 2858,
  "fields": {
    "created": "2026-03-24T17:56:09.981Z",
    "modified": "2026-03-27T01:44:12.392Z",
    "rate_limited_on": null,
    "rate_limit_reset_time": null,
    "rate_limit_reset_interval": "00:01:00",
    "rate_limit_counter": 0,
    "rate_limit_total_failures": 2,
    "is_enabled": true,
    "ai_model": "254fbd93-1f96-4109-b8f8-976cc8dc4084",
    "provider": 64,
    "provider_unique_model_id": "ollama/gemma3:27b",
    "mode": 2,
    "max_tokens": null,
    "max_input_tokens": null,
    "max_output_tokens": null,
    "disabled_capabilities": []
  }
},
{
  "model": "hypothalamus.aimodelprovider",
  "pk": 2859,
  "fields": {
    "created": "2026-03-24T17:56:09.988Z",
    "modified": "2026-03-26T19:23:17.070Z",
    "rate_limited_on": null,
    "rate_limit_reset_time": null,
    "rate_limit_reset_interval": "00:01:00",
    "rate_limit_counter": 0,
    "rate_limit_total_failures": 2,
    "is_enabled": true,
    "ai_model": "f41a12f9-3103-4ec1-b807-dd6c526f016d",
    "provider": 64,
    "provider_unique_model_id": "ollama/qwen3-coder:30b",
    "mode": 2,
    "max_tokens": null,
    "max_input_tokens": null,
    "max_output_tokens": null,
    "disabled_capabilities": []
  }
},
{
  "model": "hypothalamus.aimodelprovider",
  "pk": 2860,
  "fields": {
    "created": "2026-03-24T17:56:09.996Z",
    "modified": "2026-03-26T20:52:42.028Z",
    "rate_limited_on": "2026-03-26T20:52:42.028Z",
    "rate_limit_reset_time": "2026-03-26T20:53:42.028Z",
    "rate_limit_reset_interval": "00:01:00",
    "rate_limit_counter": 1,
    "rate_limit_total_failures": 1,
    "is_enabled": true,
    "ai_model": "8220d81c-4982-4ec0-881a-cd5636bff443",
    "provider": 64,
    "provider_unique_model_id": "ollama/qwen3:latest",
    "mode": 2,
    "max_tokens": null,
    "max_input_tokens": null,
    "max_output_tokens": null,
    "disabled_capabilities": []
  }
},
{
  "model": "hypothalamus.aimodelprovider",
  "pk": 2861,
  "fields": {
    "created": "2026-03-24T17:56:10.003Z",
    "modified": "2026-03-25T18:48:08.668Z",
    "rate_limited_on": null,
    "rate_limit_reset_time": null,
    "rate_limit_reset_interval": "00:01:00",
    "rate_limit_counter": 0,
    "rate_limit_total_failures": 0,
    "is_enabled": true,
    "ai_model": "f888f1b5-138d-48b5-8020-c37a64235802",
    "provider": 64,
    "provider_unique_model_id": "ollama/llama3:latest",
    "mode": 2,
    "max_tokens": null,
    "max_input_tokens": null,
    "max_output_tokens": null,
    "disabled_capabilities": []
  }
},
{
  "model": "hypothalamus.aimodelprovider",
  "pk": 2862,
  "fields": {
    "created": "2026-03-24T17:56:10.011Z",
    "modified": "2026-03-25T18:48:08.658Z",
    "rate_limited_on": null,
    "rate_limit_reset_time": null,
    "rate_limit_reset_interval": "00:01:00",
    "rate_limit_counter": 0,
    "rate_limit_total_failures": 0,
    "is_enabled": true,
    "ai_model": "6e5ef533-a7d1-4950-8d7a-f267f3701897",
    "provider": 64,
    "provider_unique_model_id": "ollama/gpt-oss:latest",
    "mode": 2,
    "max_tokens": null,
    "max_input_tokens": null,
    "max_output_tokens": null,
    "disabled_capabilities": []
  }
},
{
  "model": "hypothalamus.aimodelprovider",
  "pk": 2863,
  "fields": {
    "created": "2026-03-24T17:56:10.019Z",
    "modified": "2026-03-25T18:48:08.627Z",
    "rate_limited_on": null,
    "rate_limit_reset_time": null,
    "rate_limit_reset_interval": "00:01:00",
    "rate_limit_counter": 0,
    "rate_limit_total_failures": 0,
    "is_enabled": true,
    "ai_model": "3e8d13ef-9007-4a66-9c61-58bf918e5f7f",
    "provider": 64,
    "provider_unique_model_id": "ollama/glm-4.7-flash:latest",
    "mode": 2,
    "max_tokens": null,
    "max_input_tokens": null,
    "max_output_tokens": null,
    "disabled_capabilities": []
  }
},
{
  "model": "hypothalamus.failoverstrategy",
  "pk": 4,
  "fields": {
    "description": "Standard API routing with semantic fallback.",
    "name": "Standard Cloud"
  }
},
{
  "model": "hypothalamus.failoverstrategy",
  "pk": 5,
  "fields": {
    "description": "Prioritize free local models before touching the cloud.",
    "name": "Local First"
  }
},
{
  "model": "hypothalamus.failoverstrategy",
  "pk": 6,
  "fields": {
    "description": "Do not deviate from the requested model family.",
    "name": "Strict Requirement"
  }
},
{
  "model": "hypothalamus.failovertype",
  "pk": 5,
  "fields": {
    "description": "Attempt to route to a verified local Ollama model.",
    "name": "Local Fallback"
  }
},
{
  "model": "hypothalamus.failovertype",
  "pk": 6,
  "fields": {
    "description": "Attempt to route to a sibling model in the same family (e.g., Llama 3 8B -> Llama 3 70B).",
    "name": "Family Failover"
  }
},
{
  "model": "hypothalamus.failovertype",
  "pk": 7,
  "fields": {
    "description": "Use Hypothalamus pgvector to find the closest conceptual match.",
    "name": "Semantic Vector Search"
  }
},
{
  "model": "hypothalamus.failovertype",
  "pk": 8,
  "fields": {
    "description": "Halt execution and return a routing error.",
    "name": "Strict Fail"
  }
},
{
  "model": "hypothalamus.failoverstrategystep",
  "pk": 9,
  "fields": {
    "strategy": 4,
    "failover_type": 6,
    "order": 1
  }
},
{
  "model": "hypothalamus.failoverstrategystep",
  "pk": 10,
  "fields": {
    "strategy": 4,
    "failover_type": 7,
    "order": 2
  }
},
{
  "model": "hypothalamus.failoverstrategystep",
  "pk": 11,
  "fields": {
    "strategy": 4,
    "failover_type": 8,
    "order": 3
  }
},
{
  "model": "hypothalamus.failoverstrategystep",
  "pk": 12,
  "fields": {
    "strategy": 5,
    "failover_type": 5,
    "order": 1
  }
},
{
  "model": "hypothalamus.failoverstrategystep",
  "pk": 13,
  "fields": {
    "strategy": 5,
    "failover_type": 7,
    "order": 2
  }
},
{
  "model": "hypothalamus.failoverstrategystep",
  "pk": 14,
  "fields": {
    "strategy": 5,
    "failover_type": 8,
    "order": 3
  }
},
{
  "model": "hypothalamus.failoverstrategystep",
  "pk": 15,
  "fields": {
    "strategy": 6,
    "failover_type": 6,
    "order": 1
  }
},
{
  "model": "hypothalamus.failoverstrategystep",
  "pk": 16,
  "fields": {
    "strategy": 6,
    "failover_type": 8,
    "order": 2
  }
},
{
  "model": "hypothalamus.aimodelselectionfilter",
  "pk": 1,
  "fields": {
    "name": "Core Engineering Task",
    "failover_strategy": 4,
    "preferred_model": null,
    "local_failover": null,
    "required_capabilities": [],
    "banned_providers": [],
    "preferred_categories": [],
    "preferred_tags": [],
    "preferred_roles": []
  }
},
{
  "model": "hypothalamus.aimodelselectionfilter",
  "pk": 2,
  "fields": {
    "name": "Local Coder",
    "failover_strategy": 6,
    "preferred_model": 2859,
    "local_failover": 2859,
    "required_capabilities": [
      2
    ],
    "banned_providers": [],
    "preferred_categories": [],
    "preferred_tags": [],
    "preferred_roles": [
      2,
      3,
      4
    ]
  }
},
{
  "model": "hypothalamus.aimodelselectionfilter",
  "pk": 3,
  "fields": {
    "name": "Thalamus",
    "failover_strategy": 6,
    "preferred_model": 2858,
    "local_failover": 2859,
    "required_capabilities": [],
    "banned_providers": [],
    "preferred_categories": [],
    "preferred_tags": [],
    "preferred_roles": []
  }
},
{
  "model": "hypothalamus.syncstatus",
  "pk": 1,
  "fields": {
    "name": "Running"
  }
},
{
  "model": "hypothalamus.syncstatus",
  "pk": 2,
  "fields": {
    "name": "Success"
  }
},
{
  "model": "hypothalamus.syncstatus",
  "pk": 3,
  "fields": {
    "name": "Failed"
  }
}
]
