[
  {
    "model": "hypothalamus.llmprovider",
    "pk": 64,
    "fields": {
      "created": "2026-03-23T17:34:10.978Z",
      "modified": "2026-03-25T00:20:23.879Z",
      "name": "Ollama",
      "description": "Local model inference via Ollama. Free, private, runs on consumer hardware.",
      "key": "ollama",
      "base_url": "http://localhost:11434",
      "chat_path": "/v1/chat/completions",
      "requires_api_key": false,
      "api_key_header": "Authorization",
      "api_key_env_var": "HOME"
    }
  },
  {
    "model": "hypothalamus.aimodelcapabilities",
    "pk": 1,
    "fields": {
      "name": "system_messages",
      "description": null
    }
  },
  {
    "model": "hypothalamus.aimodelcapabilities",
    "pk": 2,
    "fields": {
      "name": "function_calling",
      "description": null
    }
  },
  {
    "model": "hypothalamus.aimodelcapabilities",
    "pk": 3,
    "fields": {
      "name": "pdf_input",
      "description": null
    }
  },
  {
    "model": "hypothalamus.aimodelcapabilities",
    "pk": 4,
    "fields": {
      "name": "prompt_caching",
      "description": null
    }
  },
  {
    "model": "hypothalamus.aimodelcapabilities",
    "pk": 5,
    "fields": {
      "name": "response_schema",
      "description": null
    }
  },
  {
    "model": "hypothalamus.aimodelcapabilities",
    "pk": 6,
    "fields": {
      "name": "vision",
      "description": null
    }
  },
  {
    "model": "hypothalamus.aimodelcapabilities",
    "pk": 7,
    "fields": {
      "name": "reasoning",
      "description": null
    }
  },
  {
    "model": "hypothalamus.aimodelcapabilities",
    "pk": 8,
    "fields": {
      "name": "video_input",
      "description": null
    }
  },
  {
    "model": "hypothalamus.aimodelcapabilities",
    "pk": 9,
    "fields": {
      "name": "embedding_image_input",
      "description": null
    }
  },
  {
    "model": "hypothalamus.aimodelcapabilities",
    "pk": 10,
    "fields": {
      "name": "image_input",
      "description": null
    }
  },
  {
    "model": "hypothalamus.aimodelcapabilities",
    "pk": 11,
    "fields": {
      "name": "audio_input",
      "description": null
    }
  },
  {
    "model": "hypothalamus.aimodelcapabilities",
    "pk": 12,
    "fields": {
      "name": "assistant_prefill",
      "description": null
    }
  },
  {
    "model": "hypothalamus.aimodelcapabilities",
    "pk": 13,
    "fields": {
      "name": "tool_choice",
      "description": null
    }
  },
  {
    "model": "hypothalamus.aimodelcapabilities",
    "pk": 14,
    "fields": {
      "name": "computer_use",
      "description": null
    }
  },
  {
    "model": "hypothalamus.aimodelcapabilities",
    "pk": 15,
    "fields": {
      "name": "native_streaming",
      "description": null
    }
  },
  {
    "model": "hypothalamus.aimodelcapabilities",
    "pk": 16,
    "fields": {
      "name": "parallel_function_calling",
      "description": null
    }
  },
  {
    "model": "hypothalamus.aimodelcapabilities",
    "pk": 17,
    "fields": {
      "name": "audio_output",
      "description": null
    }
  },
  {
    "model": "hypothalamus.aimodelcapabilities",
    "pk": 18,
    "fields": {
      "name": "none_reasoning_effort",
      "description": null
    }
  },
  {
    "model": "hypothalamus.aimodelcapabilities",
    "pk": 19,
    "fields": {
      "name": "service_tier",
      "description": null
    }
  },
  {
    "model": "hypothalamus.aimodelcapabilities",
    "pk": 20,
    "fields": {
      "name": "minimal_reasoning_effort",
      "description": null
    }
  },
  {
    "model": "hypothalamus.aimodelcapabilities",
    "pk": 21,
    "fields": {
      "name": "web_search",
      "description": null
    }
  },
  {
    "model": "hypothalamus.aimodelcapabilities",
    "pk": 22,
    "fields": {
      "name": "url_context",
      "description": null
    }
  },
  {
    "model": "hypothalamus.aimodelcapabilities",
    "pk": 23,
    "fields": {
      "name": "code_execution",
      "description": null
    }
  },
  {
    "model": "hypothalamus.aimodelcapabilities",
    "pk": 24,
    "fields": {
      "name": "file_search",
      "description": null
    }
  },
  {
    "model": "hypothalamus.aimodelcapabilities",
    "pk": 25,
    "fields": {
      "name": "multimodal",
      "description": null
    }
  },
  {
    "model": "hypothalamus.aimodelcapabilities",
    "pk": 26,
    "fields": {
      "name": "xhigh_reasoning_effort",
      "description": null
    }
  },
  {
    "model": "hypothalamus.aimodelcapabilities",
    "pk": 27,
    "fields": {
      "name": "preset",
      "description": null
    }
  },
  {
    "model": "hypothalamus.aimode",
    "pk": 1,
    "fields": {
      "name": "image_generation",
      "description": null
    }
  },
  {
    "model": "hypothalamus.aimode",
    "pk": 2,
    "fields": {
      "name": "chat",
      "description": null
    }
  },
  {
    "model": "hypothalamus.aimode",
    "pk": 3,
    "fields": {
      "name": "embedding",
      "description": null
    }
  },
  {
    "model": "hypothalamus.aimode",
    "pk": 4,
    "fields": {
      "name": "rerank",
      "description": null
    }
  },
  {
    "model": "hypothalamus.aimode",
    "pk": 5,
    "fields": {
      "name": "audio_transcription",
      "description": null
    }
  },
  {
    "model": "hypothalamus.aimode",
    "pk": 6,
    "fields": {
      "name": "responses",
      "description": null
    }
  },
  {
    "model": "hypothalamus.aimode",
    "pk": 7,
    "fields": {
      "name": "completion",
      "description": null
    }
  },
  {
    "model": "hypothalamus.aimode",
    "pk": 8,
    "fields": {
      "name": "audio_speech",
      "description": null
    }
  },
  {
    "model": "hypothalamus.aimode",
    "pk": 9,
    "fields": {
      "name": "ocr",
      "description": null
    }
  },
  {
    "model": "hypothalamus.aimode",
    "pk": 10,
    "fields": {
      "name": "image_edit",
      "description": null
    }
  },
  {
    "model": "hypothalamus.aimode",
    "pk": 11,
    "fields": {
      "name": "search",
      "description": null
    }
  },
  {
    "model": "hypothalamus.aimode",
    "pk": 12,
    "fields": {
      "name": "realtime",
      "description": null
    }
  },
  {
    "model": "hypothalamus.aimode",
    "pk": 13,
    "fields": {
      "name": "video_generation",
      "description": null
    }
  },
  {
    "model": "hypothalamus.aimode",
    "pk": 14,
    "fields": {
      "name": "moderation",
      "description": null
    }
  },
  {
    "model": "hypothalamus.aimode",
    "pk": 15,
    "fields": {
      "name": "vector_store",
      "description": null
    }
  },
  {
    "model": "hypothalamus.aimodelrole",
    "pk": 1,
    "fields": {
      "name": "Instruct",
      "description": "Instruction-tuned for dialogue and tasks."
    }
  },
  {
    "model": "hypothalamus.aimodelrole",
    "pk": 2,
    "fields": {
      "name": "Chat",
      "description": "Optimized for conversational back-and-forth."
    }
  },
  {
    "model": "hypothalamus.aimodelrole",
    "pk": 3,
    "fields": {
      "name": "Coder",
      "description": "Fine-tuned specifically on programming languages."
    }
  },
  {
    "model": "hypothalamus.aimodelrole",
    "pk": 4,
    "fields": {
      "name": "Reasoning",
      "description": "Uses chain-of-thought or thinking tokens before replying."
    }
  },
  {
    "model": "hypothalamus.aimodelrole",
    "pk": 5,
    "fields": {
      "name": "Embedding",
      "description": "Converts text into mathematical vectors."
    }
  },
  {
    "model": "hypothalamus.aimodelrole",
    "pk": 6,
    "fields": {
      "name": "Multimodal",
      "description": "Handles vision, audio, or video inputs alongside text."
    }
  },
  {
    "model": "hypothalamus.aimodelrole",
    "pk": 7,
    "fields": {
      "name": "Uncensored",
      "description": "Alignment and safety guardrails removed."
    }
  },
  {
    "model": "hypothalamus.aimodelquantization",
    "pk": 1,
    "fields": {
      "name": "fp16",
      "description": "16-bit floating point (standard unquantized)."
    }
  },
  {
    "model": "hypothalamus.aimodelquantization",
    "pk": 2,
    "fields": {
      "name": "fp8",
      "description": "8-bit floating point."
    }
  },
  {
    "model": "hypothalamus.aimodelquantization",
    "pk": 3,
    "fields": {
      "name": "awq",
      "description": "Activation-aware Weight Quantization."
    }
  },
  {
    "model": "hypothalamus.aimodelquantization",
    "pk": 4,
    "fields": {
      "name": "gptq",
      "description": "Accurate Post-Training Quantization."
    }
  },
  {
    "model": "hypothalamus.aimodelquantization",
    "pk": 5,
    "fields": {
      "name": "gguf",
      "description": "Standard format for local CPU/GPU inference via llama.cpp."
    }
  },
  {
    "model": "hypothalamus.aimodelcreator",
    "pk": 1,
    "fields": {
      "name": "Meta",
      "description": "Meta AI (formerly Facebook)"
    }
  },
  {
    "model": "hypothalamus.aimodelcreator",
    "pk": 2,
    "fields": {
      "name": "Alibaba",
      "description": "Alibaba Cloud"
    }
  },
  {
    "model": "hypothalamus.aimodelcreator",
    "pk": 3,
    "fields": {
      "name": "Mistral AI",
      "description": "Mistral AI"
    }
  },
  {
    "model": "hypothalamus.aimodelcreator",
    "pk": 4,
    "fields": {
      "name": "OpenAI",
      "description": "OpenAI"
    }
  },
  {
    "model": "hypothalamus.aimodelcreator",
    "pk": 5,
    "fields": {
      "name": "Google",
      "description": "Google DeepMind"
    }
  },
  {
    "model": "hypothalamus.aimodelcreator",
    "pk": 6,
    "fields": {
      "name": "Anthropic",
      "description": "Anthropic"
    }
  },
  {
    "model": "hypothalamus.aimodelcreator",
    "pk": 7,
    "fields": {
      "name": "DeepSeek",
      "description": "DeepSeek AI"
    }
  },
  {
    "model": "hypothalamus.aimodelcreator",
    "pk": 8,
    "fields": {
      "name": "Microsoft",
      "description": "Microsoft Research"
    }
  },
  {
    "model": "hypothalamus.aimodelcreator",
    "pk": 9,
    "fields": {
      "name": "xAI",
      "description": "xAI"
    }
  },
  {
    "model": "hypothalamus.aimodelcreator",
    "pk": 10,
    "fields": {
      "name": "Black Forest Labs",
      "description": "Creators of the FLUX image generation models."
    }
  },
  {
    "model": "hypothalamus.aimodelcreator",
    "pk": 11,
    "fields": {
      "name": "Bria AI",
      "description": "Commercial visual generative AI platform."
    }
  },
  {
    "model": "hypothalamus.aimodelcreator",
    "pk": 12,
    "fields": {
      "name": "Nomic AI",
      "description": "Creators of nomic-embed-text embedding models."
    }
  },
  {
    "model": "hypothalamus.aimodelcreator",
    "pk": 13,
    "fields": {
      "name": "Cohere",
      "description": "Enterprise AI company. Creators of Command and Embed models."
    }
  },
  {
    "model": "hypothalamus.aimodelcreator",
    "pk": 14,
    "fields": {
      "name": "IBM",
      "description": "IBM Research. Creators of the Granite model family."
    }
  },
  {
    "model": "hypothalamus.aimodelcreator",
    "pk": 15,
    "fields": {
      "name": "NousResearch",
      "description": "Open-source AI research lab. Creators of Hermes models."
    }
  },
  {
    "model": "hypothalamus.aimodelcreator",
    "pk": 16,
    "fields": {
      "name": "NVIDIA",
      "description": "Creators of Nemotron models for enterprise AI."
    }
  },
  {
    "model": "hypothalamus.aimodelcreator",
    "pk": 17,
    "fields": {
      "name": "Zhipu AI",
      "description": "Chinese AI lab. Creators of the GLM model family."
    }
  },
  {
    "model": "hypothalamus.aimodelcreator",
    "pk": 18,
    "fields": {
      "name": "BigCode",
      "description": "Open-source project. Creators of StarCoder models."
    }
  },
  {
    "model": "hypothalamus.aimodelcreator",
    "pk": 19,
    "fields": {
      "name": "Moonshot",
      "description": "Chinese AI lab. Creators of Kimi models."
    }
  },
  {
    "model": "hypothalamus.aimodelcreator",
    "pk": 20,
    "fields": {
      "name": "BAAI",
      "description": "Beijing Academy of AI. Creators of BGE embedding models."
    }
  },
  {
    "model": "hypothalamus.aimodelcreator",
    "pk": 21,
    "fields": {
      "name": "Snowflake",
      "description": "Creators of Arctic embedding models."
    }
  },
  {
    "model": "hypothalamus.aimodelcreator",
    "pk": 22,
    "fields": {
      "name": "MiniMax",
      "description": "Chinese AI company. Creators of MiniMax language models."
    }
  },
  {
    "model": "hypothalamus.aimodelcreator",
    "pk": 23,
    "fields": {
      "name": "Allen AI",
      "description": "Allen Institute for AI. Creators of OLMo models."
    }
  },
  {
    "model": "hypothalamus.aimodelcreator",
    "pk": 24,
    "fields": {
      "name": "LG AI Research",
      "description": "Creators of EXAONE models."
    }
  },
  {
    "model": "hypothalamus.aimodelcreator",
    "pk": 25,
    "fields": {
      "name": "Databricks",
      "description": "Creators of DBRX."
    }
  },
  {
    "model": "hypothalamus.aimodelcreator",
    "pk": 26,
    "fields": {
      "name": "DeepCogito",
      "description": "Creators of Cogito reasoning models."
    }
  },
  {
    "model": "hypothalamus.aimodelcreator",
    "pk": 27,
    "fields": {
      "name": "Liquid AI",
      "description": "Creators of LFM hybrid models."
    }
  },
  {
    "model": "hypothalamus.aimodelcreator",
    "pk": 28,
    "fields": {
      "name": "Perplexity",
      "description": "AI search company. Creators of Sonar models."
    }
  },
  {
    "model": "hypothalamus.aimodelcreator",
    "pk": 29,
    "fields": {
      "name": "Essential AI",
      "description": "Creators of RNJ models."
    }
  },
  {
    "model": "hypothalamus.aimodelcreator",
    "pk": 30,
    "fields": {
      "name": "Mixedbread AI",
      "description": "Creators of mxbai embedding models."
    }
  },
  {
    "model": "hypothalamus.aimodelcreator",
    "pk": 31,
    "fields": {
      "name": "Upstage",
      "description": "Creators of Solar models."
    }
  },
  {
    "model": "hypothalamus.aimodelcreator",
    "pk": 32,
    "fields": {
      "name": "TII",
      "description": "Technology Innovation Institute. Creators of Falcon models."
    }
  },
  {
    "model": "hypothalamus.aimodelcreator",
    "pk": 33,
    "fields": {
      "name": "Eric Hartford",
      "description": "Independent researcher. Creator of Dolphin fine-tunes."
    }
  },
  {
    "model": "hypothalamus.aimodelcreator",
    "pk": 34,
    "fields": {
      "name": "StepFun",
      "description": "Chinese AI company. Creators of Step models."
    }
  },
  {
    "model": "hypothalamus.aimodelcreator",
    "pk": 35,
    "fields": {
      "name": "ByteDance",
      "description": "Creators of Seed and Doubao models."
    }
  },
  {
    "model": "hypothalamus.aimodelfamily",
    "pk": 1,
    "fields": {
      "name": "Llama",
      "slug": "llama",
      "description": "Meta's open-source LLM family. Ranges from 1B to 405B parameters."
    }
  },
  {
    "model": "hypothalamus.aimodelfamily",
    "pk": 2,
    "fields": {
      "name": "Qwen",
      "slug": "qwen",
      "description": "Alibaba's multilingual LLM family with strong coding and reasoning."
    }
  },
  {
    "model": "hypothalamus.aimodelfamily",
    "pk": 3,
    "fields": {
      "name": "Qwen Coder",
      "slug": "qwen-coder",
      "description": "Code-specialized Qwen models optimized for generation, reasoning, and fixing."
    }
  },
  {
    "model": "hypothalamus.aimodelfamily",
    "pk": 4,
    "fields": {
      "name": "Gemma",
      "slug": "gemma",
      "description": "Google's lightweight open models. Efficient and capable."
    }
  },
  {
    "model": "hypothalamus.aimodelfamily",
    "pk": 5,
    "fields": {
      "name": "Mistral",
      "slug": "mistral",
      "description": "Mistral AI's core model family. Strong multilingual performance."
    }
  },
  {
    "model": "hypothalamus.aimodelfamily",
    "pk": 6,
    "fields": {
      "name": "Mixtral",
      "slug": "mixtral",
      "description": "Mistral's Mixture-of-Experts models. High throughput."
    }
  },
  {
    "model": "hypothalamus.aimodelfamily",
    "pk": 7,
    "fields": {
      "name": "Phi",
      "slug": "phi",
      "description": "Microsoft's small language models. Strong reasoning for their size."
    }
  },
  {
    "model": "hypothalamus.aimodelfamily",
    "pk": 8,
    "fields": {
      "name": "DeepSeek",
      "slug": "deepseek",
      "description": "DeepSeek's open reasoning and coding models."
    }
  },
  {
    "model": "hypothalamus.aimodelfamily",
    "pk": 9,
    "fields": {
      "name": "DeepSeek Coder",
      "slug": "deepseek-coder",
      "description": "DeepSeek's code-specialized models."
    }
  },
  {
    "model": "hypothalamus.aimodelfamily",
    "pk": 10,
    "fields": {
      "name": "Nomic Embed",
      "slug": "nomic-embed",
      "description": "High-performing open embedding models by Nomic AI."
    }
  },
  {
    "model": "hypothalamus.aimodelfamily",
    "pk": 11,
    "fields": {
      "name": "GPT-OSS",
      "slug": "gpt-oss",
      "description": "OpenAI's open-weight models for reasoning and agentic tasks."
    }
  },
  {
    "model": "hypothalamus.aimodelfamily",
    "pk": 12,
    "fields": {
      "name": "GLM",
      "slug": "glm",
      "description": "Zhipu AI's general language models. Strong multilingual and reasoning."
    }
  },
  {
    "model": "hypothalamus.aimodelfamily",
    "pk": 13,
    "fields": {
      "name": "Command",
      "slug": "command",
      "description": "Cohere's enterprise language models optimized for RAG and tools."
    }
  },
  {
    "model": "hypothalamus.aimodelfamily",
    "pk": 14,
    "fields": {
      "name": "Granite",
      "slug": "granite",
      "description": "IBM's enterprise foundation models for code and language."
    }
  },
  {
    "model": "hypothalamus.aimodelfamily",
    "pk": 15,
    "fields": {
      "name": "CodeLlama",
      "slug": "codellama",
      "description": "Meta's code-specialized Llama models."
    }
  },
  {
    "model": "hypothalamus.aimodelfamily",
    "pk": 16,
    "fields": {
      "name": "Hermes",
      "slug": "hermes",
      "description": "NousResearch's instruction-tuned models. Strong general purpose."
    }
  },
  {
    "model": "hypothalamus.aimodelfamily",
    "pk": 17,
    "fields": {
      "name": "Dolphin",
      "slug": "dolphin",
      "description": "Eric Hartford's uncensored fine-tunes. Multiple base model variants."
    }
  },
  {
    "model": "hypothalamus.aimodelfamily",
    "pk": 18,
    "fields": {
      "name": "StarCoder",
      "slug": "starcoder",
      "description": "BigCode's open code generation models."
    }
  },
  {
    "model": "hypothalamus.aimodelfamily",
    "pk": 19,
    "fields": {
      "name": "LLaVA",
      "slug": "llava",
      "description": "Large Language and Vision Assistant. Multimodal understanding."
    }
  },
  {
    "model": "hypothalamus.aimodelfamily",
    "pk": 20,
    "fields": {
      "name": "Falcon",
      "slug": "falcon",
      "description": "TII's open language models."
    }
  },
  {
    "model": "hypothalamus.aimodelfamily",
    "pk": 21,
    "fields": {
      "name": "Nemotron",
      "slug": "nemotron",
      "description": "NVIDIA's enterprise-grade language models."
    }
  },
  {
    "model": "hypothalamus.aimodelfamily",
    "pk": 22,
    "fields": {
      "name": "Codestral",
      "slug": "codestral",
      "description": "Mistral AI's dedicated code generation model."
    }
  },
  {
    "model": "hypothalamus.aimodelfamily",
    "pk": 23,
    "fields": {
      "name": "Devstral",
      "slug": "devstral",
      "description": "Mistral AI's software engineering agent model."
    }
  },
  {
    "model": "hypothalamus.aimodelfamily",
    "pk": 24,
    "fields": {
      "name": "Magistral",
      "slug": "magistral",
      "description": "Mistral AI's reasoning model."
    }
  },
  {
    "model": "hypothalamus.aimodelfamily",
    "pk": 25,
    "fields": {
      "name": "Ministral",
      "slug": "ministral",
      "description": "Mistral AI's edge deployment models."
    }
  },
  {
    "model": "hypothalamus.aimodelfamily",
    "pk": 26,
    "fields": {
      "name": "Yi",
      "slug": "yi",
      "description": "01.AI's bilingual language models."
    }
  },
  {
    "model": "hypothalamus.aimodelfamily",
    "pk": 27,
    "fields": {
      "name": "Vicuna",
      "slug": "vicuna",
      "description": "UC Berkeley's chat model based on Llama."
    }
  },
  {
    "model": "hypothalamus.aimodelfamily",
    "pk": 28,
    "fields": {
      "name": "Cogito",
      "slug": "cogito",
      "description": "DeepCogito's hybrid reasoning models."
    }
  },
  {
    "model": "hypothalamus.aimodelfamily",
    "pk": 29,
    "fields": {
      "name": "QwQ",
      "slug": "qwq",
      "description": "Qwen's dedicated reasoning model."
    }
  },
  {
    "model": "hypothalamus.aimodelfamily",
    "pk": 30,
    "fields": {
      "name": "Solar",
      "slug": "solar",
      "description": "Upstage's compact language models."
    }
  },
  {
    "model": "hypothalamus.aimodelfamily",
    "pk": 31,
    "fields": {
      "name": "BGE",
      "slug": "bge",
      "description": "BAAI's embedding models for retrieval."
    }
  },
  {
    "model": "hypothalamus.aimodelfamily",
    "pk": 32,
    "fields": {
      "name": "Snowflake Arctic",
      "slug": "snowflake-arctic",
      "description": "Snowflake's embedding models optimized for retrieval."
    }
  },
  {
    "model": "hypothalamus.aimodelfamily",
    "pk": 33,
    "fields": {
      "name": "mxbai",
      "slug": "mxbai",
      "description": "Mixedbread AI's embedding models."
    }
  },
  {
    "model": "hypothalamus.aimodelfamily",
    "pk": 34,
    "fields": {
      "name": "OLMo",
      "slug": "olmo",
      "description": "Allen AI's open language models for scientific research."
    }
  },
  {
    "model": "hypothalamus.aimodelfamily",
    "pk": 35,
    "fields": {
      "name": "DBRX",
      "slug": "dbrx",
      "description": "Databricks' open general-purpose MoE model."
    }
  },
  {
    "model": "hypothalamus.aimodelfamily",
    "pk": 36,
    "fields": {
      "name": "EXAONE",
      "slug": "exaone",
      "description": "LG AI Research's bilingual models."
    }
  },
  {
    "model": "hypothalamus.aimodelfamily",
    "pk": 37,
    "fields": {
      "name": "Kimi",
      "slug": "kimi",
      "description": "Moonshot AI's multimodal and reasoning models."
    }
  },
  {
    "model": "hypothalamus.aimodelfamily",
    "pk": 38,
    "fields": {
      "name": "MiniMax",
      "slug": "minimax",
      "description": "MiniMax's language models for coding and productivity."
    }
  },
  {
    "model": "hypothalamus.aimodelfamily",
    "pk": 39,
    "fields": {
      "name": "LFM",
      "slug": "lfm",
      "description": "Liquid AI's hybrid models for edge deployment."
    }
  },
  {
    "model": "hypothalamus.aimodelfamily",
    "pk": 40,
    "fields": {
      "name": "SmolLM",
      "slug": "smollm",
      "description": "HuggingFace's compact models for edge devices."
    }
  },
  {
    "model": "hypothalamus.aimodelfamily",
    "pk": 41,
    "fields": {
      "name": "Qwen VL",
      "slug": "qwen-vl",
      "description": "Qwen's vision-language models."
    }
  },
  {
    "model": "hypothalamus.aimodelfamily",
    "pk": 42,
    "fields": {
      "name": "InternLM",
      "slug": "internlm",
      "description": "Shanghai AI Lab's open language models."
    }
  },
  {
    "model": "hypothalamus.aimodelfamily",
    "pk": 43,
    "fields": {
      "name": "CodeGemma",
      "slug": "codegemma",
      "description": "Google's code-specialized Gemma models."
    }
  },
  {
    "model": "hypothalamus.aimodelfamily",
    "pk": 44,
    "fields": {
      "name": "OpenThinker",
      "slug": "openthinker",
      "description": "Open-source reasoning models distilled from DeepSeek-R1."
    }
  },
  {
    "model": "hypothalamus.syncstatus",
    "pk": 1,
    "fields": {
      "name": "Running"
    }
  },
  {
    "model": "hypothalamus.syncstatus",
    "pk": 2,
    "fields": {
      "name": "Success"
    }
  },
  {
    "model": "hypothalamus.syncstatus",
    "pk": 3,
    "fields": {
      "name": "Failed"
    }
  },
  {
    "model": "hypothalamus.failovertype",
    "pk": 5,
    "fields": {
      "name": "Local Fallback",
      "description": "Attempt to route to a verified local Ollama model."
    }
  },
  {
    "model": "hypothalamus.failovertype",
    "pk": 6,
    "fields": {
      "name": "Family Failover",
      "description": "Attempt to route to a sibling model in the same family."
    }
  },
  {
    "model": "hypothalamus.failovertype",
    "pk": 7,
    "fields": {
      "name": "Semantic Vector Search",
      "description": "Use Hypothalamus pgvector to find the closest conceptual match."
    }
  },
  {
    "model": "hypothalamus.failovertype",
    "pk": 8,
    "fields": {
      "name": "Strict Fail",
      "description": "Halt execution and return a routing error."
    }
  },
  {
    "model": "hypothalamus.failoverstrategy",
    "pk": 4,
    "fields": {
      "name": "Standard Cloud",
      "description": "Standard API routing with semantic fallback."
    }
  },
  {
    "model": "hypothalamus.failoverstrategy",
    "pk": 5,
    "fields": {
      "name": "Local First",
      "description": "Prioritize free local models before touching the cloud."
    }
  },
  {
    "model": "hypothalamus.failoverstrategy",
    "pk": 6,
    "fields": {
      "name": "Strict Requirement",
      "description": "Do not deviate from the requested model family."
    }
  },
  {
    "model": "hypothalamus.failoverstrategystep",
    "pk": 9,
    "fields": {
      "strategy": 4,
      "failover_type": 6,
      "order": 1
    }
  },
  {
    "model": "hypothalamus.failoverstrategystep",
    "pk": 10,
    "fields": {
      "strategy": 4,
      "failover_type": 7,
      "order": 2
    }
  },
  {
    "model": "hypothalamus.failoverstrategystep",
    "pk": 11,
    "fields": {
      "strategy": 4,
      "failover_type": 8,
      "order": 3
    }
  },
  {
    "model": "hypothalamus.failoverstrategystep",
    "pk": 12,
    "fields": {
      "strategy": 5,
      "failover_type": 5,
      "order": 1
    }
  },
  {
    "model": "hypothalamus.failoverstrategystep",
    "pk": 13,
    "fields": {
      "strategy": 5,
      "failover_type": 7,
      "order": 2
    }
  },
  {
    "model": "hypothalamus.failoverstrategystep",
    "pk": 14,
    "fields": {
      "strategy": 5,
      "failover_type": 8,
      "order": 3
    }
  },
  {
    "model": "hypothalamus.failoverstrategystep",
    "pk": 15,
    "fields": {
      "strategy": 6,
      "failover_type": 6,
      "order": 1
    }
  },
  {
    "model": "hypothalamus.failoverstrategystep",
    "pk": 16,
    "fields": {
      "strategy": 6,
      "failover_type": 8,
      "order": 2
    }
  },
  {
    "model": "hypothalamus.aimodelselectionfilter",
    "pk": 1,
    "fields": {
      "name": "Core Engineering Task",
      "failover_strategy": 4,
      "preferred_model": null,
      "local_failover": null,
      "required_capabilities": [],
      "banned_providers": [],
      "preferred_categories": [],
      "preferred_tags": [],
      "preferred_roles": []
    }
  },
  {
    "model": "hypothalamus.aimodelselectionfilter",
    "pk": 2,
    "fields": {
      "name": "Local Coder",
      "failover_strategy": 6,
      "preferred_model": 3002,
      "local_failover": 3002,
      "required_capabilities": [
        2
      ],
      "banned_providers": [],
      "preferred_categories": [],
      "preferred_tags": [],
      "preferred_roles": [
        2,
        3,
        4
      ]
    }
  },
  {
    "model": "hypothalamus.aimodelselectionfilter",
    "pk": 3,
    "fields": {
      "name": "Thalamus",
      "failover_strategy": 6,
      "preferred_model": 3003,
      "local_failover": 3001,
      "required_capabilities": [],
      "banned_providers": [],
      "preferred_categories": [],
      "preferred_tags": [],
      "preferred_roles": []
    }
  },
  {
    "model": "hypothalamus.aimodel",
    "pk": "39168c4d-ed2a-54e5-98ce-1c992dff4ec8",
    "fields": {
      "name": "nomic-embed-text",
      "description": "A high-performing open embedding model with a large token context window. 768-dimensional vectors. The default embedding engine for Are-Self Hippocampus.",
      "creator": 12,
      "parameter_size": 0.137,
      "family": 10,
      "version": null,
      "context_length": 8192,
      "enabled": true,
      "deprecation_date": null,
      "roles": [
        5
      ],
      "quantizations": [],
      "capabilities": []
    }
  },
  {
    "model": "hypothalamus.aimodelprovider",
    "pk": 3000,
    "fields": {
      "created": "2026-04-01T00:00:00.000Z",
      "modified": "2026-04-01T00:00:00.000Z",
      "rate_limited_on": null,
      "rate_limit_reset_time": null,
      "rate_limit_reset_interval": "00:01:00",
      "rate_limit_counter": 0,
      "rate_limit_total_failures": 0,
      "is_enabled": true,
      "ai_model": "39168c4d-ed2a-54e5-98ce-1c992dff4ec8",
      "provider": 64,
      "provider_unique_model_id": "ollama/nomic-embed-text",
      "mode": 3,
      "max_tokens": null,
      "max_input_tokens": null,
      "max_output_tokens": null,
      "disabled_capabilities": []
    }
  },
  {
    "model": "hypothalamus.aimodelpricing",
    "pk": 1,
    "fields": {
      "created": "2026-04-01T00:00:00.000Z",
      "modified": "2026-04-01T00:00:00.000Z",
      "is_current": true,
      "is_active": true,
      "model_provider": 3000,
      "input_cost_per_token": "0.000000000000000",
      "output_cost_per_token": "0.000000000000000",
      "input_cost_per_character": null,
      "output_cost_per_character": null,
      "input_cost_per_token_above_128k_tokens": null,
      "output_cost_per_token_above_128k_tokens": null,
      "output_cost_per_character_above_128k_tokens": null,
      "output_cost_per_reasoning_token": null,
      "cache_read_input_token_cost": null,
      "cache_creation_input_token_cost": null,
      "input_cost_per_audio_token": null,
      "output_vector_size": null
    }
  },
  {
    "model": "hypothalamus.aimodel",
    "pk": "e04b72ca-d3f7-57c0-b222-22f195ec0067",
    "fields": {
      "name": "llama3.2:3b",
      "description": "Meta's compact 3B parameter model. Fast inference, strong instruction following, tool use capable. Ideal for lightweight reasoning tasks on consumer hardware.",
      "creator": 1,
      "parameter_size": 3.0,
      "family": 1,
      "version": null,
      "context_length": 131072,
      "enabled": true,
      "deprecation_date": null,
      "roles": [
        1,
        2
      ],
      "quantizations": [],
      "capabilities": [
        2,
        1
      ]
    }
  },
  {
    "model": "hypothalamus.aimodelprovider",
    "pk": 3001,
    "fields": {
      "created": "2026-04-01T00:00:00.000Z",
      "modified": "2026-04-01T00:00:00.000Z",
      "rate_limited_on": null,
      "rate_limit_reset_time": null,
      "rate_limit_reset_interval": "00:01:00",
      "rate_limit_counter": 0,
      "rate_limit_total_failures": 0,
      "is_enabled": true,
      "ai_model": "e04b72ca-d3f7-57c0-b222-22f195ec0067",
      "provider": 64,
      "provider_unique_model_id": "ollama/llama3.2:3b",
      "mode": 2,
      "max_tokens": null,
      "max_input_tokens": null,
      "max_output_tokens": null,
      "disabled_capabilities": []
    }
  },
  {
    "model": "hypothalamus.aimodelpricing",
    "pk": 2,
    "fields": {
      "created": "2026-04-01T00:00:00.000Z",
      "modified": "2026-04-01T00:00:00.000Z",
      "is_current": true,
      "is_active": true,
      "model_provider": 3001,
      "input_cost_per_token": "0.000000000000000",
      "output_cost_per_token": "0.000000000000000",
      "input_cost_per_character": null,
      "output_cost_per_character": null,
      "input_cost_per_token_above_128k_tokens": null,
      "output_cost_per_token_above_128k_tokens": null,
      "output_cost_per_character_above_128k_tokens": null,
      "output_cost_per_reasoning_token": null,
      "cache_read_input_token_cost": null,
      "cache_creation_input_token_cost": null,
      "input_cost_per_audio_token": null,
      "output_vector_size": null
    }
  },
  {
    "model": "hypothalamus.aimodel",
    "pk": "3ca370b6-5e75-5058-9172-4b4e376c408d",
    "fields": {
      "name": "qwen2.5-coder:7b",
      "description": "Alibaba's code-specialized 7B model. Excellent code generation, reasoning, and fixing. Supports function calling for tool-use workflows.",
      "creator": 2,
      "parameter_size": 7.0,
      "family": 3,
      "version": null,
      "context_length": 131072,
      "enabled": true,
      "deprecation_date": null,
      "roles": [
        3,
        1
      ],
      "quantizations": [],
      "capabilities": [
        2,
        1
      ]
    }
  },
  {
    "model": "hypothalamus.aimodelprovider",
    "pk": 3002,
    "fields": {
      "created": "2026-04-01T00:00:00.000Z",
      "modified": "2026-04-01T00:00:00.000Z",
      "rate_limited_on": null,
      "rate_limit_reset_time": null,
      "rate_limit_reset_interval": "00:01:00",
      "rate_limit_counter": 0,
      "rate_limit_total_failures": 0,
      "is_enabled": true,
      "ai_model": "3ca370b6-5e75-5058-9172-4b4e376c408d",
      "provider": 64,
      "provider_unique_model_id": "ollama/qwen2.5-coder:7b",
      "mode": 2,
      "max_tokens": null,
      "max_input_tokens": null,
      "max_output_tokens": null,
      "disabled_capabilities": []
    }
  },
  {
    "model": "hypothalamus.aimodelpricing",
    "pk": 3,
    "fields": {
      "created": "2026-04-01T00:00:00.000Z",
      "modified": "2026-04-01T00:00:00.000Z",
      "is_current": true,
      "is_active": true,
      "model_provider": 3002,
      "input_cost_per_token": "0.000000000000000",
      "output_cost_per_token": "0.000000000000000",
      "input_cost_per_character": null,
      "output_cost_per_character": null,
      "input_cost_per_token_above_128k_tokens": null,
      "output_cost_per_token_above_128k_tokens": null,
      "output_cost_per_character_above_128k_tokens": null,
      "output_cost_per_reasoning_token": null,
      "cache_read_input_token_cost": null,
      "cache_creation_input_token_cost": null,
      "input_cost_per_audio_token": null,
      "output_vector_size": null
    }
  },
  {
    "model": "hypothalamus.aimodel",
    "pk": "c2c359f7-4474-5a33-a1ba-2bf2a26bf5b1",
    "fields": {
      "name": "gemma3:4b",
      "description": "Google's efficient 4B parameter model with vision capabilities. Processes images alongside text. Strong performance for its size.",
      "creator": 5,
      "parameter_size": 4.0,
      "family": 4,
      "version": null,
      "context_length": 131072,
      "enabled": true,
      "deprecation_date": null,
      "roles": [
        2,
        6
      ],
      "quantizations": [],
      "capabilities": [
        6,
        1
      ]
    }
  },
  {
    "model": "hypothalamus.aimodelprovider",
    "pk": 3003,
    "fields": {
      "created": "2026-04-01T00:00:00.000Z",
      "modified": "2026-04-01T00:00:00.000Z",
      "rate_limited_on": null,
      "rate_limit_reset_time": null,
      "rate_limit_reset_interval": "00:01:00",
      "rate_limit_counter": 0,
      "rate_limit_total_failures": 0,
      "is_enabled": true,
      "ai_model": "c2c359f7-4474-5a33-a1ba-2bf2a26bf5b1",
      "provider": 64,
      "provider_unique_model_id": "ollama/gemma3:4b",
      "mode": 2,
      "max_tokens": null,
      "max_input_tokens": null,
      "max_output_tokens": null,
      "disabled_capabilities": []
    }
  },
  {
    "model": "hypothalamus.aimodelpricing",
    "pk": 4,
    "fields": {
      "created": "2026-04-01T00:00:00.000Z",
      "modified": "2026-04-01T00:00:00.000Z",
      "is_current": true,
      "is_active": true,
      "model_provider": 3003,
      "input_cost_per_token": "0.000000000000000",
      "output_cost_per_token": "0.000000000000000",
      "input_cost_per_character": null,
      "output_cost_per_character": null,
      "input_cost_per_token_above_128k_tokens": null,
      "output_cost_per_token_above_128k_tokens": null,
      "output_cost_per_character_above_128k_tokens": null,
      "output_cost_per_reasoning_token": null,
      "cache_read_input_token_cost": null,
      "cache_creation_input_token_cost": null,
      "input_cost_per_audio_token": null,
      "output_vector_size": null
    }
  }
]