[
  {
    "model": "hypothalamus.llmprovider",
    "pk": 64,
    "fields": {
      "created": "2026-03-23T17:34:10.978Z",
      "modified": "2026-03-25T00:20:23.879Z",
      "name": "Ollama",
      "description": "Local model inference via Ollama. Free, private, runs on consumer hardware.",
      "key": "ollama",
      "base_url": "http://localhost:11434",
      "chat_path": "/v1/chat/completions",
      "requires_api_key": false,
      "api_key_header": "Authorization",
      "api_key_env_var": "HOME"
    }
  },
  {
    "model": "hypothalamus.aimodelcapabilities",
    "pk": 1,
    "fields": {
      "name": "system_messages",
      "description": null
    }
  },
  {
    "model": "hypothalamus.aimodelcapabilities",
    "pk": 2,
    "fields": {
      "name": "function_calling",
      "description": null
    }
  },
  {
    "model": "hypothalamus.aimodelcapabilities",
    "pk": 3,
    "fields": {
      "name": "pdf_input",
      "description": null
    }
  },
  {
    "model": "hypothalamus.aimodelcapabilities",
    "pk": 4,
    "fields": {
      "name": "prompt_caching",
      "description": null
    }
  },
  {
    "model": "hypothalamus.aimodelcapabilities",
    "pk": 5,
    "fields": {
      "name": "response_schema",
      "description": null
    }
  },
  {
    "model": "hypothalamus.aimodelcapabilities",
    "pk": 6,
    "fields": {
      "name": "vision",
      "description": null
    }
  },
  {
    "model": "hypothalamus.aimodelcapabilities",
    "pk": 7,
    "fields": {
      "name": "reasoning",
      "description": null
    }
  },
  {
    "model": "hypothalamus.aimodelcapabilities",
    "pk": 8,
    "fields": {
      "name": "video_input",
      "description": null
    }
  },
  {
    "model": "hypothalamus.aimodelcapabilities",
    "pk": 9,
    "fields": {
      "name": "embedding_image_input",
      "description": null
    }
  },
  {
    "model": "hypothalamus.aimodelcapabilities",
    "pk": 10,
    "fields": {
      "name": "image_input",
      "description": null
    }
  },
  {
    "model": "hypothalamus.aimodelcapabilities",
    "pk": 11,
    "fields": {
      "name": "audio_input",
      "description": null
    }
  },
  {
    "model": "hypothalamus.aimodelcapabilities",
    "pk": 12,
    "fields": {
      "name": "assistant_prefill",
      "description": null
    }
  },
  {
    "model": "hypothalamus.aimodelcapabilities",
    "pk": 13,
    "fields": {
      "name": "tool_choice",
      "description": null
    }
  },
  {
    "model": "hypothalamus.aimodelcapabilities",
    "pk": 14,
    "fields": {
      "name": "computer_use",
      "description": null
    }
  },
  {
    "model": "hypothalamus.aimodelcapabilities",
    "pk": 15,
    "fields": {
      "name": "native_streaming",
      "description": null
    }
  },
  {
    "model": "hypothalamus.aimodelcapabilities",
    "pk": 16,
    "fields": {
      "name": "parallel_function_calling",
      "description": null
    }
  },
  {
    "model": "hypothalamus.aimodelcapabilities",
    "pk": 17,
    "fields": {
      "name": "audio_output",
      "description": null
    }
  },
  {
    "model": "hypothalamus.aimodelcapabilities",
    "pk": 18,
    "fields": {
      "name": "none_reasoning_effort",
      "description": null
    }
  },
  {
    "model": "hypothalamus.aimodelcapabilities",
    "pk": 19,
    "fields": {
      "name": "service_tier",
      "description": null
    }
  },
  {
    "model": "hypothalamus.aimodelcapabilities",
    "pk": 20,
    "fields": {
      "name": "minimal_reasoning_effort",
      "description": null
    }
  },
  {
    "model": "hypothalamus.aimodelcapabilities",
    "pk": 21,
    "fields": {
      "name": "web_search",
      "description": null
    }
  },
  {
    "model": "hypothalamus.aimodelcapabilities",
    "pk": 22,
    "fields": {
      "name": "url_context",
      "description": null
    }
  },
  {
    "model": "hypothalamus.aimodelcapabilities",
    "pk": 23,
    "fields": {
      "name": "code_execution",
      "description": null
    }
  },
  {
    "model": "hypothalamus.aimodelcapabilities",
    "pk": 24,
    "fields": {
      "name": "file_search",
      "description": null
    }
  },
  {
    "model": "hypothalamus.aimodelcapabilities",
    "pk": 25,
    "fields": {
      "name": "multimodal",
      "description": null
    }
  },
  {
    "model": "hypothalamus.aimodelcapabilities",
    "pk": 26,
    "fields": {
      "name": "xhigh_reasoning_effort",
      "description": null
    }
  },
  {
    "model": "hypothalamus.aimodelcapabilities",
    "pk": 27,
    "fields": {
      "name": "preset",
      "description": null
    }
  },
  {
    "model": "hypothalamus.aimode",
    "pk": 1,
    "fields": {
      "name": "image_generation",
      "description": null
    }
  },
  {
    "model": "hypothalamus.aimode",
    "pk": 2,
    "fields": {
      "name": "chat",
      "description": null
    }
  },
  {
    "model": "hypothalamus.aimode",
    "pk": 3,
    "fields": {
      "name": "embedding",
      "description": null
    }
  },
  {
    "model": "hypothalamus.aimode",
    "pk": 4,
    "fields": {
      "name": "rerank",
      "description": null
    }
  },
  {
    "model": "hypothalamus.aimode",
    "pk": 5,
    "fields": {
      "name": "audio_transcription",
      "description": null
    }
  },
  {
    "model": "hypothalamus.aimode",
    "pk": 6,
    "fields": {
      "name": "responses",
      "description": null
    }
  },
  {
    "model": "hypothalamus.aimode",
    "pk": 7,
    "fields": {
      "name": "completion",
      "description": null
    }
  },
  {
    "model": "hypothalamus.aimode",
    "pk": 8,
    "fields": {
      "name": "audio_speech",
      "description": null
    }
  },
  {
    "model": "hypothalamus.aimode",
    "pk": 9,
    "fields": {
      "name": "ocr",
      "description": null
    }
  },
  {
    "model": "hypothalamus.aimode",
    "pk": 10,
    "fields": {
      "name": "image_edit",
      "description": null
    }
  },
  {
    "model": "hypothalamus.aimode",
    "pk": 11,
    "fields": {
      "name": "search",
      "description": null
    }
  },
  {
    "model": "hypothalamus.aimode",
    "pk": 12,
    "fields": {
      "name": "realtime",
      "description": null
    }
  },
  {
    "model": "hypothalamus.aimode",
    "pk": 13,
    "fields": {
      "name": "video_generation",
      "description": null
    }
  },
  {
    "model": "hypothalamus.aimode",
    "pk": 14,
    "fields": {
      "name": "moderation",
      "description": null
    }
  },
  {
    "model": "hypothalamus.aimode",
    "pk": 15,
    "fields": {
      "name": "vector_store",
      "description": null
    }
  },
  {
    "model": "hypothalamus.aimodelrole",
    "pk": 1,
    "fields": {
      "name": "Instruct",
      "description": "Instruction-tuned for dialogue and tasks."
    }
  },
  {
    "model": "hypothalamus.aimodelrole",
    "pk": 2,
    "fields": {
      "name": "Chat",
      "description": "Optimized for conversational back-and-forth."
    }
  },
  {
    "model": "hypothalamus.aimodelrole",
    "pk": 3,
    "fields": {
      "name": "Coder",
      "description": "Fine-tuned specifically on programming languages."
    }
  },
  {
    "model": "hypothalamus.aimodelrole",
    "pk": 4,
    "fields": {
      "name": "Reasoning",
      "description": "Uses chain-of-thought or thinking tokens before replying."
    }
  },
  {
    "model": "hypothalamus.aimodelrole",
    "pk": 5,
    "fields": {
      "name": "Embedding",
      "description": "Converts text into mathematical vectors."
    }
  },
  {
    "model": "hypothalamus.aimodelrole",
    "pk": 6,
    "fields": {
      "name": "Multimodal",
      "description": "Handles vision, audio, or video inputs alongside text."
    }
  },
  {
    "model": "hypothalamus.aimodelrole",
    "pk": 7,
    "fields": {
      "name": "Uncensored",
      "description": "Alignment and safety guardrails removed."
    }
  },
  {
    "model": "hypothalamus.aimodelquantization",
    "pk": 1,
    "fields": {
      "name": "fp16",
      "description": "16-bit floating point (standard unquantized)."
    }
  },
  {
    "model": "hypothalamus.aimodelquantization",
    "pk": 2,
    "fields": {
      "name": "fp8",
      "description": "8-bit floating point."
    }
  },
  {
    "model": "hypothalamus.aimodelquantization",
    "pk": 3,
    "fields": {
      "name": "awq",
      "description": "Activation-aware Weight Quantization."
    }
  },
  {
    "model": "hypothalamus.aimodelquantization",
    "pk": 4,
    "fields": {
      "name": "gptq",
      "description": "Accurate Post-Training Quantization."
    }
  },
  {
    "model": "hypothalamus.aimodelquantization",
    "pk": 5,
    "fields": {
      "name": "gguf",
      "description": "Standard format for local CPU/GPU inference via llama.cpp."
    }
  },
  {
    "model": "hypothalamus.aimodelcreator",
    "pk": 1,
    "fields": {
      "name": "Meta",
      "description": "Meta AI (formerly Facebook)"
    }
  },
  {
    "model": "hypothalamus.aimodelcreator",
    "pk": 2,
    "fields": {
      "name": "Alibaba",
      "description": "Alibaba Cloud"
    }
  },
  {
    "model": "hypothalamus.aimodelcreator",
    "pk": 3,
    "fields": {
      "name": "Mistral AI",
      "description": "Mistral AI"
    }
  },
  {
    "model": "hypothalamus.aimodelcreator",
    "pk": 4,
    "fields": {
      "name": "OpenAI",
      "description": "OpenAI"
    }
  },
  {
    "model": "hypothalamus.aimodelcreator",
    "pk": 5,
    "fields": {
      "name": "Google",
      "description": "Google DeepMind"
    }
  },
  {
    "model": "hypothalamus.aimodelcreator",
    "pk": 6,
    "fields": {
      "name": "Anthropic",
      "description": "Anthropic"
    }
  },
  {
    "model": "hypothalamus.aimodelcreator",
    "pk": 7,
    "fields": {
      "name": "DeepSeek",
      "description": "DeepSeek AI"
    }
  },
  {
    "model": "hypothalamus.aimodelcreator",
    "pk": 8,
    "fields": {
      "name": "Microsoft",
      "description": "Microsoft Research"
    }
  },
  {
    "model": "hypothalamus.aimodelcreator",
    "pk": 9,
    "fields": {
      "name": "xAI",
      "description": "xAI"
    }
  },
  {
    "model": "hypothalamus.aimodelcreator",
    "pk": 10,
    "fields": {
      "name": "Black Forest Labs",
      "description": "Creators of the FLUX image generation models."
    }
  },
  {
    "model": "hypothalamus.aimodelcreator",
    "pk": 11,
    "fields": {
      "name": "Bria AI",
      "description": "Commercial visual generative AI platform."
    }
  },
  {
    "model": "hypothalamus.aimodelcreator",
    "pk": 12,
    "fields": {
      "name": "Nomic AI",
      "description": "Creators of nomic-embed-text embedding models."
    }
  },
  {
    "model": "hypothalamus.aimodelcreator",
    "pk": 13,
    "fields": {
      "name": "Cohere",
      "description": "Enterprise AI company. Creators of Command and Embed models."
    }
  },
  {
    "model": "hypothalamus.aimodelcreator",
    "pk": 14,
    "fields": {
      "name": "IBM",
      "description": "IBM Research. Creators of the Granite model family."
    }
  },
  {
    "model": "hypothalamus.aimodelcreator",
    "pk": 15,
    "fields": {
      "name": "NousResearch",
      "description": "Open-source AI research lab. Creators of Hermes models."
    }
  },
  {
    "model": "hypothalamus.aimodelcreator",
    "pk": 16,
    "fields": {
      "name": "NVIDIA",
      "description": "Creators of Nemotron models for enterprise AI."
    }
  },
  {
    "model": "hypothalamus.aimodelcreator",
    "pk": 17,
    "fields": {
      "name": "Zhipu AI",
      "description": "Chinese AI lab. Creators of the GLM model family."
    }
  },
  {
    "model": "hypothalamus.aimodelcreator",
    "pk": 18,
    "fields": {
      "name": "BigCode",
      "description": "Open-source project. Creators of StarCoder models."
    }
  },
  {
    "model": "hypothalamus.aimodelcreator",
    "pk": 19,
    "fields": {
      "name": "Moonshot",
      "description": "Chinese AI lab. Creators of Kimi models."
    }
  },
  {
    "model": "hypothalamus.aimodelcreator",
    "pk": 20,
    "fields": {
      "name": "BAAI",
      "description": "Beijing Academy of AI. Creators of BGE embedding models."
    }
  },
  {
    "model": "hypothalamus.aimodelcreator",
    "pk": 21,
    "fields": {
      "name": "Snowflake",
      "description": "Creators of Arctic embedding models."
    }
  },
  {
    "model": "hypothalamus.aimodelcreator",
    "pk": 22,
    "fields": {
      "name": "MiniMax",
      "description": "Chinese AI company. Creators of MiniMax language models."
    }
  },
  {
    "model": "hypothalamus.aimodelcreator",
    "pk": 23,
    "fields": {
      "name": "Allen AI",
      "description": "Allen Institute for AI. Creators of OLMo models."
    }
  },
  {
    "model": "hypothalamus.aimodelcreator",
    "pk": 24,
    "fields": {
      "name": "LG AI Research",
      "description": "Creators of EXAONE models."
    }
  },
  {
    "model": "hypothalamus.aimodelcreator",
    "pk": 25,
    "fields": {
      "name": "Databricks",
      "description": "Creators of DBRX."
    }
  },
  {
    "model": "hypothalamus.aimodelcreator",
    "pk": 26,
    "fields": {
      "name": "DeepCogito",
      "description": "Creators of Cogito reasoning models."
    }
  },
  {
    "model": "hypothalamus.aimodelcreator",
    "pk": 27,
    "fields": {
      "name": "Liquid AI",
      "description": "Creators of LFM hybrid models."
    }
  },
  {
    "model": "hypothalamus.aimodelcreator",
    "pk": 28,
    "fields": {
      "name": "Perplexity",
      "description": "AI search company. Creators of Sonar models."
    }
  },
  {
    "model": "hypothalamus.aimodelcreator",
    "pk": 29,
    "fields": {
      "name": "Essential AI",
      "description": "Creators of RNJ models."
    }
  },
  {
    "model": "hypothalamus.aimodelcreator",
    "pk": 30,
    "fields": {
      "name": "Mixedbread AI",
      "description": "Creators of mxbai embedding models."
    }
  },
  {
    "model": "hypothalamus.aimodelcreator",
    "pk": 31,
    "fields": {
      "name": "Upstage",
      "description": "Creators of Solar models."
    }
  },
  {
    "model": "hypothalamus.aimodelcreator",
    "pk": 32,
    "fields": {
      "name": "TII",
      "description": "Technology Innovation Institute. Creators of Falcon models."
    }
  },
  {
    "model": "hypothalamus.aimodelcreator",
    "pk": 33,
    "fields": {
      "name": "Eric Hartford",
      "description": "Independent researcher. Creator of Dolphin fine-tunes."
    }
  },
  {
    "model": "hypothalamus.aimodelcreator",
    "pk": 34,
    "fields": {
      "name": "StepFun",
      "description": "Chinese AI company. Creators of Step models."
    }
  },
  {
    "model": "hypothalamus.aimodelcreator",
    "pk": 35,
    "fields": {
      "name": "ByteDance",
      "description": "Creators of Seed and Doubao models."
    }
  },
  {
    "model": "hypothalamus.aimodelfamily",
    "pk": 1,
    "fields": {
      "name": "Llama",
      "slug": "llama",
      "description": "Meta's open-source large language model family. Ranges from 1B to 405B parameters. Known for strong instruction following, multilingual support, and tool use. The most widely deployed open model family in the world. Llama 3.2 introduced compact 1B/3B models; Llama 3.1 scaled to 405B; Llama 4 added MoE architecture with vision."
    }
  },
  {
    "model": "hypothalamus.aimodelfamily",
    "pk": 2,
    "fields": {
      "name": "Qwen",
      "slug": "qwen",
      "description": "Alibaba's multilingual large language model family. Pretrained on up to 18 trillion tokens. Supports 128K context with strong performance across English, Chinese, and many other languages. Known for excellent coding, math, and reasoning capabilities."
    }
  },
  {
    "model": "hypothalamus.aimodelfamily",
    "pk": 3,
    "fields": {
      "name": "Qwen Coder",
      "slug": "qwen-coder",
      "description": "Code-specialized Qwen models optimized for code generation, reasoning, fixing, and agentic coding workflows. Support function calling and long context for repository-scale understanding."
    }
  },
  {
    "model": "hypothalamus.aimodelfamily",
    "pk": 4,
    "fields": {
      "name": "Gemma",
      "slug": "gemma",
      "description": "Google DeepMind's lightweight open models. Efficient and capable, designed to run well on consumer hardware including laptops and phones. Gemma 3 added vision capabilities and 128K context."
    }
  },
  {
    "model": "hypothalamus.aimodelfamily",
    "pk": 5,
    "fields": {
      "name": "Mistral",
      "slug": "mistral",
      "description": "Mistral AI's core model family. Strong multilingual performance with efficient architectures. Known for excellent instruction following and tool use at compact sizes."
    }
  },
  {
    "model": "hypothalamus.aimodelfamily",
    "pk": 6,
    "fields": {
      "name": "Mixtral",
      "slug": "mixtral",
      "description": "Mistral's Mixture-of-Experts models. Multiple expert networks activated selectively for high throughput and quality. Available in 8x7B and 8x22B configurations."
    }
  },
  {
    "model": "hypothalamus.aimodelfamily",
    "pk": 7,
    "fields": {
      "name": "Phi",
      "slug": "phi",
      "description": "Microsoft Research's small language models. Demonstrate that carefully curated training data can produce models that punch well above their weight class in reasoning, math, and coding."
    }
  },
  {
    "model": "hypothalamus.aimodelfamily",
    "pk": 8,
    "fields": {
      "name": "DeepSeek",
      "slug": "deepseek",
      "description": "DeepSeek's open reasoning and coding models. The R1 series uses chain-of-thought thinking tokens and approaches frontier model performance on math, logic, and code. The V3 series uses MoE with 671B total parameters."
    }
  },
  {
    "model": "hypothalamus.aimodelfamily",
    "pk": 9,
    "fields": {
      "name": "DeepSeek Coder",
      "slug": "deepseek-coder",
      "description": "DeepSeek's code-specialized models. Trained on 2 trillion code and natural language tokens. Strong code generation and understanding across many programming languages."
    }
  },
  {
    "model": "hypothalamus.aimodelfamily",
    "pk": 10,
    "fields": {
      "name": "Nomic Embed",
      "slug": "nomic-embed",
      "description": "Nomic AI's open embedding models. Produce 768-dimensional vectors with large token context windows. The default embedding engine for Are-Self's Hippocampus memory system."
    }
  },
  {
    "model": "hypothalamus.aimodelfamily",
    "pk": 11,
    "fields": {
      "name": "GPT-OSS",
      "slug": "gpt-oss",
      "description": "OpenAI's open-weight models. Designed for powerful reasoning, agentic tasks, and versatile developer use cases. Available in 20B and 120B sizes with tool use and thinking support."
    }
  },
  {
    "model": "hypothalamus.aimodelfamily",
    "pk": 12,
    "fields": {
      "name": "GLM",
      "slug": "glm",
      "description": "Zhipu AI's General Language Model family. Strong multilingual performance with thinking and tool support. GLM-4.7 Flash is the strongest in the 30B class, balancing performance and efficiency."
    }
  },
  {
    "model": "hypothalamus.aimodelfamily",
    "pk": 13,
    "fields": {
      "name": "Command",
      "slug": "command",
      "description": "Cohere's enterprise language models. Optimized for conversational interaction, retrieval-augmented generation, and long context tasks. Strong tool use capabilities."
    }
  },
  {
    "model": "hypothalamus.aimodelfamily",
    "pk": 14,
    "fields": {
      "name": "Granite",
      "slug": "granite",
      "description": "IBM's enterprise foundation models for code and language. Designed for tool-based use cases, RAG, and code intelligence. Available in dense and MoE architectures."
    }
  },
  {
    "model": "hypothalamus.aimodelfamily",
    "pk": 15,
    "fields": {
      "name": "CodeLlama",
      "slug": "codellama",
      "description": "Meta's code-specialized Llama models. Trained on code-heavy datasets for generation, completion, and code discussion. Available from 7B to 70B."
    }
  },
  {
    "model": "hypothalamus.aimodelfamily",
    "pk": 16,
    "fields": {
      "name": "Hermes",
      "slug": "hermes",
      "description": "NousResearch's instruction-tuned models. General purpose with strong tool use. Built on various base models (Llama, Mixtral) with high-quality training data."
    }
  },
  {
    "model": "hypothalamus.aimodelfamily",
    "pk": 17,
    "fields": {
      "name": "Dolphin",
      "slug": "dolphin",
      "description": "Eric Hartford's uncensored fine-tunes. General purpose local models enabling coding, math, agentic tasks, and function calling without alignment restrictions."
    }
  },
  {
    "model": "hypothalamus.aimodelfamily",
    "pk": 18,
    "fields": {
      "name": "StarCoder",
      "slug": "starcoder",
      "description": "BigCode's open code generation models. Trained transparently on permissive-licensed code. Available from 3B to 15B parameters."
    }
  },
  {
    "model": "hypothalamus.aimodelfamily",
    "pk": 19,
    "fields": {
      "name": "LLaVA",
      "slug": "llava",
      "description": "Large Language and Vision Assistant. End-to-end trained multimodal models combining vision encoders with language models for general-purpose visual and language understanding."
    }
  },
  {
    "model": "hypothalamus.aimodelfamily",
    "pk": 20,
    "fields": {
      "name": "Falcon",
      "slug": "falcon",
      "description": "Technology Innovation Institute's open language models. Designed for summarization, text generation, and conversational use. Available from 7B to 180B."
    }
  },
  {
    "model": "hypothalamus.aimodelfamily",
    "pk": 21,
    "fields": {
      "name": "Nemotron",
      "slug": "nemotron",
      "description": "NVIDIA's enterprise-grade language models. Customized for helpfulness in enterprise applications. Strong tool use and instruction following."
    }
  },
  {
    "model": "hypothalamus.aimodelfamily",
    "pk": 22,
    "fields": {
      "name": "Codestral",
      "slug": "codestral",
      "description": "Mistral AI's first dedicated code generation model. 22B parameters optimized specifically for code tasks."
    }
  },
  {
    "model": "hypothalamus.aimodelfamily",
    "pk": 23,
    "fields": {
      "name": "Devstral",
      "slug": "devstral",
      "description": "Mistral AI's model for software engineering agents. Excels at codebase exploration, multi-file editing, and powering coding agents."
    }
  },
  {
    "model": "hypothalamus.aimodelfamily",
    "pk": 24,
    "fields": {
      "name": "Magistral",
      "slug": "magistral",
      "description": "Mistral AI's reasoning model. Small, efficient 24B model with thinking token support for complex reasoning tasks."
    }
  },
  {
    "model": "hypothalamus.aimodelfamily",
    "pk": 25,
    "fields": {
      "name": "Ministral",
      "slug": "ministral",
      "description": "Mistral AI's edge deployment family. Designed for wide hardware compatibility including mobile and IoT devices. Vision and tool capable."
    }
  },
  {
    "model": "hypothalamus.aimodelfamily",
    "pk": 26,
    "fields": {
      "name": "Yi",
      "slug": "yi",
      "description": "01.AI's bilingual language models. High-performing in English and Chinese."
    }
  },
  {
    "model": "hypothalamus.aimodelfamily",
    "pk": 27,
    "fields": {
      "name": "Vicuna",
      "slug": "vicuna",
      "description": "UC Berkeley's chat model based on Llama. One of the earliest high-quality open chat models, trained on user-shared conversations."
    }
  },
  {
    "model": "hypothalamus.aimodelfamily",
    "pk": 28,
    "fields": {
      "name": "Cogito",
      "slug": "cogito",
      "description": "DeepCogito's hybrid reasoning models. Outperform counterparts from Llama, DeepSeek, and Qwen at similar sizes across standard benchmarks."
    }
  },
  {
    "model": "hypothalamus.aimodelfamily",
    "pk": 29,
    "fields": {
      "name": "QwQ",
      "slug": "qwq",
      "description": "Qwen's dedicated reasoning model. Uses extended thinking tokens for complex problem-solving with tool use support."
    }
  },
  {
    "model": "hypothalamus.aimodelfamily",
    "pk": 30,
    "fields": {
      "name": "Solar",
      "slug": "solar",
      "description": "Upstage's compact language models. Designed for single-turn conversation and efficient deployment."
    }
  },
  {
    "model": "hypothalamus.aimodelfamily",
    "pk": 31,
    "fields": {
      "name": "BGE",
      "slug": "bge",
      "description": "BAAI's embedding models. Versatile multi-functionality, multi-linguality, and multi-granularity for retrieval tasks."
    }
  },
  {
    "model": "hypothalamus.aimodelfamily",
    "pk": 32,
    "fields": {
      "name": "Snowflake Arctic",
      "slug": "snowflake-arctic",
      "description": "Snowflake's text embedding models. Optimized for enterprise retrieval performance across multiple sizes."
    }
  },
  {
    "model": "hypothalamus.aimodelfamily",
    "pk": 33,
    "fields": {
      "name": "mxbai",
      "slug": "mxbai",
      "description": "Mixedbread AI's embedding models. State-of-the-art large embeddings for semantic search and retrieval."
    }
  },
  {
    "model": "hypothalamus.aimodelfamily",
    "pk": 34,
    "fields": {
      "name": "OLMo",
      "slug": "olmo",
      "description": "Allen Institute for AI's open language models. Designed to enable the science of language models with fully open data, code, and training recipes."
    }
  },
  {
    "model": "hypothalamus.aimodelfamily",
    "pk": 35,
    "fields": {
      "name": "DBRX",
      "slug": "dbrx",
      "description": "Databricks' open general-purpose MoE model. 132B total parameters designed for enterprise use."
    }
  },
  {
    "model": "hypothalamus.aimodelfamily",
    "pk": 36,
    "fields": {
      "name": "EXAONE",
      "slug": "exaone",
      "description": "LG AI Research's bilingual models. Strong in English and Korean with excellent reasoning and coding capabilities."
    }
  },
  {
    "model": "hypothalamus.aimodelfamily",
    "pk": 37,
    "fields": {
      "name": "Kimi",
      "slug": "kimi",
      "description": "Moonshot AI's multimodal and reasoning models. MoE architecture with strong coding agent performance."
    }
  },
  {
    "model": "hypothalamus.aimodelfamily",
    "pk": 38,
    "fields": {
      "name": "MiniMax",
      "slug": "minimax",
      "description": "MiniMax's language models for coding, agentic workflows, and professional productivity."
    }
  },
  {
    "model": "hypothalamus.aimodelfamily",
    "pk": 39,
    "fields": {
      "name": "LFM",
      "slug": "lfm",
      "description": "Liquid AI's hybrid models for edge deployment. Designed for efficient on-device inference."
    }
  },
  {
    "model": "hypothalamus.aimodelfamily",
    "pk": 40,
    "fields": {
      "name": "SmolLM",
      "slug": "smollm",
      "description": "HuggingFace's compact models. Tiny models (135M-1.7B) for edge devices, trained on high-quality curated data."
    }
  },
  {
    "model": "hypothalamus.aimodelfamily",
    "pk": 41,
    "fields": {
      "name": "Qwen VL",
      "slug": "qwen-vl",
      "description": "Qwen's vision-language models. Process images and video alongside text with strong visual understanding and reasoning capabilities."
    }
  },
  {
    "model": "hypothalamus.aimodelfamily",
    "pk": 42,
    "fields": {
      "name": "InternLM",
      "slug": "internlm",
      "description": "Shanghai AI Lab's open language models. Outstanding reasoning capability in compact sizes."
    }
  },
  {
    "model": "hypothalamus.aimodelfamily",
    "pk": 43,
    "fields": {
      "name": "CodeGemma",
      "slug": "codegemma",
      "description": "Google's code-specialized Gemma models. Code completion, generation, and mathematical reasoning."
    }
  },
  {
    "model": "hypothalamus.aimodelfamily",
    "pk": 44,
    "fields": {
      "name": "OpenThinker",
      "slug": "openthinker",
      "description": "Open-source reasoning models built by distilling DeepSeek-R1's chain-of-thought capabilities into smaller models."
    }
  },
  {
    "model": "hypothalamus.syncstatus",
    "pk": 1,
    "fields": {
      "name": "Running"
    }
  },
  {
    "model": "hypothalamus.syncstatus",
    "pk": 2,
    "fields": {
      "name": "Success"
    }
  },
  {
    "model": "hypothalamus.syncstatus",
    "pk": 3,
    "fields": {
      "name": "Failed"
    }
  },
  {
    "model": "hypothalamus.failovertype",
    "pk": 5,
    "fields": {
      "name": "Local Fallback",
      "description": "Attempt to route to a verified local Ollama model."
    }
  },
  {
    "model": "hypothalamus.failovertype",
    "pk": 6,
    "fields": {
      "name": "Family Failover",
      "description": "Attempt to route to a sibling model in the same family."
    }
  },
  {
    "model": "hypothalamus.failovertype",
    "pk": 7,
    "fields": {
      "name": "Semantic Vector Search",
      "description": "Use Hypothalamus pgvector to find the closest conceptual match."
    }
  },
  {
    "model": "hypothalamus.failovertype",
    "pk": 8,
    "fields": {
      "name": "Strict Fail",
      "description": "Halt execution and return a routing error."
    }
  },
  {
    "model": "hypothalamus.failoverstrategy",
    "pk": 4,
    "fields": {
      "name": "Standard Cloud",
      "description": "Standard API routing with semantic fallback."
    }
  },
  {
    "model": "hypothalamus.failoverstrategy",
    "pk": 5,
    "fields": {
      "name": "Local First",
      "description": "Prioritize free local models before touching the cloud."
    }
  },
  {
    "model": "hypothalamus.failoverstrategy",
    "pk": 6,
    "fields": {
      "name": "Strict Requirement",
      "description": "Do not deviate from the requested model family."
    }
  },
  {
    "model": "hypothalamus.failoverstrategystep",
    "pk": 9,
    "fields": {
      "strategy": 4,
      "failover_type": 6,
      "order": 1
    }
  },
  {
    "model": "hypothalamus.failoverstrategystep",
    "pk": 10,
    "fields": {
      "strategy": 4,
      "failover_type": 7,
      "order": 2
    }
  },
  {
    "model": "hypothalamus.failoverstrategystep",
    "pk": 11,
    "fields": {
      "strategy": 4,
      "failover_type": 8,
      "order": 3
    }
  },
  {
    "model": "hypothalamus.failoverstrategystep",
    "pk": 12,
    "fields": {
      "strategy": 5,
      "failover_type": 5,
      "order": 1
    }
  },
  {
    "model": "hypothalamus.failoverstrategystep",
    "pk": 13,
    "fields": {
      "strategy": 5,
      "failover_type": 7,
      "order": 2
    }
  },
  {
    "model": "hypothalamus.failoverstrategystep",
    "pk": 14,
    "fields": {
      "strategy": 5,
      "failover_type": 8,
      "order": 3
    }
  },
  {
    "model": "hypothalamus.failoverstrategystep",
    "pk": 15,
    "fields": {
      "strategy": 6,
      "failover_type": 6,
      "order": 1
    }
  },
  {
    "model": "hypothalamus.failoverstrategystep",
    "pk": 16,
    "fields": {
      "strategy": 6,
      "failover_type": 8,
      "order": 2
    }
  },
  {
    "model": "hypothalamus.aimodelselectionfilter",
    "pk": 1,
    "fields": {
      "name": "Core Engineering Task",
      "failover_strategy": 4,
      "preferred_model": null,
      "local_failover": null,
      "required_capabilities": [],
      "banned_providers": [],
      "preferred_categories": [],
      "preferred_tags": [],
      "preferred_roles": []
    }
  },
  {
    "model": "hypothalamus.aimodelselectionfilter",
    "pk": 2,
    "fields": {
      "name": "Local Coder",
      "failover_strategy": 6,
      "preferred_model": 3002,
      "local_failover": 3002,
      "required_capabilities": [
        2
      ],
      "banned_providers": [],
      "preferred_categories": [],
      "preferred_tags": [],
      "preferred_roles": [
        2,
        3,
        4
      ]
    }
  },
  {
    "model": "hypothalamus.aimodelselectionfilter",
    "pk": 3,
    "fields": {
      "name": "Thalamus",
      "failover_strategy": 6,
      "preferred_model": 3003,
      "local_failover": 3001,
      "required_capabilities": [],
      "banned_providers": [],
      "preferred_categories": [],
      "preferred_tags": [],
      "preferred_roles": []
    }
  },
  {
    "model": "hypothalamus.aimodel",
    "pk": "39168c4d-ed2a-54e5-98ce-1c992dff4ec8",
    "fields": {
      "name": "nomic-embed-text",
      "description": null,
      "creator": 12,
      "parameter_size": 0.137,
      "family": 10,
      "version": null,
      "context_length": 8192,
      "enabled": true,
      "deprecation_date": null,
      "roles": [
        5
      ],
      "quantizations": [],
      "capabilities": []
    }
  },
  {
    "model": "hypothalamus.aimodelprovider",
    "pk": 3000,
    "fields": {
      "created": "2026-04-01T00:00:00.000Z",
      "modified": "2026-04-01T00:00:00.000Z",
      "rate_limited_on": null,
      "rate_limit_reset_time": null,
      "rate_limit_reset_interval": "00:01:00",
      "rate_limit_counter": 0,
      "rate_limit_total_failures": 0,
      "is_enabled": true,
      "ai_model": "39168c4d-ed2a-54e5-98ce-1c992dff4ec8",
      "provider": 64,
      "provider_unique_model_id": "ollama/nomic-embed-text",
      "mode": 3,
      "max_tokens": null,
      "max_input_tokens": null,
      "max_output_tokens": null,
      "disabled_capabilities": []
    }
  },
  {
    "model": "hypothalamus.aimodelpricing",
    "pk": 1,
    "fields": {
      "created": "2026-04-01T00:00:00.000Z",
      "modified": "2026-04-01T00:00:00.000Z",
      "is_current": true,
      "is_active": true,
      "model_provider": 3000,
      "input_cost_per_token": "0.000000000000000",
      "output_cost_per_token": "0.000000000000000",
      "input_cost_per_character": null,
      "output_cost_per_character": null,
      "input_cost_per_token_above_128k_tokens": null,
      "output_cost_per_token_above_128k_tokens": null,
      "output_cost_per_character_above_128k_tokens": null,
      "output_cost_per_reasoning_token": null,
      "cache_read_input_token_cost": null,
      "cache_creation_input_token_cost": null,
      "input_cost_per_audio_token": null,
      "output_vector_size": null
    }
  },
  {
    "model": "hypothalamus.aimodel",
    "pk": "e04b72ca-d3f7-57c0-b222-22f195ec0067",
    "fields": {
      "name": "llama3.2:3b",
      "description": null,
      "creator": 1,
      "parameter_size": 3.0,
      "family": 1,
      "version": null,
      "context_length": 131072,
      "enabled": true,
      "deprecation_date": null,
      "roles": [
        1,
        2
      ],
      "quantizations": [],
      "capabilities": [
        2,
        1
      ]
    }
  },
  {
    "model": "hypothalamus.aimodelprovider",
    "pk": 3001,
    "fields": {
      "created": "2026-04-01T00:00:00.000Z",
      "modified": "2026-04-01T00:00:00.000Z",
      "rate_limited_on": null,
      "rate_limit_reset_time": null,
      "rate_limit_reset_interval": "00:01:00",
      "rate_limit_counter": 0,
      "rate_limit_total_failures": 0,
      "is_enabled": true,
      "ai_model": "e04b72ca-d3f7-57c0-b222-22f195ec0067",
      "provider": 64,
      "provider_unique_model_id": "ollama/llama3.2:3b",
      "mode": 2,
      "max_tokens": null,
      "max_input_tokens": null,
      "max_output_tokens": null,
      "disabled_capabilities": []
    }
  },
  {
    "model": "hypothalamus.aimodelpricing",
    "pk": 2,
    "fields": {
      "created": "2026-04-01T00:00:00.000Z",
      "modified": "2026-04-01T00:00:00.000Z",
      "is_current": true,
      "is_active": true,
      "model_provider": 3001,
      "input_cost_per_token": "0.000000000000000",
      "output_cost_per_token": "0.000000000000000",
      "input_cost_per_character": null,
      "output_cost_per_character": null,
      "input_cost_per_token_above_128k_tokens": null,
      "output_cost_per_token_above_128k_tokens": null,
      "output_cost_per_character_above_128k_tokens": null,
      "output_cost_per_reasoning_token": null,
      "cache_read_input_token_cost": null,
      "cache_creation_input_token_cost": null,
      "input_cost_per_audio_token": null,
      "output_vector_size": null
    }
  },
  {
    "model": "hypothalamus.aimodel",
    "pk": "3ca370b6-5e75-5058-9172-4b4e376c408d",
    "fields": {
      "name": "qwen2.5-coder:7b",
      "description": null,
      "creator": 2,
      "parameter_size": 7.0,
      "family": 3,
      "version": null,
      "context_length": 131072,
      "enabled": true,
      "deprecation_date": null,
      "roles": [
        3,
        1
      ],
      "quantizations": [],
      "capabilities": [
        2,
        1
      ]
    }
  },
  {
    "model": "hypothalamus.aimodelprovider",
    "pk": 3002,
    "fields": {
      "created": "2026-04-01T00:00:00.000Z",
      "modified": "2026-04-01T00:00:00.000Z",
      "rate_limited_on": null,
      "rate_limit_reset_time": null,
      "rate_limit_reset_interval": "00:01:00",
      "rate_limit_counter": 0,
      "rate_limit_total_failures": 0,
      "is_enabled": true,
      "ai_model": "3ca370b6-5e75-5058-9172-4b4e376c408d",
      "provider": 64,
      "provider_unique_model_id": "ollama/qwen2.5-coder:7b",
      "mode": 2,
      "max_tokens": null,
      "max_input_tokens": null,
      "max_output_tokens": null,
      "disabled_capabilities": []
    }
  },
  {
    "model": "hypothalamus.aimodelpricing",
    "pk": 3,
    "fields": {
      "created": "2026-04-01T00:00:00.000Z",
      "modified": "2026-04-01T00:00:00.000Z",
      "is_current": true,
      "is_active": true,
      "model_provider": 3002,
      "input_cost_per_token": "0.000000000000000",
      "output_cost_per_token": "0.000000000000000",
      "input_cost_per_character": null,
      "output_cost_per_character": null,
      "input_cost_per_token_above_128k_tokens": null,
      "output_cost_per_token_above_128k_tokens": null,
      "output_cost_per_character_above_128k_tokens": null,
      "output_cost_per_reasoning_token": null,
      "cache_read_input_token_cost": null,
      "cache_creation_input_token_cost": null,
      "input_cost_per_audio_token": null,
      "output_vector_size": null
    }
  },
  {
    "model": "hypothalamus.aimodel",
    "pk": "c2c359f7-4474-5a33-a1ba-2bf2a26bf5b1",
    "fields": {
      "name": "gemma3:4b",
      "description": null,
      "creator": 5,
      "parameter_size": 4.0,
      "family": 4,
      "version": null,
      "context_length": 131072,
      "enabled": true,
      "deprecation_date": null,
      "roles": [
        2,
        6
      ],
      "quantizations": [],
      "capabilities": [
        6,
        1
      ]
    }
  },
  {
    "model": "hypothalamus.aimodelprovider",
    "pk": 3003,
    "fields": {
      "created": "2026-04-01T00:00:00.000Z",
      "modified": "2026-04-01T00:00:00.000Z",
      "rate_limited_on": null,
      "rate_limit_reset_time": null,
      "rate_limit_reset_interval": "00:01:00",
      "rate_limit_counter": 0,
      "rate_limit_total_failures": 0,
      "is_enabled": true,
      "ai_model": "c2c359f7-4474-5a33-a1ba-2bf2a26bf5b1",
      "provider": 64,
      "provider_unique_model_id": "ollama/gemma3:4b",
      "mode": 2,
      "max_tokens": null,
      "max_input_tokens": null,
      "max_output_tokens": null,
      "disabled_capabilities": []
    }
  },
  {
    "model": "hypothalamus.aimodelpricing",
    "pk": 4,
    "fields": {
      "created": "2026-04-01T00:00:00.000Z",
      "modified": "2026-04-01T00:00:00.000Z",
      "is_current": true,
      "is_active": true,
      "model_provider": 3003,
      "input_cost_per_token": "0.000000000000000",
      "output_cost_per_token": "0.000000000000000",
      "input_cost_per_character": null,
      "output_cost_per_character": null,
      "input_cost_per_token_above_128k_tokens": null,
      "output_cost_per_token_above_128k_tokens": null,
      "output_cost_per_character_above_128k_tokens": null,
      "output_cost_per_reasoning_token": null,
      "cache_read_input_token_cost": null,
      "cache_creation_input_token_cost": null,
      "input_cost_per_audio_token": null,
      "output_vector_size": null
    }
  },
  {
    "model": "hypothalamus.aimodeldescription",
    "pk": "7b514e17-d0f0-4df8-aefd-e458bd499fa6",
    "fields": {
      "description": "Meta's open-source large language model family. Ranges from 1B to 405B parameters. Known for strong instruction following, multilingual support, and tool use. The most widely deployed open model family in the world. Llama 3.2 introduced compact 1B/3B models; Llama 3.1 scaled to 405B; Llama 4 added MoE architecture with vision.",
      "is_current": true,
      "created": "2026-04-01T00:00:00.000Z",
      "modified": "2026-04-01T00:00:00.000Z",
      "ai_models": [
        "e04b72ca-d3f7-57c0-b222-22f195ec0067"
      ],
      "families": [
        1
      ],
      "categories": [],
      "tags": []
    }
  },
  {
    "model": "hypothalamus.aimodeldescription",
    "pk": "8d2f4301-61fb-4c00-9f1d-4fe0e0bcc1a1",
    "fields": {
      "description": "Alibaba's multilingual large language model family. Pretrained on up to 18 trillion tokens. Supports 128K context with strong performance across English, Chinese, and many other languages. Known for excellent coding, math, and reasoning capabilities.",
      "is_current": true,
      "created": "2026-04-01T00:00:00.000Z",
      "modified": "2026-04-01T00:00:00.000Z",
      "ai_models": [],
      "families": [
        2
      ],
      "categories": [],
      "tags": []
    }
  },
  {
    "model": "hypothalamus.aimodeldescription",
    "pk": "30ef1589-7a0a-4789-94ed-60c592ce8e67",
    "fields": {
      "description": "Code-specialized Qwen models optimized for code generation, reasoning, fixing, and agentic coding workflows. Support function calling and long context for repository-scale understanding.",
      "is_current": true,
      "created": "2026-04-01T00:00:00.000Z",
      "modified": "2026-04-01T00:00:00.000Z",
      "ai_models": [
        "3ca370b6-5e75-5058-9172-4b4e376c408d"
      ],
      "families": [
        3
      ],
      "categories": [],
      "tags": []
    }
  },
  {
    "model": "hypothalamus.aimodeldescription",
    "pk": "efd41699-c2fa-4c28-8241-76580d97b94d",
    "fields": {
      "description": "Google DeepMind's lightweight open models. Efficient and capable, designed to run well on consumer hardware including laptops and phones. Gemma 3 added vision capabilities and 128K context.",
      "is_current": true,
      "created": "2026-04-01T00:00:00.000Z",
      "modified": "2026-04-01T00:00:00.000Z",
      "ai_models": [
        "c2c359f7-4474-5a33-a1ba-2bf2a26bf5b1"
      ],
      "families": [
        4
      ],
      "categories": [],
      "tags": []
    }
  },
  {
    "model": "hypothalamus.aimodeldescription",
    "pk": "f471b6ea-7a21-4d09-a9a9-9993b069a604",
    "fields": {
      "description": "Mistral AI's core model family. Strong multilingual performance with efficient architectures. Known for excellent instruction following and tool use at compact sizes.",
      "is_current": true,
      "created": "2026-04-01T00:00:00.000Z",
      "modified": "2026-04-01T00:00:00.000Z",
      "ai_models": [],
      "families": [
        5
      ],
      "categories": [],
      "tags": []
    }
  },
  {
    "model": "hypothalamus.aimodeldescription",
    "pk": "b80de57a-91b0-41d4-9507-d49a5e5df125",
    "fields": {
      "description": "Mistral's Mixture-of-Experts models. Multiple expert networks activated selectively for high throughput and quality. Available in 8x7B and 8x22B configurations.",
      "is_current": true,
      "created": "2026-04-01T00:00:00.000Z",
      "modified": "2026-04-01T00:00:00.000Z",
      "ai_models": [],
      "families": [
        6
      ],
      "categories": [],
      "tags": []
    }
  },
  {
    "model": "hypothalamus.aimodeldescription",
    "pk": "5dce657d-36de-4aeb-bcd4-4144bb8e68c5",
    "fields": {
      "description": "Microsoft Research's small language models. Demonstrate that carefully curated training data can produce models that punch well above their weight class in reasoning, math, and coding.",
      "is_current": true,
      "created": "2026-04-01T00:00:00.000Z",
      "modified": "2026-04-01T00:00:00.000Z",
      "ai_models": [],
      "families": [
        7
      ],
      "categories": [],
      "tags": []
    }
  },
  {
    "model": "hypothalamus.aimodeldescription",
    "pk": "288a7c2a-4c74-4ea6-a587-f52b7e1cb812",
    "fields": {
      "description": "DeepSeek's open reasoning and coding models. The R1 series uses chain-of-thought thinking tokens and approaches frontier model performance on math, logic, and code. The V3 series uses MoE with 671B total parameters.",
      "is_current": true,
      "created": "2026-04-01T00:00:00.000Z",
      "modified": "2026-04-01T00:00:00.000Z",
      "ai_models": [],
      "families": [
        8
      ],
      "categories": [],
      "tags": []
    }
  },
  {
    "model": "hypothalamus.aimodeldescription",
    "pk": "b7ba2b55-ff6d-4e59-9c81-1c4aed435194",
    "fields": {
      "description": "DeepSeek's code-specialized models. Trained on 2 trillion code and natural language tokens. Strong code generation and understanding across many programming languages.",
      "is_current": true,
      "created": "2026-04-01T00:00:00.000Z",
      "modified": "2026-04-01T00:00:00.000Z",
      "ai_models": [],
      "families": [
        9
      ],
      "categories": [],
      "tags": []
    }
  },
  {
    "model": "hypothalamus.aimodeldescription",
    "pk": "69d23e97-88d2-4822-9170-2cb02b39d091",
    "fields": {
      "description": "Nomic AI's open embedding models. Produce 768-dimensional vectors with large token context windows. The default embedding engine for Are-Self's Hippocampus memory system.",
      "is_current": true,
      "created": "2026-04-01T00:00:00.000Z",
      "modified": "2026-04-01T00:00:00.000Z",
      "ai_models": [
        "39168c4d-ed2a-54e5-98ce-1c992dff4ec8"
      ],
      "families": [
        10
      ],
      "categories": [],
      "tags": []
    }
  },
  {
    "model": "hypothalamus.aimodeldescription",
    "pk": "12148f63-0277-4fa9-80a6-edefc02ef0f8",
    "fields": {
      "description": "OpenAI's open-weight models. Designed for powerful reasoning, agentic tasks, and versatile developer use cases. Available in 20B and 120B sizes with tool use and thinking support.",
      "is_current": true,
      "created": "2026-04-01T00:00:00.000Z",
      "modified": "2026-04-01T00:00:00.000Z",
      "ai_models": [],
      "families": [
        11
      ],
      "categories": [],
      "tags": []
    }
  },
  {
    "model": "hypothalamus.aimodeldescription",
    "pk": "8a0dbc87-ca20-4a26-94c4-001221f66b8f",
    "fields": {
      "description": "Zhipu AI's General Language Model family. Strong multilingual performance with thinking and tool support. GLM-4.7 Flash is the strongest in the 30B class, balancing performance and efficiency.",
      "is_current": true,
      "created": "2026-04-01T00:00:00.000Z",
      "modified": "2026-04-01T00:00:00.000Z",
      "ai_models": [],
      "families": [
        12
      ],
      "categories": [],
      "tags": []
    }
  },
  {
    "model": "hypothalamus.aimodeldescription",
    "pk": "92e6fc6d-b42b-4678-8e8f-4260aa79d4dc",
    "fields": {
      "description": "Cohere's enterprise language models. Optimized for conversational interaction, retrieval-augmented generation, and long context tasks. Strong tool use capabilities.",
      "is_current": true,
      "created": "2026-04-01T00:00:00.000Z",
      "modified": "2026-04-01T00:00:00.000Z",
      "ai_models": [],
      "families": [
        13
      ],
      "categories": [],
      "tags": []
    }
  },
  {
    "model": "hypothalamus.aimodeldescription",
    "pk": "13fcfee9-bcf4-41fb-a925-b5ef3e601c7b",
    "fields": {
      "description": "IBM's enterprise foundation models for code and language. Designed for tool-based use cases, RAG, and code intelligence. Available in dense and MoE architectures.",
      "is_current": true,
      "created": "2026-04-01T00:00:00.000Z",
      "modified": "2026-04-01T00:00:00.000Z",
      "ai_models": [],
      "families": [
        14
      ],
      "categories": [],
      "tags": []
    }
  },
  {
    "model": "hypothalamus.aimodeldescription",
    "pk": "b245f9b5-5a9d-4df5-b24a-680ef920967b",
    "fields": {
      "description": "Meta's code-specialized Llama models. Trained on code-heavy datasets for generation, completion, and code discussion. Available from 7B to 70B.",
      "is_current": true,
      "created": "2026-04-01T00:00:00.000Z",
      "modified": "2026-04-01T00:00:00.000Z",
      "ai_models": [],
      "families": [
        15
      ],
      "categories": [],
      "tags": []
    }
  },
  {
    "model": "hypothalamus.aimodeldescription",
    "pk": "9266b6c9-8e3a-4617-a902-33f0e4183503",
    "fields": {
      "description": "NousResearch's instruction-tuned models. General purpose with strong tool use. Built on various base models (Llama, Mixtral) with high-quality training data.",
      "is_current": true,
      "created": "2026-04-01T00:00:00.000Z",
      "modified": "2026-04-01T00:00:00.000Z",
      "ai_models": [],
      "families": [
        16
      ],
      "categories": [],
      "tags": []
    }
  },
  {
    "model": "hypothalamus.aimodeldescription",
    "pk": "e0ca77d4-96c2-4118-a7ce-1b04ab667d6e",
    "fields": {
      "description": "Eric Hartford's uncensored fine-tunes. General purpose local models enabling coding, math, agentic tasks, and function calling without alignment restrictions.",
      "is_current": true,
      "created": "2026-04-01T00:00:00.000Z",
      "modified": "2026-04-01T00:00:00.000Z",
      "ai_models": [],
      "families": [
        17
      ],
      "categories": [],
      "tags": []
    }
  },
  {
    "model": "hypothalamus.aimodeldescription",
    "pk": "45a24ad5-e343-4858-8e41-cb540d03c1aa",
    "fields": {
      "description": "BigCode's open code generation models. Trained transparently on permissive-licensed code. Available from 3B to 15B parameters.",
      "is_current": true,
      "created": "2026-04-01T00:00:00.000Z",
      "modified": "2026-04-01T00:00:00.000Z",
      "ai_models": [],
      "families": [
        18
      ],
      "categories": [],
      "tags": []
    }
  },
  {
    "model": "hypothalamus.aimodeldescription",
    "pk": "8500438e-e4ca-4a09-86c5-68d08ef91efc",
    "fields": {
      "description": "Large Language and Vision Assistant. End-to-end trained multimodal models combining vision encoders with language models for general-purpose visual and language understanding.",
      "is_current": true,
      "created": "2026-04-01T00:00:00.000Z",
      "modified": "2026-04-01T00:00:00.000Z",
      "ai_models": [],
      "families": [
        19
      ],
      "categories": [],
      "tags": []
    }
  },
  {
    "model": "hypothalamus.aimodeldescription",
    "pk": "9d741d78-418b-4438-b56d-4e64b6fbfa81",
    "fields": {
      "description": "Technology Innovation Institute's open language models. Designed for summarization, text generation, and conversational use. Available from 7B to 180B.",
      "is_current": true,
      "created": "2026-04-01T00:00:00.000Z",
      "modified": "2026-04-01T00:00:00.000Z",
      "ai_models": [],
      "families": [
        20
      ],
      "categories": [],
      "tags": []
    }
  },
  {
    "model": "hypothalamus.aimodeldescription",
    "pk": "ca7fdf9b-e56e-4dd2-ade7-76c5024657f5",
    "fields": {
      "description": "NVIDIA's enterprise-grade language models. Customized for helpfulness in enterprise applications. Strong tool use and instruction following.",
      "is_current": true,
      "created": "2026-04-01T00:00:00.000Z",
      "modified": "2026-04-01T00:00:00.000Z",
      "ai_models": [],
      "families": [
        21
      ],
      "categories": [],
      "tags": []
    }
  },
  {
    "model": "hypothalamus.aimodeldescription",
    "pk": "e94bfd98-0d9f-4e12-870e-1fdde5157e90",
    "fields": {
      "description": "Mistral AI's first dedicated code generation model. 22B parameters optimized specifically for code tasks.",
      "is_current": true,
      "created": "2026-04-01T00:00:00.000Z",
      "modified": "2026-04-01T00:00:00.000Z",
      "ai_models": [],
      "families": [
        22
      ],
      "categories": [],
      "tags": []
    }
  },
  {
    "model": "hypothalamus.aimodeldescription",
    "pk": "d6dc87d9-3981-49b4-9b2f-2b0933c4ffbf",
    "fields": {
      "description": "Mistral AI's model for software engineering agents. Excels at codebase exploration, multi-file editing, and powering coding agents.",
      "is_current": true,
      "created": "2026-04-01T00:00:00.000Z",
      "modified": "2026-04-01T00:00:00.000Z",
      "ai_models": [],
      "families": [
        23
      ],
      "categories": [],
      "tags": []
    }
  },
  {
    "model": "hypothalamus.aimodeldescription",
    "pk": "d3869ace-f24c-46cf-b7a8-f75bc73a3157",
    "fields": {
      "description": "Mistral AI's reasoning model. Small, efficient 24B model with thinking token support for complex reasoning tasks.",
      "is_current": true,
      "created": "2026-04-01T00:00:00.000Z",
      "modified": "2026-04-01T00:00:00.000Z",
      "ai_models": [],
      "families": [
        24
      ],
      "categories": [],
      "tags": []
    }
  },
  {
    "model": "hypothalamus.aimodeldescription",
    "pk": "1ef41fa6-0c56-4fcc-8125-f523543f81cb",
    "fields": {
      "description": "Mistral AI's edge deployment family. Designed for wide hardware compatibility including mobile and IoT devices. Vision and tool capable.",
      "is_current": true,
      "created": "2026-04-01T00:00:00.000Z",
      "modified": "2026-04-01T00:00:00.000Z",
      "ai_models": [],
      "families": [
        25
      ],
      "categories": [],
      "tags": []
    }
  },
  {
    "model": "hypothalamus.aimodeldescription",
    "pk": "69bfa318-a67a-46b4-bcb4-a1b31c6c47d4",
    "fields": {
      "description": "01.AI's bilingual language models. High-performing in English and Chinese.",
      "is_current": true,
      "created": "2026-04-01T00:00:00.000Z",
      "modified": "2026-04-01T00:00:00.000Z",
      "ai_models": [],
      "families": [
        26
      ],
      "categories": [],
      "tags": []
    }
  },
  {
    "model": "hypothalamus.aimodeldescription",
    "pk": "5e2406b0-665d-45e9-a82c-8cabc021118d",
    "fields": {
      "description": "UC Berkeley's chat model based on Llama. One of the earliest high-quality open chat models, trained on user-shared conversations.",
      "is_current": true,
      "created": "2026-04-01T00:00:00.000Z",
      "modified": "2026-04-01T00:00:00.000Z",
      "ai_models": [],
      "families": [
        27
      ],
      "categories": [],
      "tags": []
    }
  },
  {
    "model": "hypothalamus.aimodeldescription",
    "pk": "85d18b81-1ff5-4e1d-96de-1e667681f1f2",
    "fields": {
      "description": "DeepCogito's hybrid reasoning models. Outperform counterparts from Llama, DeepSeek, and Qwen at similar sizes across standard benchmarks.",
      "is_current": true,
      "created": "2026-04-01T00:00:00.000Z",
      "modified": "2026-04-01T00:00:00.000Z",
      "ai_models": [],
      "families": [
        28
      ],
      "categories": [],
      "tags": []
    }
  },
  {
    "model": "hypothalamus.aimodeldescription",
    "pk": "95cbb0f5-2940-4b10-96d5-a5e7e07a1635",
    "fields": {
      "description": "Qwen's dedicated reasoning model. Uses extended thinking tokens for complex problem-solving with tool use support.",
      "is_current": true,
      "created": "2026-04-01T00:00:00.000Z",
      "modified": "2026-04-01T00:00:00.000Z",
      "ai_models": [],
      "families": [
        29
      ],
      "categories": [],
      "tags": []
    }
  },
  {
    "model": "hypothalamus.aimodeldescription",
    "pk": "2fdf4b8b-cc80-4a57-9057-7131db535ca0",
    "fields": {
      "description": "Upstage's compact language models. Designed for single-turn conversation and efficient deployment.",
      "is_current": true,
      "created": "2026-04-01T00:00:00.000Z",
      "modified": "2026-04-01T00:00:00.000Z",
      "ai_models": [],
      "families": [
        30
      ],
      "categories": [],
      "tags": []
    }
  },
  {
    "model": "hypothalamus.aimodeldescription",
    "pk": "9960be36-324d-40ce-8565-1df56a924303",
    "fields": {
      "description": "BAAI's embedding models. Versatile multi-functionality, multi-linguality, and multi-granularity for retrieval tasks.",
      "is_current": true,
      "created": "2026-04-01T00:00:00.000Z",
      "modified": "2026-04-01T00:00:00.000Z",
      "ai_models": [],
      "families": [
        31
      ],
      "categories": [],
      "tags": []
    }
  },
  {
    "model": "hypothalamus.aimodeldescription",
    "pk": "29a375f1-2d03-4156-ae02-30643324d5c1",
    "fields": {
      "description": "Snowflake's text embedding models. Optimized for enterprise retrieval performance across multiple sizes.",
      "is_current": true,
      "created": "2026-04-01T00:00:00.000Z",
      "modified": "2026-04-01T00:00:00.000Z",
      "ai_models": [],
      "families": [
        32
      ],
      "categories": [],
      "tags": []
    }
  },
  {
    "model": "hypothalamus.aimodeldescription",
    "pk": "aebfe132-1a27-49ee-9687-e6f424d55e74",
    "fields": {
      "description": "Mixedbread AI's embedding models. State-of-the-art large embeddings for semantic search and retrieval.",
      "is_current": true,
      "created": "2026-04-01T00:00:00.000Z",
      "modified": "2026-04-01T00:00:00.000Z",
      "ai_models": [],
      "families": [
        33
      ],
      "categories": [],
      "tags": []
    }
  },
  {
    "model": "hypothalamus.aimodeldescription",
    "pk": "fc884091-7de9-4e1b-a367-d48ec4eca5b3",
    "fields": {
      "description": "Allen Institute for AI's open language models. Designed to enable the science of language models with fully open data, code, and training recipes.",
      "is_current": true,
      "created": "2026-04-01T00:00:00.000Z",
      "modified": "2026-04-01T00:00:00.000Z",
      "ai_models": [],
      "families": [
        34
      ],
      "categories": [],
      "tags": []
    }
  },
  {
    "model": "hypothalamus.aimodeldescription",
    "pk": "73301989-7d9d-4dc5-a3cc-c06068a6049c",
    "fields": {
      "description": "Databricks' open general-purpose MoE model. 132B total parameters designed for enterprise use.",
      "is_current": true,
      "created": "2026-04-01T00:00:00.000Z",
      "modified": "2026-04-01T00:00:00.000Z",
      "ai_models": [],
      "families": [
        35
      ],
      "categories": [],
      "tags": []
    }
  },
  {
    "model": "hypothalamus.aimodeldescription",
    "pk": "b0d56c8a-fca7-4df5-82c0-71291aae9bc4",
    "fields": {
      "description": "LG AI Research's bilingual models. Strong in English and Korean with excellent reasoning and coding capabilities.",
      "is_current": true,
      "created": "2026-04-01T00:00:00.000Z",
      "modified": "2026-04-01T00:00:00.000Z",
      "ai_models": [],
      "families": [
        36
      ],
      "categories": [],
      "tags": []
    }
  },
  {
    "model": "hypothalamus.aimodeldescription",
    "pk": "3dfe8d39-8445-4493-b1bf-8b083b7e9e3e",
    "fields": {
      "description": "Moonshot AI's multimodal and reasoning models. MoE architecture with strong coding agent performance.",
      "is_current": true,
      "created": "2026-04-01T00:00:00.000Z",
      "modified": "2026-04-01T00:00:00.000Z",
      "ai_models": [],
      "families": [
        37
      ],
      "categories": [],
      "tags": []
    }
  },
  {
    "model": "hypothalamus.aimodeldescription",
    "pk": "c6e3d23a-faaf-46da-b013-7f94fecfa724",
    "fields": {
      "description": "MiniMax's language models for coding, agentic workflows, and professional productivity.",
      "is_current": true,
      "created": "2026-04-01T00:00:00.000Z",
      "modified": "2026-04-01T00:00:00.000Z",
      "ai_models": [],
      "families": [
        38
      ],
      "categories": [],
      "tags": []
    }
  },
  {
    "model": "hypothalamus.aimodeldescription",
    "pk": "dc7158f7-c717-437e-a92d-6eb51e70beef",
    "fields": {
      "description": "Liquid AI's hybrid models for edge deployment. Designed for efficient on-device inference.",
      "is_current": true,
      "created": "2026-04-01T00:00:00.000Z",
      "modified": "2026-04-01T00:00:00.000Z",
      "ai_models": [],
      "families": [
        39
      ],
      "categories": [],
      "tags": []
    }
  },
  {
    "model": "hypothalamus.aimodeldescription",
    "pk": "22fe8d50-ab80-4123-a8bb-a237223fd75c",
    "fields": {
      "description": "HuggingFace's compact models. Tiny models (135M-1.7B) for edge devices, trained on high-quality curated data.",
      "is_current": true,
      "created": "2026-04-01T00:00:00.000Z",
      "modified": "2026-04-01T00:00:00.000Z",
      "ai_models": [],
      "families": [
        40
      ],
      "categories": [],
      "tags": []
    }
  },
  {
    "model": "hypothalamus.aimodeldescription",
    "pk": "47fad160-1d22-4044-b62f-23c6c3e2afa4",
    "fields": {
      "description": "Qwen's vision-language models. Process images and video alongside text with strong visual understanding and reasoning capabilities.",
      "is_current": true,
      "created": "2026-04-01T00:00:00.000Z",
      "modified": "2026-04-01T00:00:00.000Z",
      "ai_models": [],
      "families": [
        41
      ],
      "categories": [],
      "tags": []
    }
  },
  {
    "model": "hypothalamus.aimodeldescription",
    "pk": "64643360-1c78-4f45-916d-57f759ced73d",
    "fields": {
      "description": "Shanghai AI Lab's open language models. Outstanding reasoning capability in compact sizes.",
      "is_current": true,
      "created": "2026-04-01T00:00:00.000Z",
      "modified": "2026-04-01T00:00:00.000Z",
      "ai_models": [],
      "families": [
        42
      ],
      "categories": [],
      "tags": []
    }
  },
  {
    "model": "hypothalamus.aimodeldescription",
    "pk": "ad339a5a-8351-434d-8063-4a383a434f8b",
    "fields": {
      "description": "Google's code-specialized Gemma models. Code completion, generation, and mathematical reasoning.",
      "is_current": true,
      "created": "2026-04-01T00:00:00.000Z",
      "modified": "2026-04-01T00:00:00.000Z",
      "ai_models": [],
      "families": [
        43
      ],
      "categories": [],
      "tags": []
    }
  },
  {
    "model": "hypothalamus.aimodeldescription",
    "pk": "6f4c6674-ca5d-4dac-a8d2-3f5c731df7f1",
    "fields": {
      "description": "Open-source reasoning models built by distilling DeepSeek-R1's chain-of-thought capabilities into smaller models.",
      "is_current": true,
      "created": "2026-04-01T00:00:00.000Z",
      "modified": "2026-04-01T00:00:00.000Z",
      "ai_models": [],
      "families": [
        44
      ],
      "categories": [],
      "tags": []
    }
  },
  {
    "model": "hypothalamus.aimodeldescription",
    "pk": "b329cf1e-dee0-499f-a800-548c5518bf64",
    "fields": {
      "description": "A high-performing open embedding model with a large token context window. Produces 768-dimensional vectors. The default embedding engine for Are-Self's Hippocampus memory system. Optimized for retrieval, clustering, and semantic search tasks.",
      "is_current": true,
      "created": "2026-04-01T00:00:00.000Z",
      "modified": "2026-04-01T00:00:00.000Z",
      "ai_models": [
        "39168c4d-ed2a-54e5-98ce-1c992dff4ec8"
      ],
      "families": [
        10
      ],
      "categories": [],
      "tags": []
    }
  },
  {
    "model": "hypothalamus.aimodeldescription",
    "pk": "cc34ac17-7058-4459-86df-233816255d98",
    "fields": {
      "description": "Meta's compact 3B parameter model from the Llama 3.2 release. Fast inference on minimal hardware. Strong instruction following and tool use for its size. 128K token context window.",
      "is_current": true,
      "created": "2026-04-01T00:00:00.000Z",
      "modified": "2026-04-01T00:00:00.000Z",
      "ai_models": [
        "e04b72ca-d3f7-57c0-b222-22f195ec0067"
      ],
      "families": [
        1
      ],
      "categories": [],
      "tags": []
    }
  },
  {
    "model": "hypothalamus.aimodeldescription",
    "pk": "7b4c9624-352f-4bc2-a845-42169204fa26",
    "fields": {
      "description": "Alibaba's code-specialized 7B model from the Qwen 2.5 Coder series. Significant improvements in code generation, code reasoning, and code fixing. Supports function calling for tool-use workflows. 128K context.",
      "is_current": true,
      "created": "2026-04-01T00:00:00.000Z",
      "modified": "2026-04-01T00:00:00.000Z",
      "ai_models": [
        "3ca370b6-5e75-5058-9172-4b4e376c408d"
      ],
      "families": [
        3
      ],
      "categories": [],
      "tags": []
    }
  },
  {
    "model": "hypothalamus.aimodeldescription",
    "pk": "64c8c6ae-537e-4d09-8b71-973f00d5a1f1",
    "fields": {
      "description": "Google's efficient 4B parameter model from the Gemma 3 family. Vision-capable — processes images alongside text. Strong performance relative to its size. 128K token context window.",
      "is_current": true,
      "created": "2026-04-01T00:00:00.000Z",
      "modified": "2026-04-01T00:00:00.000Z",
      "ai_models": [
        "c2c359f7-4474-5a33-a1ba-2bf2a26bf5b1"
      ],
      "families": [
        4
      ],
      "categories": [],
      "tags": []
    }
  }
]
