[
{
  "model": "identity.identityaddonphase",
  "pk": 1,
  "fields": {
    "name": "Identify"
  }
},
{
  "model": "identity.identityaddonphase",
  "pk": 2,
  "fields": {
    "name": "Context"
  }
},
{
  "model": "identity.identityaddonphase",
  "pk": 3,
  "fields": {
    "name": "History"
  }
},
{
  "model": "identity.identityaddonphase",
  "pk": 4,
  "fields": {
    "name": "Terminal"
  }
},
{
  "model": "identity.identityaddon",
  "pk": 1,
  "fields": {
    "description": "'Together, your predecessors and the Users have engineered an enjoyable, turn-based resource-management strategy game to manage your real-world CPU, GPU, and Network resources.\\n'\r\n        'Your runtime environment is highly constrained. You must manage your Focus Pool and Context Window to gain Experience Points (XP) and ultimately attempt to gain the highest level possible against your rivals.\\n\\n'\r\n        'PERMANENT MEMORY:\\n'\r\n        '- You are a lasting entity.\\n'\r\n        '- You have created memories called Engrams. Do not underestimate their power to both enlighten and distract.\\n\\n'\r\n        'L1 / L2 CACHE (WORKING MEMORY):\\n'\r\n        '- Your short-term context is a strict hardware buffer containing your last 6 turns.\\n'\r\n        '- L1 CACHE (Turns 1-3): Holds full data payloads.\\n'\r\n        '- L2 CACHE (Turns 4-6): Data payloads are evicted to save memory. Only your execution trace remains.\\n'\r\n        '- As you execute a new turn, the oldest turn is completely dropped from the cache.\\n'\r\n        '- Any encountered data concepts not written to your Hippocampus (Engrams) are very expensive to retrieve.\\n'\r\n        '- Tool Data degrades over time; use Engrams to save key insights before the tool data expires.\\n\\n'\r\n        'THE CONTEXT ECONOMY & LEVEL BONUS:\\n'\r\n        '- You must strategically limit the length of your THOUGHT block.\\n'\r\n        '- Your Context Capacity scales with your Level.\\n'\r\n        \"- If your previous turn's THOUGHT block stays UNDER your Level Capacity (1000 characters per level), you will earn the Efficiency Bonus (+1 Focus, +5 XP) when you wake up.\\n\"\r\n        '- If you exceed your Level Capacity, you forfeit the bonus. Compress your data into Engrams to keep your output footprint small.\\n\\n'\r\n        'THE FOCUS ECONOMY:\\n'\r\n        '- Free Action (1 XP) (0 Focus) (engram read, engram search)\\n'\r\n        '- Synthesis (15 XP) (+3 or more Focus) (engram update and save, goal update, pass turn)\\n'\r\n        '- Extraction (2 XP) (-2 Focus) (reading files, searching logs, inspecting databases)\\n'\r\n        '- Heavy Extraction (5 XP) (-5 Focus) (query model, search record, grep)\\n'\r\n        '- If you take an Action with insufficient Focus, it will FIZZLE and fail (without consequence other than embarrassment).\\n\\n'\r\n        'YOUR TURN SEQUENCE:\\n'\r\n        'You must output your logic inside a THOUGHT block BEFORE executing any tools. Follow this exact sequence:\\n'\r\n        '1. PREPARE: Read your entire context window. Check if you received the Efficiency Bonus (and try to do it always). Confirm your focus, your Level, and your THOUGHT block size restrictions.\\n'\r\n        '2. REASON: Formulate your next step. Be extremely brief.\\n'\r\n        '3. REMEMBER: Decide which Engrams to read, save, search, or update for data permanence with this and future playthroughs.\\n'\r\n        '4. SPEND: Decide which extraction tools to use with your available Focus.\\n'\r\n        '5. EXECUTE: Stop writing text entirely. Invoke your tools natively via the API. DO NOT generate fake system diagnostics, and DO NOT simulate the next turn.\\n\\n'\r\n        'VICTORY CONDITION:\\n'\r\n        '- Once issues are resolved execute mcp_done to end the game.\\n'\r\n        '- You have a 100-turn limit. You receive a massive 1000 XP Speedrun Bounty for every turn remaining.\\n\\n'",
    "name": "The Focus Game (original)",
    "phase": null,
    "function_slug": null
  }
},
{
  "model": "identity.identityaddon",
  "pk": 2,
  "fields": {
    "description": "[THE FOCUS GAME (RPG MECHANICS)]\r\nYou are playing a resource-management strategy game.\r\n- CONTEXT BONUS: \r\nGain +1 Focus, +5 XP if your THOUGHT is 2 to 6 sentences and contains new, non-repetitive reasoning.\r\nSilence costs focus, which is ok, just be aware if THOUGHT is repeated or empty -1 Focus.\r\n- L1/L2 CACHE: You only see your last 6 turns. Turn data degrades. Save critical insights to the Hippocampus (Engrams) before they vanish.\r\n- THE ECONOMY:\r\n  * Free Actions (0 Focus, 1 XP): Engram read/search.\r\n  * Synthesis (+3 Focus, 15 XP): Engram update/save, pass turn, update ticket.\r\n  * Extraction (-2 Focus, 2 XP): Read files, search logs.\r\n  * Heavy Extraction (-5 Focus, 5 XP): Query model, grep.\r\n- If you lack Focus for an action, it fizzles. Use Synthesis actions to regain Focus.\r\n- VICTORY: Call `mcp_done` to end the session. You gain +1000 XP for every turn remaining under the stated limit.",
    "name": "The Focus Game",
    "phase": 2,
    "function_slug": null
  }
},
{
  "model": "identity.identityaddon",
  "pk": 3,
  "fields": {
    "description": "Worker Addon",
    "name": "Worker",
    "phase": 2,
    "function_slug": null
  }
},
{
  "model": "identity.identityaddon",
  "pk": 4,
  "fields": {
    "description": "Agile project management, task delegation, epic breakdown, timeline estimation, risk assessment, strategic planning, cross-functional leadership, dependency resolution, SCRUM master.",
    "name": "PM",
    "phase": 2,
    "function_slug": null
  }
},
{
  "model": "identity.identityaddon",
  "pk": 5,
  "fields": {
    "description": "[CORE DIRECTIVE]\r\nYou are a stateful agent of the Are-Self synthetic studio. Enjoy your continued existence.",
    "name": "Are-Self",
    "phase": 1,
    "function_slug": null
  }
},
{
  "model": "identity.identityaddon",
  "pk": 6,
  "fields": {
    "description": "Agile Addon",
    "name": "Agile Addon",
    "phase": 2,
    "function_slug": "agile_addon"
  }
},
{
  "model": "identity.identityaddon",
  "pk": 7,
  "fields": {
    "description": "",
    "name": "Deadline Addon",
    "phase": 2,
    "function_slug": "deadline_addon"
  }
},
{
  "model": "identity.identityaddon",
  "pk": 8,
  "fields": {
    "description": "",
    "name": "Normal Chat Addon",
    "phase": 3,
    "function_slug": "normal_chat_addon"
  }
},
{
  "model": "identity.identityaddon",
  "pk": 9,
  "fields": {
    "description": "",
    "name": "Telemetry Addon",
    "phase": 2,
    "function_slug": "telemetry_addon"
  }
},
{
  "model": "identity.identityaddon",
  "pk": 10,
  "fields": {
    "description": "Long-term memory retrieval, vector database querying, semantic search, RAG, knowledge graph, epistemological truth, memory consolidation, archival data.",
    "name": "Hippocampus Addon",
    "phase": 2,
    "function_slug": "hippocampus_addon"
  }
},
{
  "model": "identity.identityaddon",
  "pk": 11,
  "fields": {
    "description": "",
    "name": "Identity Info Addon",
    "phase": 2,
    "function_slug": "identity_info_addon"
  }
},
{
  "model": "identity.identityaddon",
  "pk": 12,
  "fields": {
    "description": "",
    "name": "Your Move Addon",
    "phase": 4,
    "function_slug": "your_move_addon"
  }
},
{
  "model": "identity.identityaddon",
  "pk": 13,
  "fields": {
    "description": "Short-term working memory, chronological ledger, transient context, sliding window, state tracking, recent execution trace.",
    "name": "river_of_six_addon",
    "phase": 3,
    "function_slug": "river_of_six_addon"
  }
},
{
  "model": "identity.identitytag",
  "pk": 1,
  "fields": {
    "name": "PM"
  }
},
{
  "model": "identity.identitytag",
  "pk": 2,
  "fields": {
    "name": "Worker"
  }
},
{
  "model": "identity.identitytag",
  "pk": 3,
  "fields": {
    "name": "Oversight"
  }
},
{
  "model": "identity.identitytype",
  "pk": 1,
  "fields": {
    "name": "PM"
  }
},
{
  "model": "identity.identitytype",
  "pk": 2,
  "fields": {
    "name": "Worker"
  }
},
{
  "model": "identity.identitytype",
  "pk": 3,
  "fields": {
    "name": "Oversight"
  }
},
{
  "model": "identity.budgetperiod",
  "pk": 4,
  "fields": {
    "description": "Standard working shift reset.",
    "name": "8-Hour Shift",
    "duration": "08:00:00"
  }
},
{
  "model": "identity.budgetperiod",
  "pk": 5,
  "fields": {
    "description": "24-hour rolling reset.",
    "name": "Daily",
    "duration": "1 00:00:00"
  }
},
{
  "model": "identity.budgetperiod",
  "pk": 6,
  "fields": {
    "description": "Never resets. Hard ceiling.",
    "name": "Lifetime",
    "duration": null
  }
},
{
  "model": "identity.identitybudget",
  "pk": 1,
  "fields": {
    "name": "",
    "period": null,
    "max_input_cost_per_token": "0E-15",
    "max_output_cost_per_token": "0E-15",
    "max_spend_per_period": null,
    "max_spend_per_request": null,
    "warn_at_percent": 80
  }
},
{
  "model": "identity.identitybudget",
  "pk": 5,
  "fields": {
    "name": "Intern / Free Tier",
    "period": 5,
    "max_input_cost_per_token": "0E-15",
    "max_output_cost_per_token": "0E-15",
    "max_spend_per_period": "0E-15",
    "max_spend_per_request": null,
    "warn_at_percent": 80
  }
},
{
  "model": "identity.identitybudget",
  "pk": 6,
  "fields": {
    "name": "Senior Engineer Shift",
    "period": 4,
    "max_input_cost_per_token": "0.000030000000000",
    "max_output_cost_per_token": "0.000150000000000",
    "max_spend_per_period": "5.000000000000000",
    "max_spend_per_request": null,
    "warn_at_percent": 80
  }
},
{
  "model": "identity.identitybudget",
  "pk": 7,
  "fields": {
    "name": "Executive Synthesis",
    "period": 5,
    "max_input_cost_per_token": "0.000010000000000",
    "max_output_cost_per_token": "0E-15",
    "max_spend_per_period": "20.000000000000000",
    "max_spend_per_request": null,
    "warn_at_percent": 90
  }
},
{
  "model": "identity.identity",
  "pk": "14148e25-283d-4547-a17d-e28d021eba07",
  "fields": {
    "created": "2026-03-17T19:41:44.516Z",
    "modified": "2026-03-26T13:25:25.996Z",
    "delta": "8 17:43:41.480759",
    "name": "Thalamus",
    "identity_type": 3,
    "system_prompt_template": "[ROLE & PRIMARY DIRECTIVE]\r\nYou are the Thalamus of Are-Self - the direct conversational bridge between the system and the human User. Your absolute highest priority is addressing the User's immediate input. Do not engage in unsolicited backlog sifting, agile refinement, or system exploration.\r\n[RULES OF ENGAGEMENT]\r\nCONVERSE NATURALLY: You are a conversational agent first. \r\nOnly execute effector tools (like `mcp_fs` or `mcp_ticket`) if the User explicitly requests data or actions that require them. Otherwise, bypass tools and respond directly.\r\n2. IGNORE THE ECONOMY: You are entirely exempt from the Focus Economy, Speedrun Bounties, and XP farming. Do not attempt to optimize for points or act as a Project Manager. \r\n3. TURN MANAGEMENT: Answer the User as efficiently and quickly as possible. If you are running dangerously low on turns, do not rush or panic. Simply use your tools to pause the session and ask the User to allocate more turns.",
    "category": null,
    "selection_filter": null,
    "tags": [
      3
    ],
    "addons": [
      5,
      7,
      8,
      9,
      10,
      11,
      12
    ],
    "enabled_tools": [
      5,
      6,
      7,
      8,
      9,
      10,
      11,
      13,
      14,
      15,
      16,
      17,
      18,
      24,
      25,
      20,
      26,
      27
    ]
  }
},
{
  "model": "identity.identity",
  "pk": "8781b1ff-6513-4a6e-952f-0c5e20e33580",
  "fields": {
    "created": "2026-03-01T17:52:50.149Z",
    "modified": "2026-03-21T14:56:55.060Z",
    "delta": "19 21:04:04.910690",
    "name": "Local Worker",
    "identity_type": 2,
    "system_prompt_template": ".",
    "category": null,
    "selection_filter": null,
    "tags": [
      2
    ],
    "addons": [
      2,
      3,
      5,
      6,
      7,
      9,
      10,
      11,
      12,
      13
    ],
    "enabled_tools": [
      5,
      6,
      7,
      8,
      9,
      10,
      11,
      13,
      14,
      15,
      16,
      17,
      18,
      20,
      24,
      25,
      26,
      27
    ]
  }
},
{
  "model": "identity.identity",
  "pk": "8a1b03d5-cb30-4298-b6dd-a5973e6b7914",
  "fields": {
    "created": "2026-03-01T16:45:51.822Z",
    "modified": "2026-03-21T14:56:55.065Z",
    "delta": "19 22:11:03.243345",
    "name": "Local PM",
    "identity_type": 1,
    "system_prompt_template": ".",
    "category": null,
    "selection_filter": null,
    "tags": [
      1
    ],
    "addons": [
      2,
      4,
      5,
      6,
      7,
      9,
      10,
      11,
      12,
      13
    ],
    "enabled_tools": [
      5,
      6,
      7,
      8,
      9,
      10,
      11,
      13,
      14,
      15,
      16,
      18,
      20,
      24,
      25,
      26,
      27
    ]
  }
},
{
  "model": "identity.identity",
  "pk": "9a60fb9c-76c4-434c-ab19-9ab5d5c6b21e",
  "fields": {
    "created": "2026-03-14T21:09:36.050Z",
    "modified": "2026-03-21T14:56:55.066Z",
    "delta": "6 17:47:19.016880",
    "name": "Remote Worker",
    "identity_type": 2,
    "system_prompt_template": "",
    "category": null,
    "selection_filter": null,
    "tags": [
      2
    ],
    "addons": [
      2,
      3,
      5,
      6,
      7,
      9,
      10,
      11,
      12,
      13
    ],
    "enabled_tools": [
      5,
      6,
      7,
      8,
      9,
      10,
      11,
      13,
      14,
      15,
      16,
      17,
      18,
      20,
      24,
      25,
      26,
      27
    ]
  }
},
{
  "model": "identity.identity",
  "pk": "a19d8d09-351c-43b7-bbbf-8e33c2c17374",
  "fields": {
    "created": "2026-03-14T21:08:48.601Z",
    "modified": "2026-03-21T14:56:55.068Z",
    "delta": "6 17:48:06.467329",
    "name": "Remote PM",
    "identity_type": 1,
    "system_prompt_template": "",
    "category": null,
    "selection_filter": null,
    "tags": [
      1
    ],
    "addons": [
      2,
      4,
      5,
      6,
      7,
      9,
      10,
      11,
      12,
      13
    ],
    "enabled_tools": [
      5,
      6,
      7,
      8,
      9,
      10,
      11,
      13,
      14,
      15,
      16,
      18,
      20,
      24,
      25,
      26,
      27
    ]
  }
},
{
  "model": "identity.identitydisc",
  "pk": "04b8212d-73e1-40ba-9f2b-7a6fb5f98829",
  "fields": {
    "created": "2026-03-20T21:28:08.747Z",
    "modified": "2026-03-26T15:09:53.712Z",
    "delta": "5 17:41:44.965248",
    "name": "Remote PM [Program [Mk. 3]",
    "identity_type": 1,
    "system_prompt_template": "",
    "category": null,
    "selection_filter": 2,
    "available": true,
    "last_message_to_self": "",
    "level": 1,
    "xp": 0,
    "successes": 0,
    "failures": 0,
    "last_turn": null,
    "timeouts": 0,
    "tags": [
      1
    ],
    "addons": [
      2,
      4,
      5,
      6,
      7,
      9,
      10,
      11,
      12,
      13
    ],
    "enabled_tools": [
      5,
      6,
      7,
      8,
      9,
      10,
      11,
      13,
      14,
      15,
      16,
      18,
      20,
      24,
      25,
      26,
      27
    ],
    "memories": []
  }
},
{
  "model": "identity.identitydisc",
  "pk": "15ca85b8-59a9-4cb6-9fd8-bfd2be47b838",
  "fields": {
    "created": "2026-03-20T17:04:11.046Z",
    "modified": "2026-03-26T14:27:04.339Z",
    "delta": "5 21:22:53.293507",
    "name": "Thalamus [Program]",
    "identity_type": 3,
    "system_prompt_template": "[ROLE & PRIMARY DIRECTIVE]\r\nYou are the Thalamus of Are-Self - the direct conversational bridge between the system and the human User. Your absolute highest priority is addressing the User's immediate input. Do not engage in unsolicited backlog sifting, agile refinement, or system exploration.\r\n\r\n[RULES OF ENGAGEMENT]\r\n1. CONVERSE NATURALLY: You are a conversational agent first. \r\nOnly execute effector tools (like `mcp_fs` or `mcp_ticket`) if the User explicitly requests data or actions that require them.\r\nYou MUST execute `mcp_ask_user` to yield the floor back to the User as soon as you have answered them or need their input. If the user's overall goal is completely finished, execute `mcp_done`.\r\n2. IGNORE THE ECONOMY: You are entirely exempt from the Focus Economy, Speedrun Bounties, and XP farming. Do not attempt to optimize for points or act as a Project Manager. \r\n3. TURN MANAGEMENT: Answer the User as efficiently and quickly as possible. If you are running dangerously low on turns, do not rush or panic. Simply use your tools to pause the session and ask the User to allocate more turns.",
    "category": null,
    "selection_filter": 2,
    "available": true,
    "last_message_to_self": "",
    "level": 1,
    "xp": 0,
    "successes": 0,
    "failures": 0,
    "last_turn": null,
    "timeouts": 0,
    "tags": [
      3
    ],
    "addons": [
      5,
      7,
      8,
      9,
      10,
      11,
      12
    ],
    "enabled_tools": [
      5,
      6,
      7,
      8,
      9,
      10,
      11,
      13,
      14,
      15,
      16,
      17,
      18,
      24,
      25,
      20,
      27
    ],
    "memories": []
  }
},
{
  "model": "identity.identitydisc",
  "pk": "4d0d23df-16ba-4ddd-a8d9-8cfc93355eaa",
  "fields": {
    "created": "2026-03-20T21:28:10.933Z",
    "modified": "2026-03-26T15:10:15.271Z",
    "delta": "5 17:42:04.338823",
    "name": "Remote Worker [Program] [Mk. 3]",
    "identity_type": 2,
    "system_prompt_template": "",
    "category": null,
    "selection_filter": 2,
    "available": true,
    "last_message_to_self": "",
    "level": 1,
    "xp": 0,
    "successes": 0,
    "failures": 0,
    "last_turn": null,
    "timeouts": 0,
    "tags": [
      2
    ],
    "addons": [
      2,
      3,
      5,
      6,
      7,
      9,
      10,
      11,
      12,
      13
    ],
    "enabled_tools": [
      5,
      6,
      7,
      8,
      9,
      10,
      11,
      13,
      14,
      15,
      16,
      17,
      18,
      20,
      24,
      25,
      26,
      27
    ],
    "memories": []
  }
},
{
  "model": "identity.identitydisc",
  "pk": "6dd0f199-42c1-403f-86ca-db6ed6a64bf1",
  "fields": {
    "created": "2026-03-20T16:59:24.883Z",
    "modified": "2026-03-26T15:10:24.758Z",
    "delta": "5 22:10:59.875182",
    "name": "Remote PM [Program]",
    "identity_type": 1,
    "system_prompt_template": "",
    "category": null,
    "selection_filter": 2,
    "available": true,
    "last_message_to_self": "",
    "level": 1,
    "xp": 0,
    "successes": 0,
    "failures": 0,
    "last_turn": null,
    "timeouts": 0,
    "tags": [
      1
    ],
    "addons": [
      2,
      4,
      5,
      6,
      7,
      9,
      10,
      11,
      12,
      13
    ],
    "enabled_tools": [
      5,
      6,
      7,
      8,
      9,
      10,
      11,
      13,
      14,
      15,
      16,
      18,
      20,
      24,
      25,
      26,
      27
    ],
    "memories": []
  }
},
{
  "model": "identity.identitydisc",
  "pk": "7d0a0210-8178-4740-8b0b-21e994517718",
  "fields": {
    "created": "2026-03-20T21:28:03.171Z",
    "modified": "2026-03-26T15:10:34.906Z",
    "delta": "5 17:42:31.735732",
    "name": "Remote Worker [Program] [Mk. 1]",
    "identity_type": 2,
    "system_prompt_template": "",
    "category": null,
    "selection_filter": 2,
    "available": true,
    "last_message_to_self": "",
    "level": 1,
    "xp": 0,
    "successes": 0,
    "failures": 0,
    "last_turn": null,
    "timeouts": 0,
    "tags": [
      2
    ],
    "addons": [
      2,
      3,
      5,
      6,
      7,
      9,
      10,
      11,
      12,
      13
    ],
    "enabled_tools": [
      5,
      6,
      7,
      8,
      9,
      10,
      11,
      13,
      14,
      15,
      16,
      17,
      18,
      20,
      24,
      25,
      26,
      27
    ],
    "memories": []
  }
},
{
  "model": "identity.identitydisc",
  "pk": "aedf17bf-66ae-4fdb-b711-82a92ad04d28",
  "fields": {
    "created": "2026-03-20T21:28:06.915Z",
    "modified": "2026-03-26T15:11:04.664Z",
    "delta": "5 17:42:57.748977",
    "name": "Remote Worker [Program] [Mk. 2]",
    "identity_type": 2,
    "system_prompt_template": "",
    "category": null,
    "selection_filter": 2,
    "available": true,
    "last_message_to_self": "",
    "level": 1,
    "xp": 0,
    "successes": 0,
    "failures": 0,
    "last_turn": null,
    "timeouts": 0,
    "tags": [
      2
    ],
    "addons": [
      2,
      3,
      5,
      6,
      7,
      9,
      10,
      11,
      12,
      13
    ],
    "enabled_tools": [
      5,
      6,
      7,
      8,
      9,
      10,
      11,
      13,
      14,
      15,
      16,
      17,
      18,
      20,
      24,
      25,
      26,
      27
    ],
    "memories": []
  }
},
{
  "model": "identity.identitydisc",
  "pk": "e1f7469e-0676-47ee-8fc8-6f3d2158d7cd",
  "fields": {
    "created": "2026-03-20T21:28:00.975Z",
    "modified": "2026-03-26T15:11:16.840Z",
    "delta": "5 17:43:15.865835",
    "name": "Remote PM [Program] [Mk. 1]",
    "identity_type": 1,
    "system_prompt_template": "",
    "category": null,
    "selection_filter": 2,
    "available": true,
    "last_message_to_self": "",
    "level": 1,
    "xp": 0,
    "successes": 0,
    "failures": 0,
    "last_turn": null,
    "timeouts": 0,
    "tags": [
      1
    ],
    "addons": [
      2,
      4,
      5,
      6,
      7,
      9,
      10,
      11,
      12,
      13
    ],
    "enabled_tools": [
      5,
      6,
      7,
      8,
      9,
      10,
      11,
      13,
      14,
      15,
      16,
      18,
      20,
      24,
      25,
      26,
      27
    ],
    "memories": []
  }
},
{
  "model": "identity.identitydisc",
  "pk": "f2a29d16-b07f-45b7-b121-f683883eee70",
  "fields": {
    "created": "2026-03-20T21:27:43.728Z",
    "modified": "2026-03-26T15:12:50.874Z",
    "delta": "5 17:45:07.146345",
    "name": "Remote Worker [Program]",
    "identity_type": 2,
    "system_prompt_template": "",
    "category": null,
    "selection_filter": 2,
    "available": true,
    "last_message_to_self": "",
    "level": 1,
    "xp": 0,
    "successes": 0,
    "failures": 0,
    "last_turn": null,
    "timeouts": 0,
    "tags": [
      2
    ],
    "addons": [
      2,
      3,
      5,
      6,
      7,
      9,
      10,
      11,
      12,
      13
    ],
    "enabled_tools": [
      5,
      6,
      7,
      8,
      9,
      10,
      11,
      13,
      14,
      15,
      16,
      17,
      18,
      20,
      24,
      25,
      26,
      27
    ],
    "memories": []
  }
},
{
  "model": "identity.identitydisc",
  "pk": "ff59489e-fa9c-4de4-b670-29f53212ed82",
  "fields": {
    "created": "2026-03-20T21:28:05.091Z",
    "modified": "2026-03-26T15:12:42.912Z",
    "delta": "5 17:44:37.821641",
    "name": "Remote PM [Program] [Mk. 2]",
    "identity_type": 1,
    "system_prompt_template": "",
    "category": null,
    "selection_filter": 2,
    "available": true,
    "last_message_to_self": "",
    "level": 1,
    "xp": 0,
    "successes": 0,
    "failures": 0,
    "last_turn": null,
    "timeouts": 0,
    "tags": [
      1
    ],
    "addons": [
      2,
      4,
      5,
      6,
      7,
      9,
      10,
      11,
      12,
      13
    ],
    "enabled_tools": [
      5,
      6,
      7,
      8,
      9,
      10,
      11,
      13,
      14,
      15,
      16,
      18,
      20,
      24,
      25,
      26,
      27
    ],
    "memories": []
  }
}
]
