[
  {
    "model": "hydra.hydradistributionmode",
    "pk": 1,
    "fields": {
      "description": "Executes strictly on the local Talos Server (e.g. Compiling).",
      "name": "Local Server (Default)"
    }
  },
  {
    "model": "hydra.hydradistributionmode",
    "pk": 2,
    "fields": {
      "description": "Broadcasts execution to every ONLINE agent (e.g. Deployment).",
      "name": "All Online Agents"
    }
  },
  {
    "model": "hydra.hydradistributionmode",
    "pk": 3,
    "fields": {
      "description": "Executes on the first available ONLINE agent (e.g. Distributed Testing).",
      "name": "One Available Agent"
    }
  },
  {
    "model": "hydra.hydradistributionmode",
    "pk": 4,
    "fields": {
      "description": "Executes only on targets explicitly linked via HydraSpellTarget.",
      "name": "Specific Targets"
    }
  },
  {
    "model": "hydra.hydraspell",
    "pk": 1,
    "fields": {
      "created": "2026-01-01T00:00:00Z",
      "modified": "2026-01-22T22:13:06.759Z",
      "name": "Test",
      "talos_executable": 4,
      "distribution_mode": 1,
      "order": 1,
      "switches": [
        2,
        4,
        17,
        40,
        41,
        47,
        48,
        49
      ]
    }
  },
  {
    "model": "hydra.hydraspell",
    "pk": 2,
    "fields": {
      "created": "2026-01-01T00:00:00Z",
      "modified": "2026-01-21T22:07:32.891Z",
      "name": "Staging: Build Game",
      "talos_executable": 5,
      "distribution_mode": 1,
      "order": 2,
      "switches": [
        9,
        10,
        11,
        35,
        36,
        37,
        38
      ]
    }
  },
  {
    "model": "hydra.hydraspell",
    "pk": 3,
    "fields": {
      "created": "2026-01-01T00:00:00Z",
      "modified": "2026-01-23T19:58:04.138Z",
      "name": "Staging: Record PSOs",
      "talos_executable": 6,
      "distribution_mode": 1,
      "order": 3,
      "switches": [
        17,
        23,
        24,
        25,
        29,
        30,
        31
      ]
    }
  },
  {
    "model": "hydra.hydraspell",
    "pk": 4,
    "fields": {
      "created": "2026-01-01T00:00:00Z",
      "modified": "2026-01-23T20:29:01.872Z",
      "name": "Staging Run Once",
      "talos_executable": 6,
      "distribution_mode": 1,
      "order": 1,
      "switches": [
        16,
        23,
        24,
        25,
        40
      ]
    }
  },
  {
    "model": "hydra.hydraspell",
    "pk": 100,
    "fields": {
      "created": "2026-01-07T22:58:23.399Z",
      "modified": "2026-01-23T20:13:48.542Z",
      "name": "Compile PSO Cache",
      "talos_executable": 4,
      "distribution_mode": 1,
      "order": 10,
      "switches": [
        2,
        3,
        22,
        26,
        27
      ]
    }
  },
  {
    "model": "hydra.hydraspell",
    "pk": 110,
    "fields": {
      "created": "2026-01-08T15:50:00Z",
      "modified": "2026-01-26T17:43:04.964Z",
      "name": "Pre-Release Build",
      "talos_executable": 5,
      "distribution_mode": 1,
      "order": 20,
      "switches": [
        3,
        5,
        9,
        10,
        11,
        13,
        15,
        19,
        20,
        32,
        33,
        34,
        35,
        37,
        38,
        44
      ]
    }
  },
  {
    "model": "hydra.hydraspell",
    "pk": 120,
    "fields": {
      "created": "2026-01-08T12:00:00Z",
      "modified": "2026-01-20T16:24:06.085Z",
      "name": "UAT Run (Legacy)",
      "talos_executable": 1,
      "distribution_mode": 1,
      "order": 30,
      "switches": []
    }
  },
  {
    "model": "hydra.hydraspell",
    "pk": 130,
    "fields": {
      "created": "2026-01-08T18:00:00Z",
      "modified": "2026-01-26T20:15:21.715Z",
      "name": "Deploy",
      "talos_executable": 10,
      "distribution_mode": 1,
      "order": 40,
      "switches": []
    }
  },
  {
    "model": "hydra.hydraspell",
    "pk": 140,
    "fields": {
      "created": "2026-01-09T12:00:00Z",
      "modified": "2026-01-22T16:15:08.374Z",
      "name": "Version Metadata",
      "talos_executable": 9,
      "distribution_mode": 1,
      "order": 5,
      "switches": []
    }
  },
  {
    "model": "hydra.hydraspell",
    "pk": 142,
    "fields": {
      "created": "2026-01-17T02:00:50.152Z",
      "modified": "2026-01-20T16:14:01.054Z",
      "name": "MP Remotes",
      "talos_executable": 1,
      "distribution_mode": 1,
      "order": 1,
      "switches": []
    }
  },
  {
    "model": "hydra.hydraspell",
    "pk": 143,
    "fields": {
      "created": "2026-01-17T02:00:50.156Z",
      "modified": "2026-01-26T17:53:32.250Z",
      "name": "Pre-Release Run",
      "talos_executable": 7,
      "distribution_mode": 1,
      "order": 1,
      "switches": [
        23,
        24,
        25,
        40
      ]
    }
  },
  {
    "model": "hydra.hydraspell",
    "pk": 144,
    "fields": {
      "created": "2026-01-27T17:25:34.483Z",
      "modified": "2026-01-27T17:26:18.581Z",
      "name": "Get Agent UUID",
      "talos_executable": 11,
      "distribution_mode": 4,
      "order": 0,
      "switches": []
    }
  },
  {
    "model": "hydra.hydraspell",
    "pk": 145,
    "fields": {
      "created": "2026-01-27T19:19:00.155Z",
      "modified": "2026-01-27T19:19:00.155Z",
      "name": "Scan for Agents",
      "talos_executable": 12,
      "distribution_mode": 1,
      "order": 0,
      "switches": []
    }
  },
  {
    "model": "hydra.hydraspellargumentassignment",
    "pk": 1,
    "fields": {
      "spell": 2,
      "order": 10,
      "argument": 6
    }
  },
  {
    "model": "hydra.hydraspellargumentassignment",
    "pk": 2,
    "fields": {
      "spell": 1,
      "order": 10,
      "argument": 3
    }
  },
  {
    "model": "hydra.hydraspellargumentassignment",
    "pk": 3,
    "fields": {
      "spell": 100,
      "order": 1,
      "argument": 3
    }
  },
  {
    "model": "hydra.hydraspellargumentassignment",
    "pk": 4,
    "fields": {
      "spell": 100,
      "order": 2,
      "argument": 5
    }
  },
  {
    "model": "hydra.hydraspellargumentassignment",
    "pk": 5,
    "fields": {
      "spell": 100,
      "order": 3,
      "argument": 4
    }
  },
  {
    "model": "hydra.hydraspellargumentassignment",
    "pk": 6,
    "fields": {
      "spell": 100,
      "order": 4,
      "argument": 1
    }
  },
  {
    "model": "hydra.hydraspellargumentassignment",
    "pk": 7,
    "fields": {
      "spell": 100,
      "order": 5,
      "argument": 2
    }
  },
  {
    "model": "hydra.hydraspellargumentassignment",
    "pk": 8,
    "fields": {
      "spell": 110,
      "order": 10,
      "argument": 6
    }
  },
  {
    "model": "hydra.hydraspellargumentassignment",
    "pk": 9,
    "fields": {
      "spell": 144,
      "order": 10,
      "argument": 9
    }
  },
  {
    "model": "hydra.hydraoutcomeaction",
    "pk": 1,
    "fields": {
      "name": "Copy"
    }
  },
  {
    "model": "hydra.hydraoutcomeaction",
    "pk": 2,
    "fields": {
      "name": "Move"
    }
  },
  {
    "model": "hydra.hydraoutcomeaction",
    "pk": 3,
    "fields": {
      "name": "Validate Exists"
    }
  },
  {
    "model": "hydra.hydraoutcomeaction",
    "pk": 4,
    "fields": {
      "name": "Delete"
    }
  },
  {
    "model": "hydra.hydraoutcomeaction",
    "pk": 5,
    "fields": {
      "name": "Analyze"
    }
  },
  {
    "model": "hydra.hydraspelloutcomeconfig",
    "pk": 100,
    "fields": {
      "created": "2026-01-07T22:58:23.399Z",
      "modified": "2026-01-08T12:00:00Z",
      "name": "Copy Generated SPC",
      "spell": 100,
      "action": 1,
      "source_path_template": "{staging_dir}/Windows/{project_name}/Content/PipelineCaches/{project_name}_PCD3D_SM6.spc",
      "dest_path_template": "{project_root}/{project_name}/Build/Windows/PipelineCaches/",
      "must_exist": true
    }
  },
  {
    "model": "hydra.hydraspellbook",
    "pk": "007d8e9f-1b2c-4d3e-5f6a-7b8c9d0e1f2a",
    "fields": {
      "created": "2026-01-08T16:10:00Z",
      "description": "Full Chain: Test -> UAT",
      "modified": "2026-01-20T16:19:19.230Z",
      "name": "Full",
      "spells": [
        1,
        2,
        3,
        140,
        100,
        110,
        120,
        130
      ]
    }
  },
  {
    "model": "hydra.hydraspellbook",
    "pk": "0245b699-5b9a-43ec-9391-b788b578d25f",
    "fields": {
      "created": "2026-01-09T20:16:00.695Z",
      "description": "Create and place Version Metadata.",
      "modified": "2026-01-20T16:15:44.857Z",
      "name": "Version Meta",
      "spells": [
        140
      ]
    }
  },
  {
    "model": "hydra.hydraspellbook",
    "pk": "22334455-6677-8899-0011-aabbccddeeff",
    "fields": {
      "created": "2026-01-08T16:40:00Z",
      "description": "Compile Shaders",
      "modified": "2026-01-20T16:16:24.355Z",
      "name": "Compile Shaders",
      "spells": [
        100
      ]
    }
  },
  {
    "model": "hydra.hydraspellbook",
    "pk": "2a2a2425-08ff-46d2-b652-adb4153554bf",
    "fields": {
      "created": "2026-01-08T21:58:00.568Z",
      "description": "Distribute to Agents",
      "modified": "2026-01-20T16:16:35.220Z",
      "name": "Distribute",
      "spells": [
        130
      ]
    }
  },
  {
    "model": "hydra.hydraspellbook",
    "pk": "4bb635e9-8c6c-41e4-8ca5-70744837b7a2",
    "fields": {
      "created": "2026-01-27T19:19:26.787Z",
      "description": null,
      "modified": "2026-01-27T19:19:26.787Z",
      "name": "Scan For Agents",
      "spells": [
        145
      ]
    }
  },
  {
    "model": "hydra.hydraspellbook",
    "pk": "559cecbd-2128-478a-be50-436ba30b7396",
    "fields": {
      "created": "2026-01-20T00:54:46.432Z",
      "description": "Local Game Launcher",
      "modified": "2026-01-26T17:53:58.185Z",
      "name": "Pre-Release Run",
      "spells": [
        143
      ]
    }
  },
  {
    "model": "hydra.hydraspellbook",
    "pk": "a7d8e9f0-1b2c-4d3e-5f6a-7b8c9d0e1f2a",
    "fields": {
      "created": "2026-01-01T00:00:00Z",
      "description": null,
      "modified": "2026-01-23T20:00:48.967Z",
      "name": "Stage",
      "spells": [
        2,
        3
      ]
    }
  },
  {
    "model": "hydra.hydraspellbook",
    "pk": "b7b1017e-0e5f-4e3d-b91a-13270b41b4b3",
    "fields": {
      "created": "2026-01-23T22:01:37.231Z",
      "description": "RecordPSOs",
      "modified": "2026-01-23T22:01:37.231Z",
      "name": "RecordPSOs",
      "spells": [
        3
      ]
    }
  },
  {
    "model": "hydra.hydraspellbook",
    "pk": "b8e9f0a1-2c3d-4e5f-6a7b-8c9d0e1f2b3c",
    "fields": {
      "created": "2026-01-01T00:00:00Z",
      "description": "Headless Test Only",
      "modified": "2026-01-09T15:05:55.848Z",
      "name": "Test",
      "spells": [
        1
      ]
    }
  },
  {
    "model": "hydra.hydraspellbook",
    "pk": "d0e1f2a3-4b5c-6d7e-8f9a-0b1c2d3e4f5a",
    "fields": {
      "created": "2026-01-01T00:00:00Z",
      "description": "Run Staging Game (Smoke Test)",
      "modified": "2026-01-01T00:00:00Z",
      "name": "Staging Run Only",
      "spells": [
        4
      ]
    }
  },
  {
    "model": "hydra.hydraspellbook",
    "pk": "f0f0f0f0-f0f0-f0f0-f0f0-f0f0f0f0f0f0",
    "fields": {
      "created": "2026-01-17T02:00:50.162Z",
      "description": "Side-by-side Live Debugging (Remote Server + Local Client)",
      "modified": "2026-01-20T16:26:43.143Z",
      "name": "Multiplayer (C&S)",
      "spells": [
        142,
        143
      ]
    }
  },
  {
    "model": "hydra.hydraspellbook",
    "pk": "f2a3b4c5-6d7e-8f9a-0b1c-2d3e4f5a6b7c",
    "fields": {
      "created": "2026-01-08T16:00:00Z",
      "description": "Step 4 Standalone: UAT BuildCookRun with Archive.",
      "modified": "2026-01-26T17:45:20.979Z",
      "name": "Pre-Release Build",
      "spells": [
        110
      ]
    }
  },
  {
    "model": "hydra.hydraspawnstatus",
    "pk": 1,
    "fields": {
      "name": "Created"
    }
  },
  {
    "model": "hydra.hydraspawnstatus",
    "pk": 2,
    "fields": {
      "name": "Pending"
    }
  },
  {
    "model": "hydra.hydraspawnstatus",
    "pk": 3,
    "fields": {
      "name": "Running"
    }
  },
  {
    "model": "hydra.hydraspawnstatus",
    "pk": 4,
    "fields": {
      "name": "Success"
    }
  },
  {
    "model": "hydra.hydraspawnstatus",
    "pk": 5,
    "fields": {
      "name": "Failed"
    }
  },
  {
    "model": "hydra.hydraspawnstatus",
    "pk": 6,
    "fields": {
      "name": "Aborted"
    }
  },
  {
    "model": "hydra.hydraheadstatus",
    "pk": 1,
    "fields": {
      "name": "Created"
    }
  },
  {
    "model": "hydra.hydraheadstatus",
    "pk": 2,
    "fields": {
      "name": "Pending"
    }
  },
  {
    "model": "hydra.hydraheadstatus",
    "pk": 3,
    "fields": {
      "name": "Running"
    }
  },
  {
    "model": "hydra.hydraheadstatus",
    "pk": 4,
    "fields": {
      "name": "Success"
    }
  },
  {
    "model": "hydra.hydraheadstatus",
    "pk": 5,
    "fields": {
      "name": "Failed"
    }
  },
  {
    "model": "hydra.hydraheadstatus",
    "pk": 6,
    "fields": {
      "name": "Aborted"
    }
  }
]
