[
  {
    "model": "hydra.hydradistributionmode",
    "pk": 1,
    "fields": {
      "description": "Executes strictly on the local Talos Server (e.g. Compiling).",
      "name": "Local Server (Default)"
    }
  },
  {
    "model": "hydra.hydradistributionmode",
    "pk": 2,
    "fields": {
      "description": "Broadcasts execution to every ONLINE agent (e.g. Deployment).",
      "name": "All Online Agents"
    }
  },
  {
    "model": "hydra.hydradistributionmode",
    "pk": 3,
    "fields": {
      "description": "Executes on the first available ONLINE agent (e.g. Distributed Testing).",
      "name": "One Available Agent"
    }
  },
  {
    "model": "hydra.hydradistributionmode",
    "pk": 4,
    "fields": {
      "description": "Executes only on targets explicitly linked via HydraSpellTarget.",
      "name": "Specific Targets"
    }
  },
  {
    "model": "hydra.hydraspell",
    "pk": 1,
    "fields": {
      "created": "2026-01-01T00:00:00Z",
      "modified": "2026-01-22T22:13:06.759Z",
      "name": "Test",
      "talos_executable": 4,
      "distribution_mode": 1,
      "order": 1,
      "switches": [
        2,
        4,
        17,
        40,
        41,
        47,
        48,
        49
      ]
    }
  },
  {
    "model": "hydra.hydraspell",
    "pk": 2,
    "fields": {
      "created": "2026-01-01T00:00:00Z",
      "modified": "2026-01-21T22:07:32.891Z",
      "name": "Staging: Build Game",
      "talos_executable": 5,
      "distribution_mode": 1,
      "order": 2,
      "switches": [
        9,
        10,
        11,
        35,
        36,
        37,
        38
      ]
    }
  },
  {
    "model": "hydra.hydraspell",
    "pk": 3,
    "fields": {
      "created": "2026-01-01T00:00:00Z",
      "modified": "2026-01-23T19:58:04.138Z",
      "name": "Staging: Record PSOs",
      "talos_executable": 6,
      "distribution_mode": 1,
      "order": 3,
      "switches": [
        17,
        23,
        24,
        25,
        29,
        30,
        31
      ]
    }
  },
  {
    "model": "hydra.hydraspell",
    "pk": 4,
    "fields": {
      "created": "2026-01-01T00:00:00Z",
      "modified": "2026-01-23T20:29:01.872Z",
      "name": "Staging Run Once",
      "talos_executable": 6,
      "distribution_mode": 1,
      "order": 1,
      "switches": [
        16,
        23,
        24,
        25,
        40
      ]
    }
  },
  {
    "model": "hydra.hydraspell",
    "pk": 100,
    "fields": {
      "created": "2026-01-07T22:58:23.399Z",
      "modified": "2026-01-23T20:13:48.542Z",
      "name": "Compile PSO Cache",
      "talos_executable": 4,
      "distribution_mode": 1,
      "order": 10,
      "switches": [
        2,
        3,
        22,
        26,
        27
      ]
    }
  },
  {
    "model": "hydra.hydraspell",
    "pk": 110,
    "fields": {
      "created": "2026-01-08T15:50:00Z",
      "modified": "2026-01-26T17:43:04.964Z",
      "name": "Pre-Release Build",
      "talos_executable": 5,
      "distribution_mode": 1,
      "order": 20,
      "switches": [
        3,
        5,
        9,
        10,
        11,
        13,
        15,
        19,
        20,
        32,
        33,
        34,
        35,
        37,
        38,
        44
      ]
    }
  },
  {
    "model": "hydra.hydraspell",
    "pk": 120,
    "fields": {
      "created": "2026-01-08T12:00:00Z",
      "modified": "2026-01-20T16:24:06.085Z",
      "name": "UAT Run (Legacy)",
      "talos_executable": 1,
      "distribution_mode": 1,
      "order": 30,
      "switches": []
    }
  },
  {
    "model": "hydra.hydraspell",
    "pk": 130,
    "fields": {
      "created": "2026-01-08T18:00:00Z",
      "modified": "2026-01-27T23:00:52.149Z",
      "name": "Deploy",
      "talos_executable": 13,
      "distribution_mode": 2,
      "order": 40,
      "switches": [
        50,
        51,
        52,
        53,
        54,
        55,
        56,
        57
      ]
    }
  },
  {
    "model": "hydra.hydraspell",
    "pk": 140,
    "fields": {
      "created": "2026-01-09T12:00:00Z",
      "modified": "2026-01-22T16:15:08.374Z",
      "name": "Version Metadata",
      "talos_executable": 9,
      "distribution_mode": 1,
      "order": 5,
      "switches": []
    }
  },
  {
    "model": "hydra.hydraspell",
    "pk": 142,
    "fields": {
      "created": "2026-01-17T02:00:50.152Z",
      "modified": "2026-01-20T16:14:01.054Z",
      "name": "MP Remotes",
      "talos_executable": 1,
      "distribution_mode": 1,
      "order": 1,
      "switches": []
    }
  },
  {
    "model": "hydra.hydraspell",
    "pk": 143,
    "fields": {
      "created": "2026-01-17T02:00:50.156Z",
      "modified": "2026-01-26T17:53:32.250Z",
      "name": "Pre-Release Run",
      "talos_executable": 7,
      "distribution_mode": 1,
      "order": 1,
      "switches": [
        23,
        24,
        25,
        40
      ]
    }
  },
  {
    "model": "hydra.hydraspell",
    "pk": 144,
    "fields": {
      "created": "2026-01-27T17:25:34.483Z",
      "modified": "2026-01-27T17:26:18.581Z",
      "name": "Get Agent UUID",
      "talos_executable": 11,
      "distribution_mode": 4,
      "order": 0,
      "switches": []
    }
  },
  {
    "model": "hydra.hydraspell",
    "pk": 145,
    "fields": {
      "created": "2026-01-27T19:19:00.155Z",
      "modified": "2026-01-27T19:19:00.155Z",
      "name": "Scan for Agents",
      "talos_executable": 12,
      "distribution_mode": 1,
      "order": 0,
      "switches": []
    }
  },
  {
    "model": "hydra.hydraspellargumentassignment",
    "pk": 1,
    "fields": {
      "spell": 2,
      "order": 10,
      "argument": 6
    }
  },
  {
    "model": "hydra.hydraspellargumentassignment",
    "pk": 2,
    "fields": {
      "spell": 1,
      "order": 10,
      "argument": 3
    }
  },
  {
    "model": "hydra.hydraspellargumentassignment",
    "pk": 3,
    "fields": {
      "spell": 100,
      "order": 1,
      "argument": 3
    }
  },
  {
    "model": "hydra.hydraspellargumentassignment",
    "pk": 4,
    "fields": {
      "spell": 100,
      "order": 2,
      "argument": 5
    }
  },
  {
    "model": "hydra.hydraspellargumentassignment",
    "pk": 5,
    "fields": {
      "spell": 100,
      "order": 3,
      "argument": 4
    }
  },
  {
    "model": "hydra.hydraspellargumentassignment",
    "pk": 6,
    "fields": {
      "spell": 100,
      "order": 4,
      "argument": 1
    }
  },
  {
    "model": "hydra.hydraspellargumentassignment",
    "pk": 7,
    "fields": {
      "spell": 100,
      "order": 5,
      "argument": 2
    }
  },
  {
    "model": "hydra.hydraspellargumentassignment",
    "pk": 8,
    "fields": {
      "spell": 110,
      "order": 10,
      "argument": 6
    }
  },
  {
    "model": "hydra.hydraspellargumentassignment",
    "pk": 9,
    "fields": {
      "spell": 144,
      "order": 10,
      "argument": 9
    }
  },
  {
    "model": "hydra.hydraspellargumentassignment",
    "pk": 10,
    "fields": {
      "spell": 130,
      "order": 1,
      "argument": 10
    }
  },
  {
    "model": "hydra.hydraspellargumentassignment",
    "pk": 11,
    "fields": {
      "spell": 130,
      "order": 2,
      "argument": 11
    }
  },
  {
    "model": "hydra.hydraoutcomeaction",
    "pk": 1,
    "fields": {
      "name": "Copy"
    }
  },
  {
    "model": "hydra.hydraoutcomeaction",
    "pk": 2,
    "fields": {
      "name": "Move"
    }
  },
  {
    "model": "hydra.hydraoutcomeaction",
    "pk": 3,
    "fields": {
      "name": "Validate Exists"
    }
  },
  {
    "model": "hydra.hydraoutcomeaction",
    "pk": 4,
    "fields": {
      "name": "Delete"
    }
  },
  {
    "model": "hydra.hydraoutcomeaction",
    "pk": 5,
    "fields": {
      "name": "Analyze"
    }
  },
  {
    "model": "hydra.hydraspelloutcomeconfig",
    "pk": 100,
    "fields": {
      "created": "2026-01-07T22:58:23.399Z",
      "modified": "2026-01-08T12:00:00Z",
      "name": "Copy Generated SPC",
      "spell": 100,
      "action": 1,
      "source_path_template": "{staging_dir}/Windows/{project_name}/Content/PipelineCaches/{project_name}_PCD3D_SM6.spc",
      "dest_path_template": "{project_root}/{project_name}/Build/Windows/PipelineCaches/",
      "must_exist": true
    }
  },
  {
    "model": "hydra.hydraspellbook",
    "pk": "007d8e9f-1b2c-4d3e-5f6a-7b8c9d0e1f2a",
    "fields": {
      "created": "2026-01-08T16:10:00Z",
      "description": "Full Chain: Test -> UAT",
      "modified": "2026-01-20T16:19:19.230Z",
      "name": "Full",
      "spells": [
        1,
        2,
        3,
        140,
        100,
        110,
        120,
        130
      ]
    }
  },
  {
    "model": "hydra.hydraspellbook",
    "pk": "0245b699-5b9a-43ec-9391-b788b578d25f",
    "fields": {
      "created": "2026-01-09T20:16:00.695Z",
      "description": "Create and place Version Metadata.",
      "modified": "2026-01-20T16:15:44.857Z",
      "name": "Version Meta",
      "spells": [
        140
      ]
    }
  },
  {
    "model": "hydra.hydraspellbook",
    "pk": "22334455-6677-8899-0011-aabbccddeeff",
    "fields": {
      "created": "2026-01-08T16:40:00Z",
      "description": "Compile Shaders",
      "modified": "2026-01-20T16:16:24.355Z",
      "name": "Compile Shaders",
      "spells": [
        100
      ]
    }
  },
  {
    "model": "hydra.hydraspellbook",
    "pk": "2a2a2425-08ff-46d2-b652-adb4153554bf",
    "fields": {
      "created": "2026-01-08T21:58:00.568Z",
      "description": "Distribute to Agents",
      "modified": "2026-01-20T16:16:35.220Z",
      "name": "Distribute",
      "spells": [
        130
      ]
    }
  },
  {
    "model": "hydra.hydraspellbook",
    "pk": "4bb635e9-8c6c-41e4-8ca5-70744837b7a2",
    "fields": {
      "created": "2026-01-27T19:19:26.787Z",
      "description": null,
      "modified": "2026-01-27T19:19:26.787Z",
      "name": "Scan For Agents",
      "spells": [
        145
      ]
    }
  },
  {
    "model": "hydra.hydraspellbook",
    "pk": "559cecbd-2128-478a-be50-436ba30b7396",
    "fields": {
      "created": "2026-01-20T00:54:46.432Z",
      "description": "Local Game Launcher",
      "modified": "2026-01-26T17:53:58.185Z",
      "name": "Pre-Release Run",
      "spells": [
        143
      ]
    }
  },
  {
    "model": "hydra.hydraspellbook",
    "pk": "a7d8e9f0-1b2c-4d3e-5f6a-7b8c9d0e1f2a",
    "fields": {
      "created": "2026-01-01T00:00:00Z",
      "description": null,
      "modified": "2026-01-23T20:00:48.967Z",
      "name": "Stage",
      "spells": [
        2,
        3
      ]
    }
  },
  {
    "model": "hydra.hydraspellbook",
    "pk": "b7b1017e-0e5f-4e3d-b91a-13270b41b4b3",
    "fields": {
      "created": "2026-01-23T22:01:37.231Z",
      "description": "RecordPSOs",
      "modified": "2026-01-23T22:01:37.231Z",
      "name": "RecordPSOs",
      "spells": [
        3
      ]
    }
  },
  {
    "model": "hydra.hydraspellbook",
    "pk": "b8e9f0a1-2c3d-4e5f-6a7b-8c9d0e1f2b3c",
    "fields": {
      "created": "2026-01-01T00:00:00Z",
      "description": "Headless Test Only",
      "modified": "2026-01-09T15:05:55.848Z",
      "name": "Test",
      "spells": [
        1
      ]
    }
  },
  {
    "model": "hydra.hydraspellbook",
    "pk": "d0e1f2a3-4b5c-6d7e-8f9a-0b1c2d3e4f5a",
    "fields": {
      "created": "2026-01-01T00:00:00Z",
      "description": "Run Staging Game (Smoke Test)",
      "modified": "2026-01-01T00:00:00Z",
      "name": "Staging Run Only",
      "spells": [
        4
      ]
    }
  },
  {
    "model": "hydra.hydraspellbook",
    "pk": "f0f0f0f0-f0f0-f0f0-f0f0-f0f0f0f0f0f0",
    "fields": {
      "created": "2026-01-17T02:00:50.162Z",
      "description": "Side-by-side Live Debugging (Remote Server + Local Client)",
      "modified": "2026-01-20T16:26:43.143Z",
      "name": "Multiplayer (C&S)",
      "spells": [
        142,
        143
      ]
    }
  },
  {
    "model": "hydra.hydraspellbook",
    "pk": "f2a3b4c5-6d7e-8f9a-0b1c-2d3e4f5a6b7c",
    "fields": {
      "created": "2026-01-08T16:00:00Z",
      "description": "Step 4 Standalone: UAT BuildCookRun with Archive.",
      "modified": "2026-01-26T17:45:20.979Z",
      "name": "Pre-Release Build",
      "spells": [
        110
      ]
    }
  },
  {
    "model": "hydra.hydraspawnstatus",
    "pk": 1,
    "fields": {
      "name": "Created"
    }
  },
  {
    "model": "hydra.hydraspawnstatus",
    "pk": 2,
    "fields": {
      "name": "Pending"
    }
  },
  {
    "model": "hydra.hydraspawnstatus",
    "pk": 3,
    "fields": {
      "name": "Running"
    }
  },
  {
    "model": "hydra.hydraspawnstatus",
    "pk": 4,
    "fields": {
      "name": "Success"
    }
  },
  {
    "model": "hydra.hydraspawnstatus",
    "pk": 5,
    "fields": {
      "name": "Failed"
    }
  },
  {
    "model": "hydra.hydraspawnstatus",
    "pk": 6,
    "fields": {
      "name": "Aborted"
    }
  },
  {
    "model": "hydra.hydraheadstatus",
    "pk": 1,
    "fields": {
      "name": "Created"
    }
  },
  {
    "model": "hydra.hydraheadstatus",
    "pk": 2,
    "fields": {
      "name": "Pending"
    }
  },
  {
    "model": "hydra.hydraheadstatus",
    "pk": 3,
    "fields": {
      "name": "Running"
    }
  },
  {
    "model": "hydra.hydraheadstatus",
    "pk": 4,
    "fields": {
      "name": "Success"
    }
  },
  {
    "model": "hydra.hydraheadstatus",
    "pk": 5,
    "fields": {
      "name": "Failed"
    }
  },
  {
    "model": "hydra.hydraheadstatus",
    "pk": 6,
    "fields": {
      "name": "Aborted"
    }
  },
  {
    "model": "hydra.hydraspawn",
    "pk": "015603f5-c49c-4c94-8e11-dd6157be19f7",
    "fields": {
      "created": "2026-01-27T21:39:47.702Z",
      "modified": "2026-01-27T21:39:47.702Z",
      "spellbook": "4bb635e9-8c6c-41e4-8ca5-70744837b7a2",
      "status": 4,
      "context_data": "{}"
    }
  },
  {
    "model": "hydra.hydraspawn",
    "pk": "32a04e32-3229-4dca-836f-feed79f840b5",
    "fields": {
      "created": "2026-01-27T21:40:54.669Z",
      "modified": "2026-01-27T21:40:54.669Z",
      "spellbook": "4bb635e9-8c6c-41e4-8ca5-70744837b7a2",
      "status": 4,
      "context_data": "{}"
    }
  },
  {
    "model": "hydra.hydraspawn",
    "pk": "52b24993-27c6-4285-89e7-64610f84ee3e",
    "fields": {
      "created": "2026-01-27T20:47:38.833Z",
      "modified": "2026-01-27T20:47:38.833Z",
      "spellbook": "4bb635e9-8c6c-41e4-8ca5-70744837b7a2",
      "status": 5,
      "context_data": "{}"
    }
  },
  {
    "model": "hydra.hydraspawn",
    "pk": "716310b9-bef8-408a-8f20-95a06bdba554",
    "fields": {
      "created": "2026-01-27T21:09:42.826Z",
      "modified": "2026-01-27T21:09:42.826Z",
      "spellbook": "4bb635e9-8c6c-41e4-8ca5-70744837b7a2",
      "status": 4,
      "context_data": "{}"
    }
  },
  {
    "model": "hydra.hydraspawn",
    "pk": "8e4028f4-35e7-439c-b284-fa5468ae06f8",
    "fields": {
      "created": "2026-01-27T20:43:39.307Z",
      "modified": "2026-01-27T20:43:39.307Z",
      "spellbook": "4bb635e9-8c6c-41e4-8ca5-70744837b7a2",
      "status": 4,
      "context_data": "{}"
    }
  },
  {
    "model": "hydra.hydraspawn",
    "pk": "9f2a35c6-716d-42e4-af50-26f3c0a52f32",
    "fields": {
      "created": "2026-01-27T21:46:47.959Z",
      "modified": "2026-01-27T21:46:47.959Z",
      "spellbook": "4bb635e9-8c6c-41e4-8ca5-70744837b7a2",
      "status": 4,
      "context_data": "{}"
    }
  },
  {
    "model": "hydra.hydraspawn",
    "pk": "a443a720-7dc0-4e90-88a5-e0c204be34da",
    "fields": {
      "created": "2026-01-27T21:12:34.640Z",
      "modified": "2026-01-27T21:12:34.640Z",
      "spellbook": "4bb635e9-8c6c-41e4-8ca5-70744837b7a2",
      "status": 4,
      "context_data": "{}"
    }
  },
  {
    "model": "hydra.hydraspawn",
    "pk": "a525f2e7-4932-4047-9985-b050d3c07480",
    "fields": {
      "created": "2026-01-27T20:40:40.289Z",
      "modified": "2026-01-27T20:40:40.289Z",
      "spellbook": "4bb635e9-8c6c-41e4-8ca5-70744837b7a2",
      "status": 4,
      "context_data": "{}"
    }
  },
  {
    "model": "hydra.hydraspawn",
    "pk": "a611da3e-5cbf-4c73-a8bb-22ecec85d9d8",
    "fields": {
      "created": "2026-01-27T20:56:04.879Z",
      "modified": "2026-01-27T20:56:04.879Z",
      "spellbook": "4bb635e9-8c6c-41e4-8ca5-70744837b7a2",
      "status": 5,
      "context_data": "{}"
    }
  },
  {
    "model": "hydra.hydraspawn",
    "pk": "aec5d602-566a-49c7-ac6f-6175aa4d7804",
    "fields": {
      "created": "2026-01-27T21:16:36.945Z",
      "modified": "2026-01-27T21:16:36.945Z",
      "spellbook": "4bb635e9-8c6c-41e4-8ca5-70744837b7a2",
      "status": 5,
      "context_data": "{}"
    }
  },
  {
    "model": "hydra.hydraspawn",
    "pk": "bd491c77-0856-45ca-b82d-f684366ae989",
    "fields": {
      "created": "2026-01-27T20:32:28.848Z",
      "modified": "2026-01-27T20:32:28.848Z",
      "spellbook": "4bb635e9-8c6c-41e4-8ca5-70744837b7a2",
      "status": 5,
      "context_data": "{}"
    }
  },
  {
    "model": "hydra.hydraspawn",
    "pk": "c0595e60-4135-4d41-972e-274047215896",
    "fields": {
      "created": "2026-01-27T21:03:25.180Z",
      "modified": "2026-01-27T21:03:25.180Z",
      "spellbook": "4bb635e9-8c6c-41e4-8ca5-70744837b7a2",
      "status": 5,
      "context_data": "{}"
    }
  },
  {
    "model": "hydra.hydraspawn",
    "pk": "c92fd289-083c-4609-a2a3-0cc1d55eb357",
    "fields": {
      "created": "2026-01-27T22:25:53.766Z",
      "modified": "2026-01-27T22:25:53.766Z",
      "spellbook": "4bb635e9-8c6c-41e4-8ca5-70744837b7a2",
      "status": 4,
      "context_data": "{}"
    }
  },
  {
    "model": "hydra.hydraspawn",
    "pk": "e04835b0-6532-41e4-ac52-b9d530dd3039",
    "fields": {
      "created": "2026-01-27T21:02:25.023Z",
      "modified": "2026-01-27T21:02:25.023Z",
      "spellbook": "4bb635e9-8c6c-41e4-8ca5-70744837b7a2",
      "status": 5,
      "context_data": "{}"
    }
  },
  {
    "model": "hydra.hydraspawn",
    "pk": "f1845e7c-7fe3-4cde-9c8f-923ec708d176",
    "fields": {
      "created": "2026-01-27T21:21:25.703Z",
      "modified": "2026-01-27T21:21:25.703Z",
      "spellbook": "4bb635e9-8c6c-41e4-8ca5-70744837b7a2",
      "status": 5,
      "context_data": "{}"
    }
  },
  {
    "model": "hydra.hydraspawn",
    "pk": "f25def87-c9c1-40d7-8155-1c64e4b69143",
    "fields": {
      "created": "2026-01-27T21:07:56.889Z",
      "modified": "2026-01-27T21:07:56.889Z",
      "spellbook": "4bb635e9-8c6c-41e4-8ca5-70744837b7a2",
      "status": 4,
      "context_data": "{}"
    }
  },
  {
    "model": "hydra.hydrahead",
    "pk": "1bb2847e-ce0f-4c54-a152-9ba559640e2f",
    "fields": {
      "created": "2026-01-27T20:47:38.836Z",
      "modified": "2026-01-27T20:47:38.836Z",
      "spawn": "52b24993-27c6-4285-89e7-64610f84ee3e",
      "spell": 145,
      "target": null,
      "celery_task_id": "7db9243c-a45c-4c4f-977e-110e327df6ec",
      "status": 5,
      "spell_log": "Native Handler Exception: Single thread executor already being used, would deadlock",
      "execution_log": "Starting spell execution.\n",
      "result_code": null
    }
  },
  {
    "model": "hydra.hydrahead",
    "pk": "3131e599-97b9-4a16-b2ef-d328113feb23",
    "fields": {
      "created": "2026-01-27T21:09:42.829Z",
      "modified": "2026-01-27T21:09:42.829Z",
      "spawn": "716310b9-bef8-408a-8f20-95a06bdba554",
      "spell": 145,
      "target": null,
      "celery_task_id": "d259b287-430f-476f-8e77-0673d6170c20",
      "status": 4,
      "spell_log": "Scanner Crash: Single thread executor already being used, would deadlock",
      "execution_log": "Starting spell execution.\n",
      "result_code": null
    }
  },
  {
    "model": "hydra.hydrahead",
    "pk": "407e35bd-56eb-4620-8464-e0aba23f802a",
    "fields": {
      "created": "2026-01-27T22:25:53.768Z",
      "modified": "2026-01-27T22:25:53.768Z",
      "spawn": "c92fd289-083c-4609-a2a3-0cc1d55eb357",
      "spell": 145,
      "target": null,
      "celery_task_id": null,
      "status": 4,
      "spell_log": "Scan complete. Found 1 agents. Registered/Updated: MIKE-DESKTOP-1",
      "execution_log": "Starting spell execution.\n",
      "result_code": null
    }
  },
  {
    "model": "hydra.hydrahead",
    "pk": "4afd8e13-0ead-4dc7-8a22-5c104fde7a4c",
    "fields": {
      "created": "2026-01-27T20:40:40.292Z",
      "modified": "2026-01-27T20:40:40.292Z",
      "spawn": "a525f2e7-4932-4047-9985-b050d3c07480",
      "spell": 145,
      "target": null,
      "celery_task_id": "d68a9bd2-8bf7-4448-a69f-31f55d06ccfb",
      "status": 4,
      "spell_log": "Scan complete. Registered: None",
      "execution_log": "Starting spell execution.\n",
      "result_code": null
    }
  },
  {
    "model": "hydra.hydrahead",
    "pk": "54f9096b-533f-4517-bb22-dbad639e4538",
    "fields": {
      "created": "2026-01-27T21:21:25.706Z",
      "modified": "2026-01-27T21:21:25.706Z",
      "spawn": "f1845e7c-7fe3-4cde-9c8f-923ec708d176",
      "spell": 145,
      "target": null,
      "celery_task_id": "d8e3a264-f596-4f1c-9a94-64b85cbfaa34",
      "status": 6,
      "spell_log": "Native Handler Exception: 'str' object has no attribute 'unique_id'",
      "execution_log": "Starting spell execution.\n\n[HYDRA] Terminated by User (Signal Sent).\n",
      "result_code": null
    }
  },
  {
    "model": "hydra.hydrahead",
    "pk": "5c2fe604-b450-463a-92ac-c0e3f99dc7c8",
    "fields": {
      "created": "2026-01-27T20:32:28.851Z",
      "modified": "2026-01-27T20:32:28.851Z",
      "spawn": "bd491c77-0856-45ca-b82d-f684366ae989",
      "spell": 145,
      "target": null,
      "celery_task_id": "cf062f2c-e57f-4959-bd17-547d4e942bba",
      "status": 5,
      "spell_log": "Native Handler Exception: not enough values to unpack (expected 2, got 0)",
      "execution_log": "Starting spell execution.\n",
      "result_code": null
    }
  },
  {
    "model": "hydra.hydrahead",
    "pk": "66b0dbd4-0652-4bda-aeb4-52fea4d7c3d5",
    "fields": {
      "created": "2026-01-27T21:16:36.948Z",
      "modified": "2026-01-27T21:16:36.948Z",
      "spawn": "aec5d602-566a-49c7-ac6f-6175aa4d7804",
      "spell": 145,
      "target": null,
      "celery_task_id": "01092a11-f738-4348-bcc7-4038c3362159",
      "status": 6,
      "spell_log": "Native Handler Exception: NOT NULL constraint failed: talos_agent_talosagentregistry.status_id",
      "execution_log": "Starting spell execution.\n\n[HYDRA] Terminated by User (Signal Sent).\n",
      "result_code": null
    }
  },
  {
    "model": "hydra.hydrahead",
    "pk": "73d8ee6c-1766-44a1-8eb9-d3a56452f873",
    "fields": {
      "created": "2026-01-27T21:02:25.025Z",
      "modified": "2026-01-27T21:02:25.025Z",
      "spawn": "e04835b0-6532-41e4-ac52-b9d530dd3039",
      "spell": 145,
      "target": null,
      "celery_task_id": "15ba413d-d424-4146-b343-cf0c38402ff9",
      "status": 5,
      "spell_log": "Native Handler Exception: Single thread executor already being used, would deadlock",
      "execution_log": "Starting spell execution.\n",
      "result_code": null
    }
  },
  {
    "model": "hydra.hydrahead",
    "pk": "7a83057e-c5ef-46fc-859e-4548c53af25b",
    "fields": {
      "created": "2026-01-27T21:12:34.643Z",
      "modified": "2026-01-27T21:12:34.643Z",
      "spawn": "a443a720-7dc0-4e90-88a5-e0c204be34da",
      "spell": 145,
      "target": null,
      "celery_task_id": "daec0347-887e-496f-86be-b06f5f66bad3",
      "status": 4,
      "spell_log": "Scanner Crash: Single thread executor already being used, would deadlock",
      "execution_log": "Starting spell execution.\n",
      "result_code": null
    }
  },
  {
    "model": "hydra.hydrahead",
    "pk": "9cbc354c-b1fc-4a7a-b0a2-890d9487b123",
    "fields": {
      "created": "2026-01-27T21:03:25.183Z",
      "modified": "2026-01-27T21:03:25.183Z",
      "spawn": "c0595e60-4135-4d41-972e-274047215896",
      "spell": 145,
      "target": null,
      "celery_task_id": "0839a091-642f-4143-b6f4-16c110c84f9c",
      "status": 5,
      "spell_log": "Native Handler Exception: Single thread executor already being used, would deadlock",
      "execution_log": "Starting spell execution.\n",
      "result_code": null
    }
  },
  {
    "model": "hydra.hydrahead",
    "pk": "a89a02b8-1ac4-46c9-afb4-3753258b9df4",
    "fields": {
      "created": "2026-01-27T20:56:04.882Z",
      "modified": "2026-01-27T20:56:04.882Z",
      "spawn": "a611da3e-5cbf-4c73-a8bb-22ecec85d9d8",
      "spell": 145,
      "target": null,
      "celery_task_id": "2f7bb865-b3cb-4688-a005-15d1d9936b13",
      "status": 5,
      "spell_log": "Native Handler Exception: Single thread executor already being used, would deadlock",
      "execution_log": "Starting spell execution.\n",
      "result_code": null
    }
  },
  {
    "model": "hydra.hydrahead",
    "pk": "a8ef5afd-2683-43a4-a833-6c9ca067c02f",
    "fields": {
      "created": "2026-01-27T21:40:54.671Z",
      "modified": "2026-01-27T21:40:54.671Z",
      "spawn": "32a04e32-3229-4dca-836f-feed79f840b5",
      "spell": 145,
      "target": null,
      "celery_task_id": "dc56b963-c7d1-4b1b-9521-23445ac71542",
      "status": 4,
      "spell_log": "Scan complete. Found 1 agents. Registered/Updated: Unknown",
      "execution_log": "Starting spell execution.\n",
      "result_code": null
    }
  },
  {
    "model": "hydra.hydrahead",
    "pk": "cc514b21-8a2f-46ee-8f3e-c59d464d3452",
    "fields": {
      "created": "2026-01-27T21:46:47.963Z",
      "modified": "2026-01-27T21:46:47.963Z",
      "spawn": "9f2a35c6-716d-42e4-af50-26f3c0a52f32",
      "spell": 145,
      "target": null,
      "celery_task_id": "54c4aad3-8a6e-4a86-8ddf-35c1427f7451",
      "status": 4,
      "spell_log": "Scan complete. Found 1 agents. Registered/Updated: MIKE-DESKTOP-1",
      "execution_log": "Starting spell execution.\n",
      "result_code": null
    }
  },
  {
    "model": "hydra.hydrahead",
    "pk": "e91b540a-b2ec-4602-ba82-924af6ab833b",
    "fields": {
      "created": "2026-01-27T21:07:56.892Z",
      "modified": "2026-01-27T21:07:56.892Z",
      "spawn": "f25def87-c9c1-40d7-8155-1c64e4b69143",
      "spell": 145,
      "target": null,
      "celery_task_id": "d4423e14-f10c-46f1-9689-18d8ea495956",
      "status": 4,
      "spell_log": "Scanner Crash: Single thread executor already being used, would deadlock",
      "execution_log": "Starting spell execution.\n",
      "result_code": null
    }
  },
  {
    "model": "hydra.hydrahead",
    "pk": "fe112c53-8cf3-480f-933e-7c3676d1dd85",
    "fields": {
      "created": "2026-01-27T20:43:39.310Z",
      "modified": "2026-01-27T20:43:39.310Z",
      "spawn": "8e4028f4-35e7-439c-b284-fa5468ae06f8",
      "spell": 145,
      "target": null,
      "celery_task_id": "f60bfe99-2082-4c74-a0b4-6bb01d4ec202",
      "status": 4,
      "spell_log": "Scan complete. Registered: None",
      "execution_log": "Starting spell execution.\n",
      "result_code": null
    }
  },
  {
    "model": "hydra.hydrahead",
    "pk": "ff177a6b-9e46-415f-b2a6-e4ad8d597d7f",
    "fields": {
      "created": "2026-01-27T21:39:47.707Z",
      "modified": "2026-01-27T21:39:47.707Z",
      "spawn": "015603f5-c49c-4c94-8e11-dd6157be19f7",
      "spell": 145,
      "target": null,
      "celery_task_id": "524ab657-6836-449f-9371-cb10ac4b8f92",
      "status": 4,
      "spell_log": "Scan complete. Found 1 agents. Registered/Updated: Unknown",
      "execution_log": "Starting spell execution.\n",
      "result_code": null
    }
  }
]
