[
  {
    "model": "hydra.hydraexecutabletype",
    "pk": 1,
    "fields": {
      "created": "2026-01-01T00:00:00Z",
      "modified": "2026-01-01T00:00:00Z",
      "name": "Local Python"
    }
  },
  {
    "model": "hydra.hydraexecutabletype",
    "pk": 2,
    "fields": {
      "created": "2026-01-01T00:00:00Z",
      "modified": "2026-01-01T00:00:00Z",
      "name": "Remote Python"
    }
  },
  {
    "model": "hydra.hydraexecutabletype",
    "pk": 3,
    "fields": {
      "created": "2026-01-01T00:00:00Z",
      "modified": "2026-01-01T00:00:00Z",
      "name": "Local Popen"
    }
  },
  {
    "model": "hydra.hydraexecutabletype",
    "pk": 4,
    "fields": {
      "created": "2026-01-01T00:00:00Z",
      "modified": "2026-01-01T00:00:00Z",
      "name": "Remote Popen"
    }
  },
  {
    "model": "hydra.hydraexecutable",
    "pk": 1,
    "fields": {
      "created": "2026-01-01T00:00:00Z",
      "description": null,
      "modified": "2026-01-01T00:00:00Z",
      "name": "Unreal Editor (Cmd)",
      "slug": "ue_cmd",
      "type": 3,
      "path_template": "{engine_root}/Engine/Binaries/Win64/UnrealEditor-Cmd.exe"
    }
  },
  {
    "model": "hydra.hydraexecutable",
    "pk": 2,
    "fields": {
      "created": "2026-01-01T00:00:00Z",
      "description": null,
      "modified": "2026-01-01T00:00:00Z",
      "name": "Unreal Automation Tool",
      "slug": "uat",
      "type": 3,
      "path_template": "{engine_root}/Engine/Build/BatchFiles/RunUAT.bat"
    }
  },
  {
    "model": "hydra.hydraexecutable",
    "pk": 3,
    "fields": {
      "created": "2026-01-01T00:00:00Z",
      "description": null,
      "modified": "2026-01-20T15:59:42.627Z",
      "name": "Staging Executable",
      "slug": "staging",
      "type": 3,
      "path_template": "{staging_dir}/Windows/{project_name}.exe"
    }
  },
  {
    "model": "hydra.hydraexecutable",
    "pk": 4,
    "fields": {
      "created": "2026-01-08T12:00:00Z",
      "description": null,
      "modified": "2026-01-20T16:22:40.470Z",
      "name": "Release Test Executable (legacy)",
      "slug": "release_test",
      "type": 3,
      "path_template": "{build_root}/ReleaseTest/{project_name}.exe"
    }
  },
  {
    "model": "hydra.hydraexecutable",
    "pk": 5,
    "fields": {
      "created": "2026-01-08T18:00:00Z",
      "description": "Native Python Function: distributor.distribute_build_native (Standard Share Mode)",
      "modified": "2026-01-09T08:00:00Z",
      "name": "Native Parallel Distributor",
      "slug": "distribute_fleet",
      "type": 3,
      "path_template": ""
    }
  },
  {
    "model": "hydra.hydraexecutable",
    "pk": 6,
    "fields": {
      "created": "2026-01-09T12:00:00Z",
      "description": "Native Python Function: version_stamper.version_stamp_native",
      "modified": "2026-01-09T12:00:00Z",
      "name": "Version Stamper",
      "slug": "version_stamper",
      "type": 3,
      "path_template": ""
    }
  },
  {
    "model": "hydra.hydraexecutable",
    "pk": 7,
    "fields": {
      "created": "2026-01-09T12:00:00Z",
      "description": "Run UE Locally and Stream Logs to Talos",
      "modified": "2026-01-20T15:56:39.237Z",
      "name": "Native Local Client",
      "slug": "native_local_client",
      "type": 3,
      "path_template": ""
    }
  },
  {
    "model": "hydra.hydraexecutable",
    "pk": 100,
    "fields": {
      "created": "2026-01-07T22:58:23.399Z",
      "description": null,
      "modified": "2026-01-07T22:58:23.404Z",
      "name": "ShaderPipelineCacheTools",
      "slug": "shader_cache_tool",
      "type": 3,
      "path_template": "{engine_root}/Engine/Binaries/Win64/ShaderPipelineCacheTools.exe"
    }
  },
  {
    "model": "hydra.hydraexecutable",
    "pk": 106,
    "fields": {
      "created": "2026-01-09T12:00:00Z",
      "description": "Launches process on remote agent via Talos Protocol",
      "modified": "2026-01-09T12:00:00Z",
      "name": "Native Remote Launcher",
      "slug": "remote_launch",
      "type": 3,
      "path_template": ""
    }
  },
  {
    "model": "hydra.hydraswitch",
    "pk": 1,
    "fields": {
      "created": "2026-01-01T00:00:00Z",
      "modified": "2026-01-01T00:00:00Z",
      "name": "UProject Path (Positional)",
      "executable": 1,
      "flag": "",
      "value": "{project_root}/{project_name}.uproject"
    }
  },
  {
    "model": "hydra.hydraswitch",
    "pk": 2,
    "fields": {
      "created": "2026-01-01T00:00:00Z",
      "modified": "2026-01-01T00:00:00Z",
      "name": "Log Flag",
      "executable": 1,
      "flag": "-log",
      "value": ""
    }
  },
  {
    "model": "hydra.hydraswitch",
    "pk": 3,
    "fields": {
      "created": "2026-01-01T00:00:00Z",
      "modified": "2026-01-01T00:00:00Z",
      "name": "Unattended",
      "executable": 1,
      "flag": "-unattended",
      "value": ""
    }
  },
  {
    "model": "hydra.hydraswitch",
    "pk": 4,
    "fields": {
      "created": "2026-01-01T00:00:00Z",
      "modified": "2026-01-01T00:00:00Z",
      "name": "Exec Automation Tests",
      "executable": 1,
      "flag": "-ExecCmds=",
      "value": "Automation RunTests HSH.Tests;Quit"
    }
  },
  {
    "model": "hydra.hydraswitch",
    "pk": 5,
    "fields": {
      "created": "2026-01-01T00:00:00Z",
      "modified": "2026-01-01T00:00:00Z",
      "name": "Null RHI (Headless)",
      "executable": 1,
      "flag": "-nullrhi",
      "value": ""
    }
  },
  {
    "model": "hydra.hydraswitch",
    "pk": 6,
    "fields": {
      "created": "2026-01-01T00:00:00Z",
      "modified": "2026-01-01T00:00:00Z",
      "name": "No Splash",
      "executable": 1,
      "flag": "-nosplash",
      "value": ""
    }
  },
  {
    "model": "hydra.hydraswitch",
    "pk": 10,
    "fields": {
      "created": "2026-01-01T00:00:00Z",
      "modified": "2026-01-01T00:00:00Z",
      "name": "Command: BuildCookRun",
      "executable": 2,
      "flag": "BuildCookRun",
      "value": ""
    }
  },
  {
    "model": "hydra.hydraswitch",
    "pk": 11,
    "fields": {
      "created": "2026-01-01T00:00:00Z",
      "modified": "2026-01-01T00:00:00Z",
      "name": "Project Flag",
      "executable": 2,
      "flag": "-project=",
      "value": "{project_root}/{project_name}.uproject"
    }
  },
  {
    "model": "hydra.hydraswitch",
    "pk": 12,
    "fields": {
      "created": "2026-01-01T00:00:00Z",
      "modified": "2026-01-01T00:00:00Z",
      "name": "Platform Win64",
      "executable": 2,
      "flag": "-platform=Win64",
      "value": ""
    }
  },
  {
    "model": "hydra.hydraswitch",
    "pk": 13,
    "fields": {
      "created": "2026-01-01T00:00:00Z",
      "modified": "2026-01-01T00:00:00Z",
      "name": "Staging Directory",
      "executable": 2,
      "flag": "-stagingdirectory=",
      "value": "{staging_dir}"
    }
  },
  {
    "model": "hydra.hydraswitch",
    "pk": 14,
    "fields": {
      "created": "2026-01-01T00:00:00Z",
      "modified": "2026-01-01T00:00:00Z",
      "name": "Build Cook Stage Pak",
      "executable": 2,
      "flag": "-build -cook -stage -pak",
      "value": ""
    }
  },
  {
    "model": "hydra.hydraswitch",
    "pk": 15,
    "fields": {
      "created": "2026-01-08T16:00:00Z",
      "modified": "2026-01-08T16:00:00Z",
      "name": "Client Config Dev",
      "executable": 2,
      "flag": "-clientconfig=Development",
      "value": ""
    }
  },
  {
    "model": "hydra.hydraswitch",
    "pk": 16,
    "fields": {
      "created": "2026-01-08T16:00:00Z",
      "modified": "2026-01-08T16:00:00Z",
      "name": "Server Config Dev",
      "executable": 2,
      "flag": "-serverconfig=Development",
      "value": ""
    }
  },
  {
    "model": "hydra.hydraswitch",
    "pk": 17,
    "fields": {
      "created": "2026-01-08T16:00:00Z",
      "modified": "2026-01-08T16:00:00Z",
      "name": "No Compile Editor",
      "executable": 2,
      "flag": "-nocompileeditor",
      "value": ""
    }
  },
  {
    "model": "hydra.hydraswitch",
    "pk": 18,
    "fields": {
      "created": "2026-01-08T16:00:00Z",
      "modified": "2026-01-08T16:00:00Z",
      "name": "UTF8 Output",
      "executable": 2,
      "flag": "-utf8output",
      "value": ""
    }
  },
  {
    "model": "hydra.hydraswitch",
    "pk": 20,
    "fields": {
      "created": "2026-01-01T00:00:00Z",
      "modified": "2026-01-01T00:00:00Z",
      "name": "Log PSO",
      "executable": 3,
      "flag": "-logPSO",
      "value": ""
    }
  },
  {
    "model": "hydra.hydraswitch",
    "pk": 21,
    "fields": {
      "created": "2026-01-01T00:00:00Z",
      "modified": "2026-01-01T00:00:00Z",
      "name": "Windowed 720p",
      "executable": 3,
      "flag": "-windowed -resX=1280 -resY=720",
      "value": ""
    }
  },
  {
    "model": "hydra.hydraswitch",
    "pk": 22,
    "fields": {
      "created": "2026-01-01T00:00:00Z",
      "modified": "2026-01-01T00:00:00Z",
      "name": "Game Log",
      "executable": 3,
      "flag": "-log",
      "value": ""
    }
  },
  {
    "model": "hydra.hydraswitch",
    "pk": 23,
    "fields": {
      "created": "2026-01-01T00:00:00Z",
      "modified": "2026-01-01T00:00:00Z",
      "name": "Clear PSO Cache",
      "executable": 3,
      "flag": "-clearPSODriverCache",
      "value": ""
    }
  },
  {
    "model": "hydra.hydraswitch",
    "pk": 24,
    "fields": {
      "created": "2026-01-01T00:00:00Z",
      "modified": "2026-01-01T00:00:00Z",
      "name": "Compile Shaders",
      "executable": 3,
      "flag": "-CompileShaders",
      "value": ""
    }
  },
  {
    "model": "hydra.hydraswitch",
    "pk": 25,
    "fields": {
      "created": "2026-01-01T00:00:00Z",
      "modified": "2026-01-01T00:00:00Z",
      "name": "Auto Start",
      "executable": 3,
      "flag": "-AutoStart",
      "value": ""
    }
  },
  {
    "model": "hydra.hydraswitch",
    "pk": 26,
    "fields": {
      "created": "2026-01-01T00:00:00Z",
      "modified": "2026-01-01T00:00:00Z",
      "name": "Auto Close",
      "executable": 3,
      "flag": "-AutoClose",
      "value": ""
    }
  },
  {
    "model": "hydra.hydraswitch",
    "pk": 27,
    "fields": {
      "created": "2026-01-08T16:00:00Z",
      "modified": "2026-01-08T16:00:00Z",
      "name": "UAT No Pause",
      "executable": 2,
      "flag": "-nopause",
      "value": ""
    }
  },
  {
    "model": "hydra.hydraswitch",
    "pk": 30,
    "fields": {
      "created": "2026-01-08T12:00:00Z",
      "modified": "2026-01-08T12:00:00Z",
      "name": "Editor No Pause",
      "executable": 1,
      "flag": "-nopause",
      "value": ""
    }
  },
  {
    "model": "hydra.hydraswitch",
    "pk": 31,
    "fields": {
      "created": "2026-01-08T12:00:00Z",
      "modified": "2026-01-08T12:00:00Z",
      "name": "No Live Coding",
      "executable": 1,
      "flag": "-NoLiveCoding",
      "value": ""
    }
  },
  {
    "model": "hydra.hydraswitch",
    "pk": 32,
    "fields": {
      "created": "2026-01-08T12:00:00Z",
      "modified": "2026-01-08T12:00:00Z",
      "name": "Disable LC Var",
      "executable": 1,
      "flag": "-dpcvars=\"LiveCoding.Enable=0\"",
      "value": ""
    }
  },
  {
    "model": "hydra.hydraswitch",
    "pk": 40,
    "fields": {
      "created": "2026-01-08T12:00:00Z",
      "modified": "2026-01-08T12:00:00Z",
      "name": "Prod: Windowed",
      "executable": 4,
      "flag": "-windowed -resX=1280 -resY=720",
      "value": ""
    }
  },
  {
    "model": "hydra.hydraswitch",
    "pk": 41,
    "fields": {
      "created": "2026-01-08T12:00:00Z",
      "modified": "2026-01-08T12:00:00Z",
      "name": "Prod: Log",
      "executable": 4,
      "flag": "-log",
      "value": ""
    }
  },
  {
    "model": "hydra.hydraswitch",
    "pk": 101,
    "fields": {
      "created": "2026-01-08T15:50:00Z",
      "modified": "2026-01-08T15:50:00Z",
      "name": "Run Shader Tool",
      "executable": 1,
      "flag": "-run=ShaderPipelineCacheTools",
      "value": ""
    }
  },
  {
    "model": "hydra.hydraswitch",
    "pk": 102,
    "fields": {
      "created": "2026-01-08T15:50:00Z",
      "modified": "2026-01-08T15:50:00Z",
      "name": "Cmd: Expand",
      "executable": 1,
      "flag": "expand",
      "value": ""
    }
  },
  {
    "model": "hydra.hydraswitch",
    "pk": 103,
    "fields": {
      "created": "2026-01-08T15:50:00Z",
      "modified": "2026-01-08T15:50:00Z",
      "name": "Input: Rec Files",
      "executable": 1,
      "flag": "",
      "value": "{staging_dir}/Windows/{project_name}/Saved/CollectedPSOs/*.rec*"
    }
  },
  {
    "model": "hydra.hydraswitch",
    "pk": 104,
    "fields": {
      "created": "2026-01-08T15:50:00Z",
      "modified": "2026-01-08T15:50:00Z",
      "name": "Input: SHK Files",
      "executable": 1,
      "flag": "",
      "value": "{project_root}/Saved/Cooked/Windows/{project_name}/Metadata/PipelineCaches/*.shk"
    }
  },
  {
    "model": "hydra.hydraswitch",
    "pk": 105,
    "fields": {
      "created": "2026-01-08T15:50:00Z",
      "modified": "2026-01-08T15:50:00Z",
      "name": "Output: SPC File",
      "executable": 1,
      "flag": "",
      "value": "{staging_dir}/Windows/{project_name}/Content/PipelineCaches/{project_name}_PCD3D_SM6.spc"
    }
  },
  {
    "model": "hydra.hydraswitch",
    "pk": 110,
    "fields": {
      "created": "2026-01-08T15:50:00Z",
      "modified": "2026-01-08T15:50:00Z",
      "name": "Archive Flag",
      "executable": 2,
      "flag": "-archive",
      "value": ""
    }
  },
  {
    "model": "hydra.hydraswitch",
    "pk": 111,
    "fields": {
      "created": "2026-01-08T15:50:00Z",
      "modified": "2026-01-08T15:50:00Z",
      "name": "Archive Dir",
      "executable": 2,
      "flag": "-archivedirectory=",
      "value": "{build_root}"
    }
  },
  {
    "model": "hydra.hydraswitch",
    "pk": 112,
    "fields": {
      "created": "2026-01-08T15:50:00Z",
      "modified": "2026-01-08T15:50:00Z",
      "name": "Unversioned Content",
      "executable": 2,
      "flag": "-unversionedcookedcontent",
      "value": ""
    }
  },
  {
    "model": "hydra.hydraswitch",
    "pk": 113,
    "fields": {
      "created": "2026-01-08T15:50:00Z",
      "modified": "2026-01-08T15:50:00Z",
      "name": "Zen Store",
      "executable": 2,
      "flag": "-zenstore",
      "value": ""
    }
  },
  {
    "model": "hydra.hydraswitch",
    "pk": 114,
    "fields": {
      "created": "2026-01-08T15:50:00Z",
      "modified": "2026-01-08T15:50:00Z",
      "name": "Compressed",
      "executable": 2,
      "flag": "-compressed",
      "value": ""
    }
  },
  {
    "model": "hydra.hydraswitch",
    "pk": 140,
    "fields": {
      "created": "2026-01-09T12:00:00Z",
      "modified": "2026-01-09T12:00:00Z",
      "name": "Target File Path",
      "executable": 6,
      "flag": "--path",
      "value": "{project_root}/Content/AppVersion.json"
    }
  },
  {
    "model": "hydra.hydraswitch",
    "pk": 141,
    "fields": {
      "created": "2026-01-19T14:35:40.553Z",
      "modified": "2026-01-19T15:18:12.934Z",
      "name": "Log",
      "executable": 2,
      "flag": "-log",
      "value": ""
    }
  },
  {
    "model": "hydra.hydraswitch",
    "pk": 142,
    "fields": {
      "created": "2026-01-20T16:20:20.661Z",
      "modified": "2026-01-20T16:20:20.661Z",
      "name": "Auto Quit",
      "executable": 4,
      "flag": "-AutoQuit",
      "value": ""
    }
  },
  {
    "model": "hydra.hydraspell",
    "pk": 1,
    "fields": {
      "created": "2026-01-01T00:00:00Z",
      "modified": "2026-01-21T20:21:41.649Z",
      "name": "Test",
      "talos_executable": 4,
      "executable": 1,
      "order": 1,
      "switches": [
        2,
        4,
        17,
        40,
        41,
        43
      ],
      "active_switches": [
        1,
        2,
        3,
        4,
        5,
        6
      ]
    }
  },
  {
    "model": "hydra.hydraspell",
    "pk": 2,
    "fields": {
      "created": "2026-01-01T00:00:00Z",
      "modified": "2026-01-21T22:07:32.891Z",
      "name": "Staging: Build Game",
      "talos_executable": 5,
      "executable": 2,
      "order": 2,
      "switches": [
        9,
        10,
        11,
        35,
        36,
        37,
        38
      ],
      "active_switches": [
        10,
        11,
        12,
        13,
        14
      ]
    }
  },
  {
    "model": "hydra.hydraspell",
    "pk": 3,
    "fields": {
      "created": "2026-01-01T00:00:00Z",
      "modified": "2026-01-21T20:08:34.442Z",
      "name": "Staging: Record PSOs",
      "talos_executable": 6,
      "executable": 3,
      "order": 3,
      "switches": [
        23,
        24,
        25,
        29,
        30,
        31
      ],
      "active_switches": [
        20,
        21,
        23,
        24
      ]
    }
  },
  {
    "model": "hydra.hydraspell",
    "pk": 4,
    "fields": {
      "created": "2026-01-01T00:00:00Z",
      "modified": "2026-01-21T20:05:57.495Z",
      "name": "Staging",
      "talos_executable": 1,
      "executable": 3,
      "order": 1,
      "switches": [
        16,
        23,
        24,
        25
      ],
      "active_switches": [
        21,
        26
      ]
    }
  },
  {
    "model": "hydra.hydraspell",
    "pk": 100,
    "fields": {
      "created": "2026-01-07T22:58:23.399Z",
      "modified": "2026-01-21T20:35:40.704Z",
      "name": "Compile PSO Cache",
      "talos_executable": 4,
      "executable": 1,
      "order": 10,
      "switches": [
        2,
        3,
        21,
        22,
        26,
        27,
        42,
        43,
        45,
        46
      ],
      "active_switches": [
        1,
        3,
        30,
        31,
        32,
        101,
        102,
        103,
        104,
        105
      ]
    }
  },
  {
    "model": "hydra.hydraspell",
    "pk": 110,
    "fields": {
      "created": "2026-01-08T15:50:00Z",
      "modified": "2026-01-21T20:26:33.347Z",
      "name": "UAT Build",
      "talos_executable": 5,
      "executable": 2,
      "order": 20,
      "switches": [
        3,
        5,
        9,
        10,
        11,
        13,
        15,
        19,
        20,
        32,
        33,
        34,
        35,
        37,
        38,
        39,
        44
      ],
      "active_switches": [
        10,
        11,
        12,
        14,
        15,
        16,
        17,
        18,
        27,
        110,
        111,
        112,
        113,
        114
      ]
    }
  },
  {
    "model": "hydra.hydraspell",
    "pk": 120,
    "fields": {
      "created": "2026-01-08T12:00:00Z",
      "modified": "2026-01-20T16:24:06.085Z",
      "name": "UAT Run (Legacy)",
      "talos_executable": 1,
      "executable": 4,
      "order": 30,
      "switches": [],
      "active_switches": [
        40,
        41,
        142
      ]
    }
  },
  {
    "model": "hydra.hydraspell",
    "pk": 130,
    "fields": {
      "created": "2026-01-08T18:00:00Z",
      "modified": "2026-01-09T15:15:24.078Z",
      "name": "Distribute",
      "talos_executable": 1,
      "executable": 5,
      "order": 40,
      "switches": [],
      "active_switches": []
    }
  },
  {
    "model": "hydra.hydraspell",
    "pk": 140,
    "fields": {
      "created": "2026-01-09T12:00:00Z",
      "modified": "2026-01-09T12:00:00Z",
      "name": "Stamp Build Version",
      "talos_executable": 1,
      "executable": 6,
      "order": 5,
      "switches": [],
      "active_switches": [
        140
      ]
    }
  },
  {
    "model": "hydra.hydraspell",
    "pk": 142,
    "fields": {
      "created": "2026-01-17T02:00:50.152Z",
      "modified": "2026-01-20T16:14:01.054Z",
      "name": "MP Remotes",
      "talos_executable": 1,
      "executable": 106,
      "order": 1,
      "switches": [],
      "active_switches": []
    }
  },
  {
    "model": "hydra.hydraspell",
    "pk": 143,
    "fields": {
      "created": "2026-01-17T02:00:50.156Z",
      "modified": "2026-01-21T20:02:24.166Z",
      "name": "MP Local UAT",
      "talos_executable": 7,
      "executable": 7,
      "order": 1,
      "switches": [],
      "active_switches": []
    }
  },
  {
    "model": "hydra.hydraspellargumentassignment",
    "pk": 1,
    "fields": {
      "spell": 2,
      "order": 10,
      "argument": 6
    }
  },
  {
    "model": "hydra.hydraoutcomeaction",
    "pk": 1,
    "fields": {
      "name": "Copy"
    }
  },
  {
    "model": "hydra.hydraoutcomeaction",
    "pk": 2,
    "fields": {
      "name": "Move"
    }
  },
  {
    "model": "hydra.hydraoutcomeaction",
    "pk": 3,
    "fields": {
      "name": "Validate Exists"
    }
  },
  {
    "model": "hydra.hydraoutcomeaction",
    "pk": 4,
    "fields": {
      "name": "Delete"
    }
  },
  {
    "model": "hydra.hydraoutcomeaction",
    "pk": 5,
    "fields": {
      "name": "Analyze"
    }
  },
  {
    "model": "hydra.hydraspelloutcomeconfig",
    "pk": 100,
    "fields": {
      "created": "2026-01-07T22:58:23.399Z",
      "modified": "2026-01-08T12:00:00Z",
      "name": "Copy Generated SPC",
      "spell": 100,
      "action": 1,
      "source_path_template": "{staging_dir}/Windows/{project_name}/Content/PipelineCaches/{project_name}_PCD3D_SM6.spc",
      "dest_path_template": "{project_root}/{project_name}/Build/Windows/PipelineCaches/",
      "must_exist": true
    }
  },
  {
    "model": "hydra.hydraspellbook",
    "pk": "007d8e9f-1b2c-4d3e-5f6a-7b8c9d0e1f2a",
    "fields": {
      "created": "2026-01-08T16:10:00Z",
      "description": "Full Chain: Test -> UAT",
      "modified": "2026-01-20T16:19:19.230Z",
      "name": "Full",
      "spells": [
        1,
        2,
        3,
        140,
        100,
        110,
        120,
        130
      ]
    }
  },
  {
    "model": "hydra.hydraspellbook",
    "pk": "0245b699-5b9a-43ec-9391-b788b578d25f",
    "fields": {
      "created": "2026-01-09T20:16:00.695Z",
      "description": "Version Stamp",
      "modified": "2026-01-20T16:15:44.857Z",
      "name": "Stamp",
      "spells": [
        140
      ]
    }
  },
  {
    "model": "hydra.hydraspellbook",
    "pk": "22334455-6677-8899-0011-aabbccddeeff",
    "fields": {
      "created": "2026-01-08T16:40:00Z",
      "description": "Compile Shaders",
      "modified": "2026-01-20T16:16:24.355Z",
      "name": "Compile Shaders",
      "spells": [
        100
      ]
    }
  },
  {
    "model": "hydra.hydraspellbook",
    "pk": "2a2a2425-08ff-46d2-b652-adb4153554bf",
    "fields": {
      "created": "2026-01-08T21:58:00.568Z",
      "description": "Distribute to Agents",
      "modified": "2026-01-20T16:16:35.220Z",
      "name": "Distribute",
      "spells": [
        130
      ]
    }
  },
  {
    "model": "hydra.hydraspellbook",
    "pk": "559cecbd-2128-478a-be50-436ba30b7396",
    "fields": {
      "created": "2026-01-20T00:54:46.432Z",
      "description": "Local Game Launcher",
      "modified": "2026-01-20T01:03:01.418Z",
      "name": "**LocalGameLauncher**",
      "spells": [
        143
      ]
    }
  },
  {
    "model": "hydra.hydraspellbook",
    "pk": "a7d8e9f0-1b2c-4d3e-5f6a-7b8c9d0e1f2a",
    "fields": {
      "created": "2026-01-01T00:00:00Z",
      "description": null,
      "modified": "2026-01-20T16:27:09.721Z",
      "name": "Stage",
      "spells": [
        2,
        3
      ]
    }
  },
  {
    "model": "hydra.hydraspellbook",
    "pk": "b8e9f0a1-2c3d-4e5f-6a7b-8c9d0e1f2b3c",
    "fields": {
      "created": "2026-01-01T00:00:00Z",
      "description": "Headless Test Only",
      "modified": "2026-01-09T15:05:55.848Z",
      "name": "Test",
      "spells": [
        1
      ]
    }
  },
  {
    "model": "hydra.hydraspellbook",
    "pk": "d0e1f2a3-4b5c-6d7e-8f9a-0b1c2d3e4f5a",
    "fields": {
      "created": "2026-01-01T00:00:00Z",
      "description": "Run Staging Game (Smoke Test)",
      "modified": "2026-01-01T00:00:00Z",
      "name": "Staging Run Only",
      "spells": [
        4
      ]
    }
  },
  {
    "model": "hydra.hydraspellbook",
    "pk": "f0f0f0f0-f0f0-f0f0-f0f0-f0f0f0f0f0f0",
    "fields": {
      "created": "2026-01-17T02:00:50.162Z",
      "description": "Side-by-side Live Debugging (Remote Server + Local Client)",
      "modified": "2026-01-20T16:26:43.143Z",
      "name": "Multiplayer (C&S)",
      "spells": [
        142,
        143
      ]
    }
  },
  {
    "model": "hydra.hydraspellbook",
    "pk": "f2a3b4c5-6d7e-8f9a-0b1c-2d3e4f5a6b7c",
    "fields": {
      "created": "2026-01-08T16:00:00Z",
      "description": "Step 4 Standalone: UAT BuildCookRun with Archive.",
      "modified": "2026-01-09T15:13:33.410Z",
      "name": "UAT Build",
      "spells": [
        110
      ]
    }
  },
  {
    "model": "hydra.hydraspawnstatus",
    "pk": 1,
    "fields": {
      "name": "Created"
    }
  },
  {
    "model": "hydra.hydraspawnstatus",
    "pk": 2,
    "fields": {
      "name": "Pending"
    }
  },
  {
    "model": "hydra.hydraspawnstatus",
    "pk": 3,
    "fields": {
      "name": "Running"
    }
  },
  {
    "model": "hydra.hydraspawnstatus",
    "pk": 4,
    "fields": {
      "name": "Success"
    }
  },
  {
    "model": "hydra.hydraspawnstatus",
    "pk": 5,
    "fields": {
      "name": "Failed"
    }
  },
  {
    "model": "hydra.hydraheadstatus",
    "pk": 1,
    "fields": {
      "name": "Created"
    }
  },
  {
    "model": "hydra.hydraheadstatus",
    "pk": 2,
    "fields": {
      "name": "Pending"
    }
  },
  {
    "model": "hydra.hydraheadstatus",
    "pk": 3,
    "fields": {
      "name": "Running"
    }
  },
  {
    "model": "hydra.hydraheadstatus",
    "pk": 4,
    "fields": {
      "name": "Success"
    }
  },
  {
    "model": "hydra.hydraheadstatus",
    "pk": 5,
    "fields": {
      "name": "Failed"
    }
  },
  {
    "model": "hydra.hydraenvironment",
    "pk": 1,
    "fields": {
      "created": "2026-01-07T22:44:57.957Z",
      "modified": "2026-01-07T22:44:57.957Z",
      "name": "Auto-Env for Talos Default Environment",
      "project_environment": "2a898e21-b7f2-4442-94e4-f0acb87d57b6",
      "executables": []
    }
  }
]