[
  {
    "model": "hydra.hydradistributionmode",
    "pk": 1,
    "fields": {
      "description": "Executes strictly on the local Talos Server (e.g. Compiling).",
      "name": "Local Server (Default)"
    }
  },
  {
    "model": "hydra.hydradistributionmode",
    "pk": 2,
    "fields": {
      "description": "Broadcasts execution to every ONLINE agent (e.g. Deployment).",
      "name": "All Online Agents"
    }
  },
  {
    "model": "hydra.hydradistributionmode",
    "pk": 3,
    "fields": {
      "description": "Executes on the first available ONLINE agent (e.g. Distributed Testing).",
      "name": "One Available Agent"
    }
  },
  {
    "model": "hydra.hydradistributionmode",
    "pk": 4,
    "fields": {
      "description": "Executes only on targets explicitly linked via HydraSpellTarget.",
      "name": "Specific Targets"
    }
  },
  {
    "model": "hydra.hydraspell",
    "pk": 1,
    "fields": {
      "created": "2026-01-01T00:00:00Z",
      "modified": "2026-01-22T22:13:06.759Z",
      "name": "Begin Play",
      "talos_executable": 1,
      "distribution_mode": 1,
      "switches": []
    }
  },
  {
    "model": "hydra.hydraspell",
    "pk": 2,
    "fields": {
      "created": "2026-01-01T00:00:00Z",
      "modified": "2026-01-21T22:07:32.891Z",
      "name": "Staging: Build Game",
      "talos_executable": 5,
      "distribution_mode": 1,
      "switches": [
        9,
        10,
        11,
        35,
        36,
        37,
        38
      ]
    }
  },
  {
    "model": "hydra.hydraspell",
    "pk": 3,
    "fields": {
      "created": "2026-01-01T00:00:00Z",
      "modified": "2026-01-23T19:58:04.138Z",
      "name": "Staging: Record PSOs",
      "talos_executable": 6,
      "distribution_mode": 1,
      "switches": [
        17,
        23,
        24,
        25,
        29,
        30,
        31
      ]
    }
  },
  {
    "model": "hydra.hydraspell",
    "pk": 4,
    "fields": {
      "created": "2026-01-01T00:00:00Z",
      "modified": "2026-01-23T20:29:01.872Z",
      "name": "Staging Run Once",
      "talos_executable": 6,
      "distribution_mode": 1,
      "switches": [
        16,
        23,
        24,
        25,
        40
      ]
    }
  },
  {
    "model": "hydra.hydraspell",
    "pk": 100,
    "fields": {
      "created": "2026-01-07T22:58:23.399Z",
      "modified": "2026-01-23T20:13:48.542Z",
      "name": "Compile PSO Cache",
      "talos_executable": 4,
      "distribution_mode": 1,
      "switches": [
        2,
        3,
        22,
        26,
        27
      ]
    }
  },
  {
    "model": "hydra.hydraspell",
    "pk": 110,
    "fields": {
      "created": "2026-01-08T15:50:00Z",
      "modified": "2026-01-26T17:43:04.964Z",
      "name": "Pre-Release Build",
      "talos_executable": 5,
      "distribution_mode": 1,
      "switches": [
        3,
        5,
        9,
        10,
        11,
        13,
        15,
        19,
        20,
        32,
        33,
        34,
        35,
        37,
        38,
        44
      ]
    }
  },
  {
    "model": "hydra.hydraspell",
    "pk": 120,
    "fields": {
      "created": "2026-01-08T12:00:00Z",
      "modified": "2026-01-20T16:24:06.085Z",
      "name": "UAT Run (Legacy)",
      "talos_executable": 1,
      "distribution_mode": 1,
      "switches": []
    }
  },
  {
    "model": "hydra.hydraspell",
    "pk": 130,
    "fields": {
      "created": "2026-01-08T18:00:00Z",
      "modified": "2026-01-27T23:11:29.978Z",
      "name": "Deploy",
      "talos_executable": 13,
      "distribution_mode": 2,
      "switches": [
        50,
        51,
        52,
        53,
        55,
        56,
        57
      ]
    }
  },
  {
    "model": "hydra.hydraspell",
    "pk": 140,
    "fields": {
      "created": "2026-01-09T12:00:00Z",
      "modified": "2026-01-22T16:15:08.374Z",
      "name": "Version Metadata",
      "talos_executable": 9,
      "distribution_mode": 1,
      "switches": []
    }
  },
  {
    "model": "hydra.hydraspell",
    "pk": 142,
    "fields": {
      "created": "2026-01-17T02:00:50.152Z",
      "modified": "2026-01-20T16:14:01.054Z",
      "name": "MP Remotes",
      "talos_executable": 1,
      "distribution_mode": 1,
      "switches": []
    }
  },
  {
    "model": "hydra.hydraspell",
    "pk": 143,
    "fields": {
      "created": "2026-01-17T02:00:50.156Z",
      "modified": "2026-01-26T17:53:32.250Z",
      "name": "Pre-Release Run",
      "talos_executable": 7,
      "distribution_mode": 1,
      "switches": [
        23,
        24,
        25,
        40
      ]
    }
  },
  {
    "model": "hydra.hydraspell",
    "pk": 144,
    "fields": {
      "created": "2026-01-27T17:25:34.483Z",
      "modified": "2026-01-27T17:26:18.581Z",
      "name": "Get Agent UUID",
      "talos_executable": 11,
      "distribution_mode": 4,
      "switches": []
    }
  },
  {
    "model": "hydra.hydraspell",
    "pk": 145,
    "fields": {
      "created": "2026-01-27T19:19:00.155Z",
      "modified": "2026-01-27T19:19:00.155Z",
      "name": "Scan for Agents",
      "talos_executable": 12,
      "distribution_mode": 1,
      "switches": []
    }
  },
  {
    "model": "hydra.hydraspell",
    "pk": 146,
    "fields": {
      "created": "2026-01-27T23:22:10.133Z",
      "modified": "2026-01-27T23:23:03.205Z",
      "name": "Launch All",
      "talos_executable": 7,
      "distribution_mode": 2,
      "switches": [
        23,
        24,
        25,
        28,
        40
      ]
    }
  },
  {
    "model": "hydra.hydraspell",
    "pk": 147,
    "fields": {
      "created": "2026-01-28T16:17:19.220Z",
      "modified": "2026-01-30T19:50:49.527Z",
      "name": "Retry w/ 5 Second Delay",
      "talos_executable": 14,
      "distribution_mode": 1,
      "switches": [
        58,
        60
      ]
    }
  },
  {
    "model": "hydra.hydraspell",
    "pk": 148,
    "fields": {
      "created": "2026-01-01T00:00:00Z",
      "modified": "2026-01-22T22:13:06.759Z",
      "name": "Test",
      "talos_executable": 4,
      "distribution_mode": 1,
      "switches": [
        2,
        4,
        17,
        40,
        41,
        48,
        47,
        49
      ]
    }
  },
  {
    "model": "hydra.hydraspell",
    "pk": 149,
    "fields": {
      "created": "2026-01-30T16:34:23.839Z",
      "modified": "2026-01-30T16:34:23.839Z",
      "name": "Cache Shader Cache",
      "talos_executable": 13,
      "distribution_mode": 1,
      "switches": []
    }
  },
  {
    "model": "hydra.hydraspell",
    "pk": 150,
    "fields": {
      "created": "2026-01-30T18:37:12.059Z",
      "modified": "2026-01-30T18:39:01.226Z",
      "name": "Add Shaders to Prerelease",
      "talos_executable": 13,
      "distribution_mode": 1,
      "switches": []
    }
  },
  {
    "model": "hydra.hydraspell",
    "pk": 151,
    "fields": {
      "created": "2026-01-31T14:37:51.784Z",
      "modified": "2026-01-31T14:38:55.058Z",
      "name": "Backup SaveGames (Prerelease -> Cache)",
      "talos_executable": 13,
      "distribution_mode": 1,
      "switches": [
        50,
        52,
        53,
        54,
        55,
        56,
        57
      ]
    }
  },
  {
    "model": "hydra.hydraspell",
    "pk": 152,
    "fields": {
      "created": "2026-01-31T14:39:35.355Z",
      "modified": "2026-01-31T14:39:35.355Z",
      "name": "Restore SaveGames (Cache -> Prerelease)",
      "talos_executable": 13,
      "distribution_mode": 1,
      "switches": [
        50,
        52,
        53,
        54,
        55,
        56,
        57
      ]
    }
  },
  {
    "model": "hydra.hydraspell",
    "pk": 153,
    "fields": {
      "created": "2026-01-31T15:17:41.419Z",
      "modified": "2026-01-31T15:48:26.045Z",
      "name": "Remove Temp",
      "talos_executable": 15,
      "distribution_mode": 1,
      "switches": [
        61,
        62
      ]
    }
  },
  {
    "model": "hydra.hydraspell",
    "pk": 154,
    "fields": {
      "created": "2026-01-31T15:51:56.896Z",
      "modified": "2026-01-31T15:51:56.896Z",
      "name": "Remove Intermediate",
      "talos_executable": 15,
      "distribution_mode": 1,
      "switches": []
    }
  },
  {
    "model": "hydra.hydraspell",
    "pk": 155,
    "fields": {
      "created": "2026-01-31T16:09:07.810Z",
      "modified": "2026-01-31T16:12:12.219Z",
      "name": "Dump Scripts",
      "talos_executable": 2,
      "distribution_mode": 1,
      "switches": []
    }
  },
  {
    "model": "hydra.hydraspell",
    "pk": 156,
    "fields": {
      "created": "2026-01-31T20:25:05.728Z",
      "modified": "2026-01-31T20:25:05.728Z",
      "name": "Ollama Query",
      "talos_executable": 16,
      "distribution_mode": 1,
      "switches": []
    }
  },
  {
    "model": "hydra.hydraspell",
    "pk": 157,
    "fields": {
      "created": "2026-02-02T14:43:47.917Z",
      "modified": "2026-02-02T14:45:16.069Z",
      "name": "Launch #2 Server",
      "talos_executable": 7,
      "distribution_mode": 4,
      "switches": [
        28
      ]
    }
  },
  {
    "model": "hydra.hydraspelltarget",
    "pk": 1,
    "fields": {
      "spell": 157,
      "target": "a7898945-d404-1fc4-ead1-04d4c41fead0"
    }
  },
  {
    "model": "hydra.hydraspellargumentassignment",
    "pk": 1,
    "fields": {
      "spell": 2,
      "order": 10,
      "argument": 6
    }
  },
  {
    "model": "hydra.hydraspellargumentassignment",
    "pk": 2,
    "fields": {
      "spell": 1,
      "order": 10,
      "argument": 3
    }
  },
  {
    "model": "hydra.hydraspellargumentassignment",
    "pk": 3,
    "fields": {
      "spell": 100,
      "order": 1,
      "argument": 3
    }
  },
  {
    "model": "hydra.hydraspellargumentassignment",
    "pk": 4,
    "fields": {
      "spell": 100,
      "order": 2,
      "argument": 5
    }
  },
  {
    "model": "hydra.hydraspellargumentassignment",
    "pk": 5,
    "fields": {
      "spell": 100,
      "order": 3,
      "argument": 4
    }
  },
  {
    "model": "hydra.hydraspellargumentassignment",
    "pk": 6,
    "fields": {
      "spell": 100,
      "order": 4,
      "argument": 1
    }
  },
  {
    "model": "hydra.hydraspellargumentassignment",
    "pk": 7,
    "fields": {
      "spell": 100,
      "order": 5,
      "argument": 2
    }
  },
  {
    "model": "hydra.hydraspellargumentassignment",
    "pk": 8,
    "fields": {
      "spell": 110,
      "order": 10,
      "argument": 6
    }
  },
  {
    "model": "hydra.hydraspellargumentassignment",
    "pk": 9,
    "fields": {
      "spell": 144,
      "order": 10,
      "argument": 9
    }
  },
  {
    "model": "hydra.hydraspellargumentassignment",
    "pk": 10,
    "fields": {
      "spell": 130,
      "order": 1,
      "argument": 10
    }
  },
  {
    "model": "hydra.hydraspellargumentassignment",
    "pk": 11,
    "fields": {
      "spell": 130,
      "order": 2,
      "argument": 11
    }
  },
  {
    "model": "hydra.hydraspellargumentassignment",
    "pk": 12,
    "fields": {
      "spell": 149,
      "order": 10,
      "argument": 16
    }
  },
  {
    "model": "hydra.hydraspellargumentassignment",
    "pk": 13,
    "fields": {
      "spell": 149,
      "order": 10,
      "argument": 12
    }
  },
  {
    "model": "hydra.hydraspellargumentassignment",
    "pk": 14,
    "fields": {
      "spell": 149,
      "order": 10,
      "argument": 17
    }
  },
  {
    "model": "hydra.hydraspellargumentassignment",
    "pk": 15,
    "fields": {
      "spell": 150,
      "order": 2,
      "argument": 18
    }
  },
  {
    "model": "hydra.hydraspellargumentassignment",
    "pk": 16,
    "fields": {
      "spell": 150,
      "order": 10,
      "argument": 17
    }
  },
  {
    "model": "hydra.hydraspellargumentassignment",
    "pk": 17,
    "fields": {
      "spell": 150,
      "order": 1,
      "argument": 12
    }
  },
  {
    "model": "hydra.hydraspellargumentassignment",
    "pk": 18,
    "fields": {
      "spell": 151,
      "order": 10,
      "argument": 20
    }
  },
  {
    "model": "hydra.hydraspellargumentassignment",
    "pk": 19,
    "fields": {
      "spell": 151,
      "order": 10,
      "argument": 19
    }
  },
  {
    "model": "hydra.hydraspellargumentassignment",
    "pk": 20,
    "fields": {
      "spell": 152,
      "order": 10,
      "argument": 19
    }
  },
  {
    "model": "hydra.hydraspellargumentassignment",
    "pk": 21,
    "fields": {
      "spell": 152,
      "order": 10,
      "argument": 20
    }
  },
  {
    "model": "hydra.hydraspellargumentassignment",
    "pk": 22,
    "fields": {
      "spell": 153,
      "order": 2,
      "argument": 21
    }
  },
  {
    "model": "hydra.hydraspellargumentassignment",
    "pk": 23,
    "fields": {
      "spell": 153,
      "order": 1,
      "argument": 23
    }
  },
  {
    "model": "hydra.hydraspellargumentassignment",
    "pk": 24,
    "fields": {
      "spell": 154,
      "order": 10,
      "argument": 23
    }
  },
  {
    "model": "hydra.hydraspellargumentassignment",
    "pk": 25,
    "fields": {
      "spell": 154,
      "order": 10,
      "argument": 24
    }
  },
  {
    "model": "hydra.hydraspellargumentassignment",
    "pk": 26,
    "fields": {
      "spell": 155,
      "order": 10,
      "argument": 26
    }
  },
  {
    "model": "hydra.hydraspellargumentassignment",
    "pk": 27,
    "fields": {
      "spell": 155,
      "order": 10,
      "argument": 21
    }
  },
  {
    "model": "hydra.hydraspellargumentassignment",
    "pk": 28,
    "fields": {
      "spell": 156,
      "order": 10,
      "argument": 30
    }
  },
  {
    "model": "hydra.hydraoutcomeaction",
    "pk": 1,
    "fields": {
      "name": "Copy"
    }
  },
  {
    "model": "hydra.hydraoutcomeaction",
    "pk": 2,
    "fields": {
      "name": "Move"
    }
  },
  {
    "model": "hydra.hydraoutcomeaction",
    "pk": 3,
    "fields": {
      "name": "Validate Exists"
    }
  },
  {
    "model": "hydra.hydraoutcomeaction",
    "pk": 4,
    "fields": {
      "name": "Delete"
    }
  },
  {
    "model": "hydra.hydraoutcomeaction",
    "pk": 5,
    "fields": {
      "name": "Analyze"
    }
  },
  {
    "model": "hydra.hydraspelloutcomeconfig",
    "pk": 100,
    "fields": {
      "created": "2026-01-07T22:58:23.399Z",
      "modified": "2026-01-08T12:00:00Z",
      "name": "Copy Generated SPC",
      "spell": 100,
      "action": 1,
      "source_path_template": "{staging_dir}/Windows/{project_name}/Content/PipelineCaches/{project_name}_PCD3D_SM6.spc",
      "dest_path_template": "{project_root}/{project_name}/Build/Windows/PipelineCaches/",
      "must_exist": true
    }
  },
  {
    "model": "hydra.hydraspellbook",
    "pk": "007d8e9f-1b2c-4d3e-5f6a-7b8c9d0e1f2a",
    "fields": {
      "created": "2026-01-08T16:10:00Z",
      "description": "Full Chain: Test -> UAT",
      "modified": "2026-01-20T16:19:19.230Z",
      "name": "Full",
      "ui_json": "{}"
    }
  },
  {
    "model": "hydra.hydraspellbook",
    "pk": "0245b699-5b9a-43ec-9391-b788b578d25f",
    "fields": {
      "created": "2026-01-09T20:16:00.695Z",
      "description": "Create and place Version Metadata.",
      "modified": "2026-01-20T16:15:44.857Z",
      "name": "Version Meta",
      "ui_json": "{}"
    }
  },
  {
    "model": "hydra.hydraspellbook",
    "pk": "22334455-6677-8899-0011-aabbccddeeff",
    "fields": {
      "created": "2026-01-08T16:40:00Z",
      "description": "Compile Shaders",
      "modified": "2026-01-20T16:16:24.355Z",
      "name": "Compile Shaders",
      "ui_json": "{}"
    }
  },
  {
    "model": "hydra.hydraspellbook",
    "pk": "2a2a2425-08ff-46d2-b652-adb4153554bf",
    "fields": {
      "created": "2026-01-08T21:58:00.568Z",
      "description": "Distribute to Agents",
      "modified": "2026-01-27T23:05:17.105Z",
      "name": "Deploy",
      "ui_json": "{}"
    }
  },
  {
    "model": "hydra.hydraspellbook",
    "pk": "4bb635e9-8c6c-41e4-8ca5-70744837b7a2",
    "fields": {
      "created": "2026-01-27T19:19:26.787Z",
      "description": null,
      "modified": "2026-01-27T19:19:26.787Z",
      "name": "Scan For Agents",
      "ui_json": "{}"
    }
  },
  {
    "model": "hydra.hydraspellbook",
    "pk": "52b62ed2-7752-4d16-ba29-4810a54815d0",
    "fields": {
      "created": "2026-01-31T14:40:15.233Z",
      "description": null,
      "modified": "2026-01-31T14:40:15.233Z",
      "name": "Restore Save",
      "ui_json": "{}"
    }
  },
  {
    "model": "hydra.hydraspellbook",
    "pk": "559cecbd-2128-478a-be50-436ba30b7396",
    "fields": {
      "created": "2026-01-20T00:54:46.432Z",
      "description": "Local Game Launcher",
      "modified": "2026-01-26T17:53:58.185Z",
      "name": "Pre-Release Run",
      "ui_json": "{}"
    }
  },
  {
    "model": "hydra.hydraspellbook",
    "pk": "5aedec3f-df9d-4149-b62b-6bd17c8ca8a3",
    "fields": {
      "created": "2026-01-31T16:07:02.726Z",
      "description": null,
      "modified": "2026-01-31T16:13:18.776Z",
      "name": "Dump Scripts",
      "ui_json": "{}"
    }
  },
  {
    "model": "hydra.hydraspellbook",
    "pk": "5b5bebe0-be34-4614-b40f-b78bd3a1c269",
    "fields": {
      "created": "2026-01-31T15:50:39.700Z",
      "description": null,
      "modified": "2026-01-31T15:50:39.700Z",
      "name": "Remove Intermediate",
      "ui_json": "{}"
    }
  },
  {
    "model": "hydra.hydraspellbook",
    "pk": "8686149a-8b56-4a47-b5df-7d8cf7635dbc",
    "fields": {
      "created": "2026-01-27T23:23:20.836Z",
      "description": null,
      "modified": "2026-01-27T23:23:20.836Z",
      "name": "All Remotes",
      "ui_json": "{}"
    }
  },
  {
    "model": "hydra.hydraspellbook",
    "pk": "9dcbedd4-ff8b-45be-9f9a-1734276f9d1b",
    "fields": {
      "created": "2026-02-01T16:37:12.246Z",
      "description": null,
      "modified": "2026-02-01T16:37:12.246Z",
      "name": "Scan2ax",
      "ui_json": "{}"
    }
  },
  {
    "model": "hydra.hydraspellbook",
    "pk": "a7d8e9f0-1b2c-4d3e-5f6a-7b8c9d0e1f2a",
    "fields": {
      "created": "2026-01-01T00:00:00Z",
      "description": null,
      "modified": "2026-01-23T20:00:48.967Z",
      "name": "Stage",
      "ui_json": "{}"
    }
  },
  {
    "model": "hydra.hydraspellbook",
    "pk": "b7b1017e-0e5f-4e3d-b91a-13270b41b4b3",
    "fields": {
      "created": "2026-01-23T22:01:37.231Z",
      "description": "RecordPSOs",
      "modified": "2026-01-23T22:01:37.231Z",
      "name": "RecordPSOs",
      "ui_json": "{}"
    }
  },
  {
    "model": "hydra.hydraspellbook",
    "pk": "b8e9f0a1-2c3d-4e5f-6a7b-8c9d0e1f2b3c",
    "fields": {
      "created": "2026-01-01T00:00:00Z",
      "description": "Headless Test Only",
      "modified": "2026-01-09T15:05:55.848Z",
      "name": "Test",
      "ui_json": "{}"
    }
  },
  {
    "model": "hydra.hydraspellbook",
    "pk": "d0e1f2a3-4b5c-6d7e-8f9a-0b1c2d3e4f5a",
    "fields": {
      "created": "2026-01-01T00:00:00Z",
      "description": "Run Staging Game (Smoke Test)",
      "modified": "2026-01-01T00:00:00Z",
      "name": "Staging Run Only",
      "ui_json": "{}"
    }
  },
  {
    "model": "hydra.hydraspellbook",
    "pk": "e94a9c50-5baa-4cae-808e-b17367c11fc6",
    "fields": {
      "created": "2026-01-31T20:25:45.813Z",
      "description": null,
      "modified": "2026-01-31T20:25:45.813Z",
      "name": "Ollama Query",
      "ui_json": "{}"
    }
  },
  {
    "model": "hydra.hydraspellbook",
    "pk": "f0f0f0f0-f0f0-f0f0-f0f0-f0f0f0f0f0f0",
    "fields": {
      "created": "2026-01-17T02:00:50.162Z",
      "description": "Side-by-side Live Debugging (Remote Server + Local Client)",
      "modified": "2026-01-20T16:26:43.143Z",
      "name": "Multiplayer (C&S)",
      "ui_json": "{}"
    }
  },
  {
    "model": "hydra.hydraspellbook",
    "pk": "f2a3b4c5-6d7e-8f9a-0b1c-2d3e4f5a6b7c",
    "fields": {
      "created": "2026-01-08T16:00:00Z",
      "description": "Step 4 Standalone: UAT BuildCookRun with Archive.",
      "modified": "2026-01-26T17:45:20.979Z",
      "name": "Pre-Release Build",
      "ui_json": "{}"
    }
  },
  {
    "model": "hydra.hydraspellbooknode",
    "pk": 1,
    "fields": {
      "is_root": true,
      "spellbook": "b8e9f0a1-2c3d-4e5f-6a7b-8c9d0e1f2b3c",
      "spell": 1,
      "ui_json": "{\"x\": 100, \"y\": 100}",
      "invoked_spellbook": null
    }
  },
  {
    "model": "hydra.hydraspellbooknode",
    "pk": 2,
    "fields": {
      "is_root": true,
      "spellbook": "0245b699-5b9a-43ec-9391-b788b578d25f",
      "spell": 1,
      "ui_json": "{\"x\": 100, \"y\": 100}",
      "invoked_spellbook": null
    }
  },
  {
    "model": "hydra.hydraspellbooknode",
    "pk": 4,
    "fields": {
      "is_root": false,
      "spellbook": "b8e9f0a1-2c3d-4e5f-6a7b-8c9d0e1f2b3c",
      "spell": 148,
      "ui_json": "{\"x\": 446, \"y\": 97}",
      "invoked_spellbook": null
    }
  },
  {
    "model": "hydra.hydraspellbooknode",
    "pk": 5,
    "fields": {
      "is_root": true,
      "spellbook": "f2a3b4c5-6d7e-8f9a-0b1c-2d3e4f5a6b7c",
      "spell": 1,
      "ui_json": "{\"x\": 100, \"y\": 100}",
      "invoked_spellbook": null
    }
  },
  {
    "model": "hydra.hydraspellbooknode",
    "pk": 6,
    "fields": {
      "is_root": false,
      "spellbook": "f2a3b4c5-6d7e-8f9a-0b1c-2d3e4f5a6b7c",
      "spell": 110,
      "ui_json": "{\"x\": 414, \"y\": 101}",
      "invoked_spellbook": null
    }
  },
  {
    "model": "hydra.hydraspellbooknode",
    "pk": 7,
    "fields": {
      "is_root": true,
      "spellbook": "559cecbd-2128-478a-be50-436ba30b7396",
      "spell": 1,
      "ui_json": "{\"x\": 100, \"y\": 100}",
      "invoked_spellbook": null
    }
  },
  {
    "model": "hydra.hydraspellbooknode",
    "pk": 9,
    "fields": {
      "is_root": false,
      "spellbook": "559cecbd-2128-478a-be50-436ba30b7396",
      "spell": 143,
      "ui_json": "{\"x\": 800, \"y\": 100}",
      "invoked_spellbook": null
    }
  },
  {
    "model": "hydra.hydraspellbooknode",
    "pk": 10,
    "fields": {
      "is_root": true,
      "spellbook": "4bb635e9-8c6c-41e4-8ca5-70744837b7a2",
      "spell": 1,
      "ui_json": "{\"x\": 100, \"y\": 100}",
      "invoked_spellbook": null
    }
  },
  {
    "model": "hydra.hydraspellbooknode",
    "pk": 11,
    "fields": {
      "is_root": false,
      "spellbook": "4bb635e9-8c6c-41e4-8ca5-70744837b7a2",
      "spell": 145,
      "ui_json": "{\"x\": 468, \"y\": 115}",
      "invoked_spellbook": null
    }
  },
  {
    "model": "hydra.hydraspellbooknode",
    "pk": 13,
    "fields": {
      "is_root": false,
      "spellbook": "4bb635e9-8c6c-41e4-8ca5-70744837b7a2",
      "spell": 147,
      "ui_json": "{\"x\": 797, \"y\": 43}",
      "invoked_spellbook": null
    }
  },
  {
    "model": "hydra.hydraspellbooknode",
    "pk": 14,
    "fields": {
      "is_root": false,
      "spellbook": "4bb635e9-8c6c-41e4-8ca5-70744837b7a2",
      "spell": 145,
      "ui_json": "{\"x\": 1150, \"y\": 100}",
      "invoked_spellbook": null
    }
  },
  {
    "model": "hydra.hydraspellbooknode",
    "pk": 15,
    "fields": {
      "is_root": true,
      "spellbook": "a7d8e9f0-1b2c-4d3e-5f6a-7b8c9d0e1f2a",
      "spell": 1,
      "ui_json": "{\"x\": 100, \"y\": 100}",
      "invoked_spellbook": null
    }
  },
  {
    "model": "hydra.hydraspellbooknode",
    "pk": 16,
    "fields": {
      "is_root": false,
      "spellbook": "a7d8e9f0-1b2c-4d3e-5f6a-7b8c9d0e1f2a",
      "spell": 2,
      "ui_json": "{\"x\": 450, \"y\": 100}",
      "invoked_spellbook": null
    }
  },
  {
    "model": "hydra.hydraspellbooknode",
    "pk": 17,
    "fields": {
      "is_root": false,
      "spellbook": "a7d8e9f0-1b2c-4d3e-5f6a-7b8c9d0e1f2a",
      "spell": 3,
      "ui_json": "{\"x\": 800, \"y\": 100}",
      "invoked_spellbook": null
    }
  },
  {
    "model": "hydra.hydraspellbooknode",
    "pk": 18,
    "fields": {
      "is_root": true,
      "spellbook": "007d8e9f-1b2c-4d3e-5f6a-7b8c9d0e1f2a",
      "spell": 1,
      "ui_json": "{\"x\": 100, \"y\": 100}",
      "invoked_spellbook": null
    }
  },
  {
    "model": "hydra.hydraspellbooknode",
    "pk": 20,
    "fields": {
      "is_root": true,
      "spellbook": "8686149a-8b56-4a47-b5df-7d8cf7635dbc",
      "spell": 1,
      "ui_json": "{\"x\": 100, \"y\": 100}",
      "invoked_spellbook": null
    }
  },
  {
    "model": "hydra.hydraspellbooknode",
    "pk": 21,
    "fields": {
      "is_root": true,
      "spellbook": "22334455-6677-8899-0011-aabbccddeeff",
      "spell": 1,
      "ui_json": "{\"x\": 100, \"y\": 100}",
      "invoked_spellbook": null
    }
  },
  {
    "model": "hydra.hydraspellbooknode",
    "pk": 22,
    "fields": {
      "is_root": false,
      "spellbook": "22334455-6677-8899-0011-aabbccddeeff",
      "spell": 100,
      "ui_json": "{\"x\": 350, \"y\": 103}",
      "invoked_spellbook": null
    }
  },
  {
    "model": "hydra.hydraspellbooknode",
    "pk": 23,
    "fields": {
      "is_root": false,
      "spellbook": "0245b699-5b9a-43ec-9391-b788b578d25f",
      "spell": 140,
      "ui_json": "{\"x\": 418, \"y\": 82}",
      "invoked_spellbook": null
    }
  },
  {
    "model": "hydra.hydraspellbooknode",
    "pk": 24,
    "fields": {
      "is_root": false,
      "spellbook": "22334455-6677-8899-0011-aabbccddeeff",
      "spell": 149,
      "ui_json": "{\"x\": 758, \"y\": 148}",
      "invoked_spellbook": null
    }
  },
  {
    "model": "hydra.hydraspellbooknode",
    "pk": 25,
    "fields": {
      "is_root": false,
      "spellbook": "4bb635e9-8c6c-41e4-8ca5-70744837b7a2",
      "spell": 145,
      "ui_json": "{\"x\": 464, \"y\": 366}",
      "invoked_spellbook": null
    }
  },
  {
    "model": "hydra.hydraspellbooknode",
    "pk": 26,
    "fields": {
      "is_root": false,
      "spellbook": "4bb635e9-8c6c-41e4-8ca5-70744837b7a2",
      "spell": 145,
      "ui_json": "{\"x\": 456, \"y\": 692}",
      "invoked_spellbook": null
    }
  },
  {
    "model": "hydra.hydraspellbooknode",
    "pk": 27,
    "fields": {
      "is_root": false,
      "spellbook": "559cecbd-2128-478a-be50-436ba30b7396",
      "spell": 150,
      "ui_json": "{\"x\": 450, \"y\": 100}",
      "invoked_spellbook": null
    }
  },
  {
    "model": "hydra.hydraspellbooknode",
    "pk": 28,
    "fields": {
      "is_root": true,
      "spellbook": "52b62ed2-7752-4d16-ba29-4810a54815d0",
      "spell": 1,
      "ui_json": "{\"x\": 100, \"y\": 100}",
      "invoked_spellbook": null
    }
  },
  {
    "model": "hydra.hydraspellbooknode",
    "pk": 29,
    "fields": {
      "is_root": false,
      "spellbook": "52b62ed2-7752-4d16-ba29-4810a54815d0",
      "spell": 152,
      "ui_json": "{\"x\": 459, \"y\": 233}",
      "invoked_spellbook": null
    }
  },
  {
    "model": "hydra.hydraspellbooknode",
    "pk": 32,
    "fields": {
      "is_root": false,
      "spellbook": "5aedec3f-df9d-4149-b62b-6bd17c8ca8a3",
      "spell": 155,
      "ui_json": "{\"x\": 589, \"y\": 234}",
      "invoked_spellbook": null
    }
  },
  {
    "model": "hydra.hydraspellbooknode",
    "pk": 33,
    "fields": {
      "is_root": true,
      "spellbook": "5aedec3f-df9d-4149-b62b-6bd17c8ca8a3",
      "spell": 1,
      "ui_json": "{\"x\": 100, \"y\": 100}",
      "invoked_spellbook": null
    }
  },
  {
    "model": "hydra.hydraspellbooknode",
    "pk": 34,
    "fields": {
      "is_root": true,
      "spellbook": "e94a9c50-5baa-4cae-808e-b17367c11fc6",
      "spell": 1,
      "ui_json": "{\"x\": 100, \"y\": 100}",
      "invoked_spellbook": null
    }
  },
  {
    "model": "hydra.hydraspellbooknode",
    "pk": 35,
    "fields": {
      "is_root": false,
      "spellbook": "e94a9c50-5baa-4cae-808e-b17367c11fc6",
      "spell": 156,
      "ui_json": "{\"x\": 434, \"y\": 102}",
      "invoked_spellbook": null
    }
  },
  {
    "model": "hydra.hydraspellbooknode",
    "pk": 36,
    "fields": {
      "is_root": false,
      "spellbook": "b8e9f0a1-2c3d-4e5f-6a7b-8c9d0e1f2b3c",
      "spell": 1,
      "ui_json": "{\"x\": 244, \"y\": 411}",
      "invoked_spellbook": "4bb635e9-8c6c-41e4-8ca5-70744837b7a2"
    }
  },
  {
    "model": "hydra.hydraspellbooknode",
    "pk": 37,
    "fields": {
      "is_root": true,
      "spellbook": "9dcbedd4-ff8b-45be-9f9a-1734276f9d1b",
      "spell": 1,
      "ui_json": "{\"x\": 100, \"y\": 100}",
      "invoked_spellbook": null
    }
  },
  {
    "model": "hydra.hydraspellbooknode",
    "pk": 48,
    "fields": {
      "is_root": false,
      "spellbook": "9dcbedd4-ff8b-45be-9f9a-1734276f9d1b",
      "spell": 145,
      "ui_json": "{\"x\": 240, \"y\": 319}",
      "invoked_spellbook": null
    }
  },
  {
    "model": "hydra.hydraspellbooknode",
    "pk": 49,
    "fields": {
      "is_root": false,
      "spellbook": "9dcbedd4-ff8b-45be-9f9a-1734276f9d1b",
      "spell": 1,
      "ui_json": "{\"x\": 605, \"y\": 206}",
      "invoked_spellbook": "4bb635e9-8c6c-41e4-8ca5-70744837b7a2"
    }
  },
  {
    "model": "hydra.hydraspellbooknode",
    "pk": 50,
    "fields": {
      "is_root": false,
      "spellbook": "9dcbedd4-ff8b-45be-9f9a-1734276f9d1b",
      "spell": 145,
      "ui_json": "{\"x\": 1127, \"y\": 258}",
      "invoked_spellbook": null
    }
  },
  {
    "model": "hydra.hydraspellbooknode",
    "pk": 51,
    "fields": {
      "is_root": false,
      "spellbook": "9dcbedd4-ff8b-45be-9f9a-1734276f9d1b",
      "spell": 147,
      "ui_json": "{\"x\": 560, \"y\": 583}",
      "invoked_spellbook": null
    }
  },
  {
    "model": "hydra.hydraspellbooknode",
    "pk": 52,
    "fields": {
      "is_root": false,
      "spellbook": "9dcbedd4-ff8b-45be-9f9a-1734276f9d1b",
      "spell": 156,
      "ui_json": "{\"x\": 930, \"y\": 439}",
      "invoked_spellbook": null
    }
  },
  {
    "model": "hydra.hydraspellbooknode",
    "pk": 53,
    "fields": {
      "is_root": true,
      "spellbook": "b7b1017e-0e5f-4e3d-b91a-13270b41b4b3",
      "spell": 1,
      "ui_json": "{\"x\": 100, \"y\": 100}",
      "invoked_spellbook": null
    }
  },
  {
    "model": "hydra.hydraspellbooknode",
    "pk": 54,
    "fields": {
      "is_root": false,
      "spellbook": "8686149a-8b56-4a47-b5df-7d8cf7635dbc",
      "spell": 146,
      "ui_json": "{\"x\": 749, \"y\": 101}",
      "invoked_spellbook": null
    }
  },
  {
    "model": "hydra.hydraspellbooknode",
    "pk": 55,
    "fields": {
      "is_root": false,
      "spellbook": "8686149a-8b56-4a47-b5df-7d8cf7635dbc",
      "spell": 145,
      "ui_json": "{\"x\": 461, \"y\": 93}",
      "invoked_spellbook": null
    }
  },
  {
    "model": "hydra.hydraspellbooknode",
    "pk": 56,
    "fields": {
      "is_root": true,
      "spellbook": "f0f0f0f0-f0f0-f0f0-f0f0-f0f0f0f0f0f0",
      "spell": 1,
      "ui_json": "{\"x\": 100, \"y\": 100}",
      "invoked_spellbook": null
    }
  },
  {
    "model": "hydra.hydraspellbooknode",
    "pk": 57,
    "fields": {
      "is_root": false,
      "spellbook": "f0f0f0f0-f0f0-f0f0-f0f0-f0f0f0f0f0f0",
      "spell": 130,
      "ui_json": "{\"x\": 611, \"y\": 194}",
      "invoked_spellbook": null
    }
  },
  {
    "model": "hydra.hydraspellbooknode",
    "pk": 58,
    "fields": {
      "is_root": false,
      "spellbook": "f0f0f0f0-f0f0-f0f0-f0f0-f0f0f0f0f0f0",
      "spell": 157,
      "ui_json": "{\"x\": 948, \"y\": 275}",
      "invoked_spellbook": null
    }
  },
  {
    "model": "hydra.hydraspellbooknode",
    "pk": 60,
    "fields": {
      "is_root": true,
      "spellbook": "2a2a2425-08ff-46d2-b652-adb4153554bf",
      "spell": 1,
      "ui_json": "{\"x\": 100, \"y\": 100}",
      "invoked_spellbook": null
    }
  },
  {
    "model": "hydra.hydraspellbooknode",
    "pk": 61,
    "fields": {
      "is_root": false,
      "spellbook": "2a2a2425-08ff-46d2-b652-adb4153554bf",
      "spell": 130,
      "ui_json": "{\"x\": 376, \"y\": 182}",
      "invoked_spellbook": null
    }
  },
  {
    "model": "hydra.hydraspellbooknode",
    "pk": 62,
    "fields": {
      "is_root": false,
      "spellbook": "f0f0f0f0-f0f0-f0f0-f0f0-f0f0f0f0f0f0",
      "spell": 150,
      "ui_json": "{\"x\": 349, \"y\": 157}",
      "invoked_spellbook": null
    }
  },
  {
    "model": "hydra.hydraspellbooknode",
    "pk": 63,
    "fields": {
      "is_root": false,
      "spellbook": "f0f0f0f0-f0f0-f0f0-f0f0-f0f0f0f0f0f0",
      "spell": 143,
      "ui_json": "{\"x\": 950, \"y\": 52}",
      "invoked_spellbook": null
    }
  },
  {
    "model": "hydra.hydrawiretype",
    "pk": 1,
    "fields": {
      "name": "Flow"
    }
  },
  {
    "model": "hydra.hydrawiretype",
    "pk": 2,
    "fields": {
      "name": "Success"
    }
  },
  {
    "model": "hydra.hydrawiretype",
    "pk": 3,
    "fields": {
      "name": "Failure"
    }
  },
  {
    "model": "hydra.hydraspellbookconnectionwire",
    "pk": 2,
    "fields": {
      "modified": "2026-01-28T23:21:26.029Z",
      "type": 1,
      "spellbook": "b8e9f0a1-2c3d-4e5f-6a7b-8c9d0e1f2b3c",
      "source": 1,
      "target": 4
    }
  },
  {
    "model": "hydra.hydraspellbookconnectionwire",
    "pk": 3,
    "fields": {
      "modified": "2026-01-28T23:35:43.878Z",
      "type": 1,
      "spellbook": "f2a3b4c5-6d7e-8f9a-0b1c-2d3e4f5a6b7c",
      "source": 5,
      "target": 6
    }
  },
  {
    "model": "hydra.hydraspellbookconnectionwire",
    "pk": 6,
    "fields": {
      "modified": "2026-01-29T14:42:08.265Z",
      "type": 1,
      "spellbook": "4bb635e9-8c6c-41e4-8ca5-70744837b7a2",
      "source": 10,
      "target": 11
    }
  },
  {
    "model": "hydra.hydraspellbookconnectionwire",
    "pk": 12,
    "fields": {
      "modified": "2026-01-29T22:11:26.105Z",
      "type": 1,
      "spellbook": "4bb635e9-8c6c-41e4-8ca5-70744837b7a2",
      "source": 13,
      "target": 14
    }
  },
  {
    "model": "hydra.hydraspellbookconnectionwire",
    "pk": 13,
    "fields": {
      "modified": "2026-01-30T15:30:57.936Z",
      "type": 1,
      "spellbook": "a7d8e9f0-1b2c-4d3e-5f6a-7b8c9d0e1f2a",
      "source": 15,
      "target": 16
    }
  },
  {
    "model": "hydra.hydraspellbookconnectionwire",
    "pk": 14,
    "fields": {
      "modified": "2026-01-30T15:31:01.971Z",
      "type": 1,
      "spellbook": "a7d8e9f0-1b2c-4d3e-5f6a-7b8c9d0e1f2a",
      "source": 16,
      "target": 17
    }
  },
  {
    "model": "hydra.hydraspellbookconnectionwire",
    "pk": 16,
    "fields": {
      "modified": "2026-01-30T16:06:52.977Z",
      "type": 1,
      "spellbook": "0245b699-5b9a-43ec-9391-b788b578d25f",
      "source": 2,
      "target": 23
    }
  },
  {
    "model": "hydra.hydraspellbookconnectionwire",
    "pk": 18,
    "fields": {
      "modified": "2026-01-30T16:38:50.108Z",
      "type": 1,
      "spellbook": "22334455-6677-8899-0011-aabbccddeeff",
      "source": 21,
      "target": 22
    }
  },
  {
    "model": "hydra.hydraspellbookconnectionwire",
    "pk": 20,
    "fields": {
      "modified": "2026-01-30T16:39:09.204Z",
      "type": 2,
      "spellbook": "22334455-6677-8899-0011-aabbccddeeff",
      "source": 22,
      "target": 24
    }
  },
  {
    "model": "hydra.hydraspellbookconnectionwire",
    "pk": 21,
    "fields": {
      "modified": "2026-01-30T18:22:58.505Z",
      "type": 1,
      "spellbook": "4bb635e9-8c6c-41e4-8ca5-70744837b7a2",
      "source": 10,
      "target": 25
    }
  },
  {
    "model": "hydra.hydraspellbookconnectionwire",
    "pk": 22,
    "fields": {
      "modified": "2026-01-30T18:39:33.251Z",
      "type": 1,
      "spellbook": "559cecbd-2128-478a-be50-436ba30b7396",
      "source": 7,
      "target": 27
    }
  },
  {
    "model": "hydra.hydraspellbookconnectionwire",
    "pk": 23,
    "fields": {
      "modified": "2026-01-30T18:39:35.801Z",
      "type": 1,
      "spellbook": "559cecbd-2128-478a-be50-436ba30b7396",
      "source": 27,
      "target": 9
    }
  },
  {
    "model": "hydra.hydraspellbookconnectionwire",
    "pk": 24,
    "fields": {
      "modified": "2026-01-31T14:40:38.352Z",
      "type": 1,
      "spellbook": "52b62ed2-7752-4d16-ba29-4810a54815d0",
      "source": 28,
      "target": 29
    }
  },
  {
    "model": "hydra.hydraspellbookconnectionwire",
    "pk": 26,
    "fields": {
      "modified": "2026-01-31T16:13:32.294Z",
      "type": 1,
      "spellbook": "5aedec3f-df9d-4149-b62b-6bd17c8ca8a3",
      "source": 33,
      "target": 32
    }
  },
  {
    "model": "hydra.hydraspellbookconnectionwire",
    "pk": 27,
    "fields": {
      "modified": "2026-01-31T20:26:04.533Z",
      "type": 1,
      "spellbook": "e94a9c50-5baa-4cae-808e-b17367c11fc6",
      "source": 34,
      "target": 35
    }
  },
  {
    "model": "hydra.hydraspellbookconnectionwire",
    "pk": 36,
    "fields": {
      "modified": "2026-02-01T18:15:29.833Z",
      "type": 1,
      "spellbook": "9dcbedd4-ff8b-45be-9f9a-1734276f9d1b",
      "source": 37,
      "target": 48
    }
  },
  {
    "model": "hydra.hydraspellbookconnectionwire",
    "pk": 37,
    "fields": {
      "modified": "2026-02-01T18:15:36.464Z",
      "type": 1,
      "spellbook": "9dcbedd4-ff8b-45be-9f9a-1734276f9d1b",
      "source": 48,
      "target": 49
    }
  },
  {
    "model": "hydra.hydraspellbookconnectionwire",
    "pk": 38,
    "fields": {
      "modified": "2026-02-01T18:53:40.638Z",
      "type": 1,
      "spellbook": "9dcbedd4-ff8b-45be-9f9a-1734276f9d1b",
      "source": 49,
      "target": 50
    }
  },
  {
    "model": "hydra.hydraspellbookconnectionwire",
    "pk": 39,
    "fields": {
      "modified": "2026-02-02T02:17:56.315Z",
      "type": 1,
      "spellbook": "9dcbedd4-ff8b-45be-9f9a-1734276f9d1b",
      "source": 51,
      "target": 49
    }
  },
  {
    "model": "hydra.hydraspellbookconnectionwire",
    "pk": 40,
    "fields": {
      "modified": "2026-02-02T02:18:00.651Z",
      "type": 3,
      "spellbook": "9dcbedd4-ff8b-45be-9f9a-1734276f9d1b",
      "source": 49,
      "target": 51
    }
  },
  {
    "model": "hydra.hydraspellbookconnectionwire",
    "pk": 41,
    "fields": {
      "modified": "2026-02-02T02:18:56.725Z",
      "type": 3,
      "spellbook": "9dcbedd4-ff8b-45be-9f9a-1734276f9d1b",
      "source": 49,
      "target": 52
    }
  },
  {
    "model": "hydra.hydraspellbookconnectionwire",
    "pk": 42,
    "fields": {
      "modified": "2026-02-02T14:16:14.679Z",
      "type": 1,
      "spellbook": "8686149a-8b56-4a47-b5df-7d8cf7635dbc",
      "source": 20,
      "target": 55
    }
  },
  {
    "model": "hydra.hydraspellbookconnectionwire",
    "pk": 43,
    "fields": {
      "modified": "2026-02-02T14:16:17.684Z",
      "type": 1,
      "spellbook": "8686149a-8b56-4a47-b5df-7d8cf7635dbc",
      "source": 55,
      "target": 54
    }
  },
  {
    "model": "hydra.hydraspellbookconnectionwire",
    "pk": 44,
    "fields": {
      "modified": "2026-02-02T14:47:00.972Z",
      "type": 1,
      "spellbook": "2a2a2425-08ff-46d2-b652-adb4153554bf",
      "source": 60,
      "target": 61
    }
  },
  {
    "model": "hydra.hydraspellbookconnectionwire",
    "pk": 45,
    "fields": {
      "modified": "2026-02-02T14:47:46.287Z",
      "type": 1,
      "spellbook": "f0f0f0f0-f0f0-f0f0-f0f0-f0f0f0f0f0f0",
      "source": 56,
      "target": 62
    }
  },
  {
    "model": "hydra.hydraspellbookconnectionwire",
    "pk": 46,
    "fields": {
      "modified": "2026-02-02T14:47:49.199Z",
      "type": 1,
      "spellbook": "f0f0f0f0-f0f0-f0f0-f0f0-f0f0f0f0f0f0",
      "source": 62,
      "target": 57
    }
  },
  {
    "model": "hydra.hydraspellbookconnectionwire",
    "pk": 47,
    "fields": {
      "modified": "2026-02-02T14:47:55.165Z",
      "type": 1,
      "spellbook": "f0f0f0f0-f0f0-f0f0-f0f0-f0f0f0f0f0f0",
      "source": 57,
      "target": 58
    }
  },
  {
    "model": "hydra.hydraspellbookconnectionwire",
    "pk": 48,
    "fields": {
      "modified": "2026-02-02T14:48:10.195Z",
      "type": 1,
      "spellbook": "f0f0f0f0-f0f0-f0f0-f0f0-f0f0f0f0f0f0",
      "source": 57,
      "target": 63
    }
  },
  {
    "model": "hydra.hydraspawnstatus",
    "pk": 1,
    "fields": {
      "name": "Created"
    }
  },
  {
    "model": "hydra.hydraspawnstatus",
    "pk": 2,
    "fields": {
      "name": "Pending"
    }
  },
  {
    "model": "hydra.hydraspawnstatus",
    "pk": 3,
    "fields": {
      "name": "Running"
    }
  },
  {
    "model": "hydra.hydraspawnstatus",
    "pk": 4,
    "fields": {
      "name": "Success"
    }
  },
  {
    "model": "hydra.hydraspawnstatus",
    "pk": 5,
    "fields": {
      "name": "Failed"
    }
  },
  {
    "model": "hydra.hydraspawnstatus",
    "pk": 6,
    "fields": {
      "name": "Aborted"
    }
  },
  {
    "model": "hydra.hydraspawnstatus",
    "pk": 7,
    "fields": {
      "name": "Delegated"
    }
  },
  {
    "model": "hydra.hydraspawnstatus",
    "pk": 8,
    "fields": {
      "name": "Stopping"
    }
  },
  {
    "model": "hydra.hydraspawnstatus",
    "pk": 9,
    "fields": {
      "name": "Stopped"
    }
  },
  {
    "model": "hydra.hydraheadstatus",
    "pk": 1,
    "fields": {
      "name": "Created"
    }
  },
  {
    "model": "hydra.hydraheadstatus",
    "pk": 2,
    "fields": {
      "name": "Pending"
    }
  },
  {
    "model": "hydra.hydraheadstatus",
    "pk": 3,
    "fields": {
      "name": "Running"
    }
  },
  {
    "model": "hydra.hydraheadstatus",
    "pk": 4,
    "fields": {
      "name": "Success"
    }
  },
  {
    "model": "hydra.hydraheadstatus",
    "pk": 5,
    "fields": {
      "name": "Failed"
    }
  },
  {
    "model": "hydra.hydraheadstatus",
    "pk": 6,
    "fields": {
      "name": "Aborted"
    }
  },
  {
    "model": "hydra.hydraheadstatus",
    "pk": 7,
    "fields": {
      "name": "Delegated"
    }
  },
  {
    "model": "hydra.hydraheadstatus",
    "pk": 8,
    "fields": {
      "name": "Stopping"
    }
  },
  {
    "model": "hydra.hydraheadstatus",
    "pk": 9,
    "fields": {
      "name": "Stopped"
    }
  }
]
