[
    {
        "model": "hydra.hydraexecutable",
        "pk": 1,
        "fields": {
            "created": "2026-01-01T00:00:00Z",
            "modified": "2026-01-01T00:00:00Z",
            "name": "Unreal Editor (Cmd)",
            "slug": "ue_cmd",
            "path_template": "{engine_root}/Engine/Binaries/Win64/UnrealEditor-Cmd.exe"
        }
    },
    {
        "model": "hydra.hydraexecutable",
        "pk": 2,
        "fields": {
            "created": "2026-01-01T00:00:00Z",
            "modified": "2026-01-01T00:00:00Z",
            "name": "Unreal Automation Tool",
            "slug": "uat",
            "path_template": "{engine_root}/Engine/Build/BatchFiles/RunUAT.bat"
        }
    },
    {
        "model": "hydra.hydraexecutable",
        "pk": 3,
        "fields": {
            "created": "2026-01-01T00:00:00Z",
            "modified": "2026-01-01T00:00:00Z",
            "name": "Staged Game Executable",
            "slug": "game_exe",
            "path_template": "{staging_dir}/Windows/{project_name}.exe"
        }
    },
    {
        "model": "hydra.hydraswitch",
        "pk": 1,
        "fields": {
            "created": "2026-01-01T00:00:00Z",
            "modified": "2026-01-01T00:00:00Z",
            "name": "UProject Path (Positional)",
            "executable": 1,
            "flag": "",
            "value": "{project_root}/{project_name}.uproject"
        }
    },
    {
        "model": "hydra.hydraswitch",
        "pk": 2,
        "fields": {
            "created": "2026-01-01T00:00:00Z",
            "modified": "2026-01-01T00:00:00Z",
            "name": "Log Flag",
            "executable": 1,
            "flag": "-log",
            "value": ""
        }
    },
    {
        "model": "hydra.hydraswitch",
        "pk": 3,
        "fields": {
            "created": "2026-01-01T00:00:00Z",
            "modified": "2026-01-01T00:00:00Z",
            "name": "Unattended",
            "executable": 1,
            "flag": "-unattended",
            "value": ""
        }
    },
    {
        "model": "hydra.hydraswitch",
        "pk": 4,
        "fields": {
            "created": "2026-01-01T00:00:00Z",
            "modified": "2026-01-01T00:00:00Z",
            "name": "Exec Automation Tests",
            "executable": 1,
            "flag": "-ExecCmds=",
            "value": "Automation RunTests HSH.Tests;Quit"
        }
    },
    {
        "model": "hydra.hydraswitch",
        "pk": 5,
        "fields": {
            "created": "2026-01-01T00:00:00Z",
            "modified": "2026-01-01T00:00:00Z",
            "name": "Null RHI (Headless)",
            "executable": 1,
            "flag": "-nullrhi",
            "value": ""
        }
    },
    {
        "model": "hydra.hydraswitch",
        "pk": 6,
        "fields": {
            "created": "2026-01-01T00:00:00Z",
            "modified": "2026-01-01T00:00:00Z",
            "name": "No Splash",
            "executable": 1,
            "flag": "-nosplash",
            "value": ""
        }
    },
    {
        "model": "hydra.hydraswitch",
        "pk": 10,
        "fields": {
            "created": "2026-01-01T00:00:00Z",
            "modified": "2026-01-01T00:00:00Z",
            "name": "Command: BuildCookRun",
            "executable": 2,
            "flag": "BuildCookRun",
            "value": ""
        }
    },
    {
        "model": "hydra.hydraswitch",
        "pk": 11,
        "fields": {
            "created": "2026-01-01T00:00:00Z",
            "modified": "2026-01-01T00:00:00Z",
            "name": "Project Flag",
            "executable": 2,
            "flag": "-project=",
            "value": "{project_root}/{project_name}.uproject"
        }
    },
    {
        "model": "hydra.hydraswitch",
        "pk": 12,
        "fields": {
            "created": "2026-01-01T00:00:00Z",
            "modified": "2026-01-01T00:00:00Z",
            "name": "Platform Win64",
            "executable": 2,
            "flag": "-platform=Win64",
            "value": ""
        }
    },
    {
        "model": "hydra.hydraswitch",
        "pk": 13,
        "fields": {
            "created": "2026-01-01T00:00:00Z",
            "modified": "2026-01-01T00:00:00Z",
            "name": "Staging Directory",
            "executable": 2,
            "flag": "-stagingdirectory=",
            "value": "{staging_dir}"
        }
    },
    {
        "model": "hydra.hydraswitch",
        "pk": 14,
        "fields": {
            "created": "2026-01-01T00:00:00Z",
            "modified": "2026-01-01T00:00:00Z",
            "name": "Build Cook Stage Pak",
            "executable": 2,
            "flag": "-build -cook -stage -pak",
            "value": ""
        }
    },
    {
        "model": "hydra.hydraswitch",
        "pk": 15,
        "fields": {
            "created": "2026-01-08T16:00:00Z",
            "modified": "2026-01-08T16:00:00Z",
            "name": "Client Config Dev",
            "executable": 2,
            "flag": "-clientconfig=Development",
            "value": ""
        }
    },
    {
        "model": "hydra.hydraswitch",
        "pk": 16,
        "fields": {
            "created": "2026-01-08T16:00:00Z",
            "modified": "2026-01-08T16:00:00Z",
            "name": "Server Config Dev",
            "executable": 2,
            "flag": "-serverconfig=Development",
            "value": ""
        }
    },
    {
        "model": "hydra.hydraswitch",
        "pk": 17,
        "fields": {
            "created": "2026-01-08T16:00:00Z",
            "modified": "2026-01-08T16:00:00Z",
            "name": "No Compile Editor",
            "executable": 2,
            "flag": "-nocompileeditor",
            "value": ""
        }
    },
    {
        "model": "hydra.hydraswitch",
        "pk": 18,
        "fields": {
            "created": "2026-01-08T16:00:00Z",
            "modified": "2026-01-08T16:00:00Z",
            "name": "UTF8 Output",
            "executable": 2,
            "flag": "-utf8output",
            "value": ""
        }
    },
    {
        "model": "hydra.hydraswitch",
        "pk": 20,
        "fields": {
            "created": "2026-01-01T00:00:00Z",
            "modified": "2026-01-01T00:00:00Z",
            "name": "Log PSO",
            "executable": 3,
            "flag": "-logPSO",
            "value": ""
        }
    },
    {
        "model": "hydra.hydraswitch",
        "pk": 21,
        "fields": {
            "created": "2026-01-01T00:00:00Z",
            "modified": "2026-01-01T00:00:00Z",
            "name": "Windowed 720p",
            "executable": 3,
            "flag": "-windowed -resX=1280 -resY=720",
            "value": ""
        }
    },
    {
        "model": "hydra.hydraswitch",
        "pk": 22,
        "fields": {
            "created": "2026-01-01T00:00:00Z",
            "modified": "2026-01-01T00:00:00Z",
            "name": "Game Log",
            "executable": 3,
            "flag": "-log",
            "value": ""
        }
    },
    {
        "model": "hydra.hydraswitch",
        "pk": 23,
        "fields": {
            "created": "2026-01-01T00:00:00Z",
            "modified": "2026-01-01T00:00:00Z",
            "name": "Clear PSO Cache",
            "executable": 3,
            "flag": "-clearPSODriverCache",
            "value": ""
        }
    },
    {
        "model": "hydra.hydraswitch",
        "pk": 24,
        "fields": {
            "created": "2026-01-01T00:00:00Z",
            "modified": "2026-01-01T00:00:00Z",
            "name": "Compile Shaders",
            "executable": 3,
            "flag": "-CompileShaders",
            "value": ""
        }
    },
    {
        "model": "hydra.hydraswitch",
        "pk": 25,
        "fields": {
            "created": "2026-01-01T00:00:00Z",
            "modified": "2026-01-01T00:00:00Z",
            "name": "Auto Start",
            "executable": 3,
            "flag": "-AutoStart",
            "value": ""
        }
    },
    {
        "model": "hydra.hydraswitch",
        "pk": 26,
        "fields": {
            "created": "2026-01-01T00:00:00Z",
            "modified": "2026-01-01T00:00:00Z",
            "name": "Auto Close",
            "executable": 3,
            "flag": "-AutoClose",
            "value": ""
        }
    },
    {
        "model": "hydra.hydraswitch",
        "pk": 27,
        "fields": {
            "created": "2026-01-08T16:00:00Z",
            "modified": "2026-01-08T16:00:00Z",
            "name": "UAT No Pause",
            "executable": 2,
            "flag": "-nopause",
            "value": ""
        }
    },
    {
        "model": "hydra.hydraswitch",
        "pk": 30,
        "fields": {
            "created": "2026-01-08T16:00:00Z",
            "modified": "2026-01-08T16:00:00Z",
            "name": "Editor No Pause",
            "executable": 1,
            "flag": "-nopause",
            "value": ""
        }
    },
    {
        "model": "hydra.hydraswitch",
        "pk": 31,
        "fields": {
            "created": "2026-01-08T16:00:00Z",
            "modified": "2026-01-08T16:00:00Z",
            "name": "No Live Coding",
            "executable": 1,
            "flag": "-NoLiveCoding",
            "value": ""
        }
    },
    {
        "model": "hydra.hydraswitch",
        "pk": 32,
        "fields": {
            "created": "2026-01-08T16:00:00Z",
            "modified": "2026-01-08T16:00:00Z",
            "name": "Disable LC Var",
            "executable": 1,
            "flag": "-dpcvars=\"LiveCoding.Enable=0\"",
            "value": ""
        }
    },
    {
        "model": "hydra.hydraswitch",
        "pk": 101,
        "fields": {
            "created": "2026-01-08T15:50:00Z",
            "modified": "2026-01-08T15:50:00Z",
            "name": "Run Shader Tool",
            "executable": 1,
            "flag": "-run=ShaderPipelineCacheTools",
            "value": ""
        }
    },
    {
        "model": "hydra.hydraswitch",
        "pk": 102,
        "fields": {
            "created": "2026-01-08T15:50:00Z",
            "modified": "2026-01-08T15:50:00Z",
            "name": "Cmd: Expand",
            "executable": 1,
            "flag": "expand",
            "value": ""
        }
    },
    {
        "model": "hydra.hydraswitch",
        "pk": 103,
        "fields": {
            "created": "2026-01-08T15:50:00Z",
            "modified": "2026-01-08T15:50:00Z",
            "name": "Input: Rec Files",
            "executable": 1,
            "flag": "",
            "value": "{staging_dir}/Windows/{project_name}/Saved/CollectedPSOs/*.rec*"
        }
    },
    {
        "model": "hydra.hydraswitch",
        "pk": 104,
        "fields": {
            "created": "2026-01-08T15:50:00Z",
            "modified": "2026-01-08T15:50:00Z",
            "name": "Input: SHK Files",
            "executable": 1,
            "flag": "",
            "value": "{project_root}/Saved/Cooked/Windows/{project_name}/Metadata/PipelineCaches/*.shk"
        }
    },
    {
        "model": "hydra.hydraswitch",
        "pk": 105,
        "fields": {
            "created": "2026-01-08T15:50:00Z",
            "modified": "2026-01-08T15:50:00Z",
            "name": "Output: SPC File",
            "executable": 1,
            "flag": "",
            "value": "{staging_dir}/Windows/{project_name}/Content/PipelineCaches/{project_name}_PCD3D_SM6.spc"
        }
    },
    {
        "model": "hydra.hydraswitch",
        "pk": 110,
        "fields": {
            "created": "2026-01-08T15:50:00Z",
            "modified": "2026-01-08T15:50:00Z",
            "name": "Archive Flag",
            "executable": 2,
            "flag": "-archive",
            "value": ""
        }
    },
    {
        "model": "hydra.hydraswitch",
        "pk": 111,
        "fields": {
            "created": "2026-01-08T15:50:00Z",
            "modified": "2026-01-08T15:50:00Z",
            "name": "Archive Dir",
            "executable": 2,
            "flag": "-archivedirectory=",
            "value": "{build_root}"
        }
    },
    {
        "model": "hydra.hydraswitch",
        "pk": 112,
        "fields": {
            "created": "2026-01-08T15:50:00Z",
            "modified": "2026-01-08T15:50:00Z",
            "name": "Unversioned Content",
            "executable": 2,
            "flag": "-unversionedcookedcontent",
            "value": ""
        }
    },
    {
        "model": "hydra.hydraswitch",
        "pk": 113,
        "fields": {
            "created": "2026-01-08T15:50:00Z",
            "modified": "2026-01-08T15:50:00Z",
            "name": "Zen Store",
            "executable": 2,
            "flag": "-zenstore",
            "value": ""
        }
    },
    {
        "model": "hydra.hydraswitch",
        "pk": 114,
        "fields": {
            "created": "2026-01-08T15:50:00Z",
            "modified": "2026-01-08T15:50:00Z",
            "name": "Compressed",
            "executable": 2,
            "flag": "-compressed",
            "value": ""
        }
    },
    {
        "model": "hydra.hydraspell",
        "pk": 1,
        "fields": {
            "created": "2026-01-01T00:00:00Z",
            "modified": "2026-01-01T00:00:00Z",
            "name": "Gatekeeper: Headless Unit Tests",
            "executable": 1,
            "order": 1,
            "active_switches": [
                1,
                2,
                3,
                4,
                5,
                6
            ]
        }
    },
    {
        "model": "hydra.hydraspell",
        "pk": 2,
        "fields": {
            "created": "2026-01-01T00:00:00Z",
            "modified": "2026-01-01T00:00:00Z",
            "name": "Staging: Build Game",
            "executable": 2,
            "order": 2,
            "active_switches": [
                10,
                11,
                12,
                13,
                14
            ]
        }
    },
    {
        "model": "hydra.hydraspell",
        "pk": 3,
        "fields": {
            "created": "2026-01-01T00:00:00Z",
            "modified": "2026-01-07T23:24:41.055Z",
            "name": "Staging: Record PSOs",
            "executable": 3,
            "order": 3,
            "active_switches": [
                20,
                21,
                23,
                24
            ]
        }
    },
    {
        "model": "hydra.hydraspell",
        "pk": 4,
        "fields": {
            "created": "2026-01-01T00:00:00Z",
            "modified": "2026-01-07T23:24:32.668Z",
            "name": "Staging: Smoke Test",
            "executable": 3,
            "order": 1,
            "active_switches": [
                21,
                26
            ]
        }
    },
    {
        "model": "hydra.hydraspell",
        "pk": 100,
        "fields": {
            "created": "2026-01-07T22:58:23.399Z",
            "modified": "2026-01-08T15:50:00Z",
            "name": "Compile PSO Cache",
            "executable": 1,
            "order": 10,
            "active_switches": [
                1,
                3,
                30,
                31,
                32,
                101,
                102,
                103,
                104,
                105
            ]
        }
    },
    {
        "model": "hydra.hydraspell",
        "pk": 110,
        "fields": {
            "created": "2026-01-08T15:50:00Z",
            "modified": "2026-01-08T15:50:00Z",
            "name": "UAT: Production Build",
            "executable": 2,
            "order": 20,
            "active_switches": [
                10,
                11,
                12,
                14,
                15,
                16,
                17,
                18,
                27,
                110,
                111,
                112,
                113,
                114
            ]
        }
    },
    {
        "model": "hydra.hydraoutcomeaction",
        "pk": 1,
        "fields": {
            "name": "Copy"
        }
    },
    {
        "model": "hydra.hydraoutcomeaction",
        "pk": 2,
        "fields": {
            "name": "Move"
        }
    },
    {
        "model": "hydra.hydraoutcomeaction",
        "pk": 3,
        "fields": {
            "name": "Validate Exists"
        }
    },
    {
        "model": "hydra.hydraoutcomeaction",
        "pk": 4,
        "fields": {
            "name": "Delete"
        }
    },
    {
        "model": "hydra.hydraspelloutcomeconfig",
        "pk": 100,
        "fields": {
            "created": "2026-01-07T22:58:23.399Z",
            "modified": "2026-01-07T22:58:23.404Z",
            "name": "Copy Generated SPC",
            "spell": 100,
            "action": 1,
            "source_path_template": "{staging_dir}/Windows/{project_name}/Content/PipelineCaches/{project_name}_PCD3D_SM6.spc",
            "dest_path_template": "{project_root}/Build/Windows/PipelineCaches/",
            "must_exist": true
        }
    },
    {
        "model": "hydra.hydraspellbook",
        "pk": "a7d8e9f0-1b2c-4d3e-5f6a-7b8c9d0e1f2a",
        "fields": {
            "created": "2026-01-01T00:00:00Z",
            "description": "The original 7_Manager.py workflow",
            "modified": "2026-01-01T00:00:00Z",
            "name": "Legacy Full Pipeline",
            "spells": [
                1,
                2,
                3
            ],
            "outcomes": []
        }
    },
    {
        "model": "hydra.hydraspellbook",
        "pk": "b8e9f0a1-2c3d-4e5f-6a7b-8c9d0e1f2b3c",
        "fields": {
            "created": "2026-01-01T00:00:00Z",
            "description": "Headless Test Only",
            "modified": "2026-01-01T00:00:00Z",
            "name": "Fast Validate",
            "spells": [
                1
            ],
            "outcomes": []
        }
    },
    {
        "model": "hydra.hydraspellbook",
        "pk": "c9f0a1b2-3d4e-5f6a-7b8c-9d0e1f2c3d4e",
        "fields": {
            "created": "2026-01-01T00:00:00Z",
            "description": "Build Staging -> Run Staging (Rec PSO)",
            "modified": "2026-01-07T23:26:02.609Z",
            "name": "Staging Build&Record",
            "spells": [
                2,
                3
            ],
            "outcomes": []
        }
    },
    {
        "model": "hydra.hydraspellbook",
        "pk": "d0e1f2a3-4b5c-6d7e-8f9a-0b1c2d3e4f5a",
        "fields": {
            "created": "2026-01-01T00:00:00Z",
            "description": "Run Staging Game (Smoke Test)",
            "modified": "2026-01-01T00:00:00Z",
            "name": "Staging Run Only",
            "spells": [
                4
            ],
            "outcomes": []
        }
    },
    {
        "model": "hydra.hydraspellbook",
        "pk": "e1f2a3b4-5c6d-7e8f-9a0b-1c2d3e4f5a6b",
        "fields": {
            "created": "2026-01-08T15:50:00Z",
            "modified": "2026-01-08T15:50:00Z",
            "name": "Build Shaders Only",
            "description": "Step 3 Standalone: Compiles PSO caches and copies .spc results.",
            "spells": [
                100
            ],
            "outcomes": []
        }
    },
    {
        "model": "hydra.hydraspellbook",
        "pk": "f2a3b4c5-6d7e-8f9a-0b1c-2d3e4f5a6b7c",
        "fields": {
            "created": "2026-01-08T16:00:00Z",
            "modified": "2026-01-08T16:00:00Z",
            "name": "Production Build Only",
            "description": "Step 4 Standalone: UAT BuildCookRun with Archive.",
            "spells": [
                110
            ],
            "outcomes": []
        }
    },
    {
        "model": "hydra.hydraspellbook",
        "pk": "007d8e9f-1b2c-4d3e-5f6a-7b8c9d0e1f2a",
        "fields": {
            "created": "2026-01-08T16:10:00Z",
            "modified": "2026-01-08T16:10:00Z",
            "name": "Release Candidate 1",
            "description": "Full Chain: Compile Shaders -> Production Build.",
            "spells": [
                100,
                110
            ],
            "outcomes": []
        }
    },
    {
        "model": "hydra.hydraspawnstatus",
        "pk": 1,
        "fields": {
            "name": "Created"
        }
    },
    {
        "model": "hydra.hydraspawnstatus",
        "pk": 2,
        "fields": {
            "name": "Pending"
        }
    },
    {
        "model": "hydra.hydraspawnstatus",
        "pk": 3,
        "fields": {
            "name": "Running"
        }
    },
    {
        "model": "hydra.hydraspawnstatus",
        "pk": 4,
        "fields": {
            "name": "Success"
        }
    },
    {
        "model": "hydra.hydraspawnstatus",
        "pk": 5,
        "fields": {
            "name": "Failed"
        }
    },
    {
        "model": "hydra.hydraheadstatus",
        "pk": 1,
        "fields": {
            "name": "Created"
        }
    },
    {
        "model": "hydra.hydraheadstatus",
        "pk": 2,
        "fields": {
            "name": "Pending"
        }
    },
    {
        "model": "hydra.hydraheadstatus",
        "pk": 3,
        "fields": {
            "name": "Running"
        }
    },
    {
        "model": "hydra.hydraheadstatus",
        "pk": 4,
        "fields": {
            "name": "Success"
        }
    },
    {
        "model": "hydra.hydraheadstatus",
        "pk": 5,
        "fields": {
            "name": "Failed"
        }
    },
    {
        "model": "hydra.hydraenvironment",
        "pk": 1,
        "fields": {
            "created": "2026-01-07T22:44:57.957Z",
            "modified": "2026-01-07T22:44:57.957Z",
            "name": "Auto-Env for Talos Default Environment",
            "project_environment": "2a898e21-b7f2-4442-94e4-f0acb87d57b6",
            "executables": []
        }
    }
]